bandwidth,threshold,ratio,recall,fn_count,fp_count
15,40,0.84,1.0,0,2
15,38,0.8,1.0,0,2
15,38,0.8200000000000001,1.0,0,2
15,38,0.84,1.0,0,2
10,46,0.88,1.0,0,2
10,42,0.86,1.0,0,2
10,40,0.84,1.0,0,2
10,40,0.86,1.0,0,2
10,38,0.8,1.0,0,2
10,38,0.8200000000000001,1.0,0,2
5,46,0.88,1.0,0,2
5,44,0.86,1.0,0,2
5,44,0.88,1.0,0,2
5,42,0.86,1.0,0,2
5,40,0.8200000000000001,1.0,0,2
5,40,0.84,1.0,0,2
5,40,0.86,1.0,0,2
5,38,0.8,1.0,0,2
5,38,0.8200000000000001,1.0,0,2
20,44,0.76,1.0,0,3
20,44,0.78,1.0,0,3
20,44,0.8,1.0,0,3
20,42,0.76,1.0,0,3
20,42,0.78,1.0,0,3
20,42,0.8,1.0,0,3
20,40,0.74,1.0,0,3
20,40,0.76,1.0,0,3
20,40,0.78,1.0,0,3
20,38,0.72,1.0,0,3
20,38,0.74,1.0,0,3
15,46,0.8200000000000001,1.0,0,3
15,46,0.84,1.0,0,3
15,46,0.86,1.0,0,3
15,44,0.8,1.0,0,3
15,44,0.8200000000000001,1.0,0,3
15,44,0.84,1.0,0,3
15,44,0.86,1.0,0,3
15,42,0.78,1.0,0,3
15,42,0.8,1.0,0,3
15,42,0.8200000000000001,1.0,0,3
15,42,0.84,1.0,0,3
15,40,0.74,1.0,0,3
15,40,0.76,1.0,0,3
15,40,0.78,1.0,0,3
15,40,0.8,1.0,0,3
15,40,0.8200000000000001,1.0,0,3
15,38,0.72,1.0,0,3
15,38,0.74,1.0,0,3
15,38,0.76,1.0,0,3
15,38,0.78,1.0,0,3
15,36,0.72,1.0,0,3
10,48,0.86,1.0,0,3
10,48,0.88,1.0,0,3
10,46,0.86,1.0,0,3
10,44,0.84,1.0,0,3
10,44,0.86,1.0,0,3
10,42,0.8200000000000001,1.0,0,3
10,42,0.84,1.0,0,3
10,40,0.78,1.0,0,3
10,40,0.8,1.0,0,3
10,40,0.8200000000000001,1.0,0,3
10,38,0.74,1.0,0,3
10,38,0.76,1.0,0,3
10,38,0.78,1.0,0,3
10,36,0.72,1.0,0,3
5,48,0.88,1.0,0,3
5,42,0.84,1.0,0,3
5,40,0.8,1.0,0,3
5,38,0.78,1.0,0,3
25,42,0.72,1.0,0,4
20,48,0.8,1.0,0,4
20,46,0.78,1.0,0,4
20,46,0.8,1.0,0,4
20,42,0.74,1.0,0,4
20,40,0.7000000000000001,1.0,0,4
20,40,0.72,1.0,0,4
20,38,0.68,1.0,0,4
20,38,0.7000000000000001,1.0,0,4
15,56,0.88,1.0,0,4
15,54,0.86,1.0,0,4
15,54,0.88,1.0,0,4
15,52,0.84,1.0,0,4
15,52,0.86,1.0,0,4
15,52,0.88,1.0,0,4
15,50,0.84,1.0,0,4
15,50,0.86,1.0,0,4
15,48,0.8200000000000001,1.0,0,4
15,48,0.84,1.0,0,4
15,48,0.86,1.0,0,4
15,46,0.8,1.0,0,4
15,44,0.76,1.0,0,4
15,44,0.78,1.0,0,4
15,42,0.76,1.0,0,4
15,36,0.68,1.0,0,4
15,36,0.7000000000000001,1.0,0,4
10,52,0.88,1.0,0,4
10,50,0.88,1.0,0,4
10,46,0.8,1.0,0,4
10,46,0.8200000000000001,1.0,0,4
10,46,0.84,1.0,0,4
10,44,0.76,1.0,0,4
10,44,0.78,1.0,0,4
10,44,0.8,1.0,0,4
10,44,0.8200000000000001,1.0,0,4
10,42,0.74,1.0,0,4
10,42,0.76,1.0,0,4
10,42,0.78,1.0,0,4
10,42,0.8,1.0,0,4
10,40,0.74,1.0,0,4
10,40,0.76,1.0,0,4
10,38,0.72,1.0,0,4
10,36,0.7000000000000001,1.0,0,4
5,60,0.92,1.0,0,4
5,54,0.9,1.0,0,4
5,50,0.88,1.0,0,4
5,48,0.84,1.0,0,4
5,48,0.86,1.0,0,4
5,46,0.78,1.0,0,4
5,46,0.8,1.0,0,4
5,46,0.8200000000000001,1.0,0,4
5,46,0.84,1.0,0,4
5,46,0.86,1.0,0,4
5,44,0.76,1.0,0,4
5,44,0.78,1.0,0,4
5,44,0.8,1.0,0,4
5,44,0.8200000000000001,1.0,0,4
5,44,0.84,1.0,0,4
5,42,0.74,1.0,0,4
5,42,0.76,1.0,0,4
5,42,0.78,1.0,0,4
5,42,0.8,1.0,0,4
5,42,0.8200000000000001,1.0,0,4
5,40,0.72,1.0,0,4
5,40,0.74,1.0,0,4
5,40,0.76,1.0,0,4
5,40,0.78,1.0,0,4
5,38,0.72,1.0,0,4
5,38,0.74,1.0,0,4
5,38,0.76,1.0,0,4
25,42,0.7000000000000001,1.0,0,5
20,50,0.8,1.0,0,5
20,48,0.78,1.0,0,5
20,42,0.72,1.0,0,5
15,60,0.88,1.0,0,5
15,58,0.88,1.0,0,5
15,56,0.86,1.0,0,5
15,50,0.8200000000000001,1.0,0,5
15,48,0.8,1.0,0,5
15,46,0.78,1.0,0,5
15,44,0.74,1.0,0,5
15,42,0.72,1.0,0,5
15,42,0.74,1.0,0,5
15,40,0.7000000000000001,1.0,0,5
15,40,0.72,1.0,0,5
15,38,0.68,1.0,0,5
15,38,0.7000000000000001,1.0,0,5
10,60,0.9,1.0,0,5
10,58,0.9,1.0,0,5
10,56,0.88,1.0,0,5
10,54,0.86,1.0,0,5
10,54,0.88,1.0,0,5
10,52,0.84,1.0,0,5
10,52,0.86,1.0,0,5
10,50,0.8200000000000001,1.0,0,5
10,50,0.84,1.0,0,5
10,50,0.86,1.0,0,5
10,48,0.8,1.0,0,5
10,48,0.8200000000000001,1.0,0,5
10,48,0.84,1.0,0,5
10,46,0.78,1.0,0,5
10,44,0.74,1.0,0,5
10,40,0.72,1.0,0,5
10,38,0.68,1.0,0,5
10,38,0.7000000000000001,1.0,0,5
10,36,0.68,1.0,0,5
5,64,0.92,1.0,0,5
5,62,0.92,1.0,0,5
5,60,0.9,1.0,0,5
5,58,0.88,1.0,0,5
5,58,0.9,1.0,0,5
5,56,0.88,1.0,0,5
5,56,0.9,1.0,0,5
5,54,0.86,1.0,0,5
5,54,0.88,1.0,0,5
5,52,0.84,1.0,0,5
5,52,0.86,1.0,0,5
5,52,0.88,1.0,0,5
5,50,0.8200000000000001,1.0,0,5
5,50,0.84,1.0,0,5
5,50,0.86,1.0,0,5
5,48,0.8,1.0,0,5
5,48,0.8200000000000001,1.0,0,5
5,44,0.74,1.0,0,5
5,38,0.68,1.0,0,5
5,38,0.7000000000000001,1.0,0,5
5,36,0.68,1.0,0,5
5,36,0.7000000000000001,1.0,0,5
25,44,0.72,1.0,0,6
25,40,0.68,1.0,0,6
20,52,0.8,1.0,0,6
20,50,0.78,1.0,0,6
20,46,0.76,1.0,0,6
20,44,0.74,1.0,0,6
20,42,0.7000000000000001,1.0,0,6
15,66,0.9,1.0,0,6
15,64,0.88,1.0,0,6
15,64,0.9,1.0,0,6
15,62,0.88,1.0,0,6
15,58,0.86,1.0,0,6
15,56,0.84,1.0,0,6
15,54,0.8,1.0,0,6
15,54,0.8200000000000001,1.0,0,6
15,54,0.84,1.0,0,6
15,52,0.78,1.0,0,6
15,52,0.8,1.0,0,6
15,52,0.8200000000000001,1.0,0,6
15,50,0.78,1.0,0,6
15,50,0.8,1.0,0,6
15,48,0.76,1.0,0,6
15,48,0.78,1.0,0,6
15,46,0.76,1.0,0,6
15,42,0.7000000000000001,1.0,0,6
10,62,0.9,1.0,0,6
10,60,0.88,1.0,0,6
10,58,0.86,1.0,0,6
10,58,0.88,1.0,0,6
10,56,0.8200000000000001,1.0,0,6
10,56,0.84,1.0,0,6
10,56,0.86,1.0,0,6
10,54,0.8,1.0,0,6
10,54,0.8200000000000001,1.0,0,6
10,54,0.84,1.0,0,6
10,52,0.78,1.0,0,6
10,52,0.8,1.0,0,6
10,52,0.8200000000000001,1.0,0,6
10,50,0.78,1.0,0,6
10,50,0.8,1.0,0,6
10,48,0.76,1.0,0,6
10,48,0.78,1.0,0,6
10,46,0.76,1.0,0,6
10,44,0.72,1.0,0,6
10,42,0.7000000000000001,1.0,0,6
10,42,0.72,1.0,0,6
10,40,0.7000000000000001,1.0,0,6
5,66,0.92,1.0,0,6
5,64,0.9,1.0,0,6
5,62,0.88,1.0,0,6
5,62,0.9,1.0,0,6
5,60,0.86,1.0,0,6
5,60,0.88,1.0,0,6
5,58,0.86,1.0,0,6
5,56,0.8200000000000001,1.0,0,6
5,56,0.84,1.0,0,6
5,56,0.86,1.0,0,6
5,54,0.8,1.0,0,6
5,54,0.8200000000000001,1.0,0,6
5,54,0.84,1.0,0,6
5,52,0.8,1.0,0,6
5,52,0.8200000000000001,1.0,0,6
5,50,0.78,1.0,0,6
5,50,0.8,1.0,0,6
5,48,0.78,1.0,0,6
5,46,0.76,1.0,0,6
5,44,0.7000000000000001,1.0,0,6
5,44,0.72,1.0,0,6
5,42,0.7000000000000001,1.0,0,6
5,42,0.72,1.0,0,6
5,40,0.7000000000000001,1.0,0,6
25,48,0.7000000000000001,1.0,0,7
25,48,0.72,1.0,0,7
25,46,0.7000000000000001,1.0,0,7
25,46,0.72,1.0,0,7
25,44,0.7000000000000001,1.0,0,7
20,54,0.8,1.0,0,7
20,52,0.78,1.0,0,7
20,50,0.74,1.0,0,7
20,50,0.76,1.0,0,7
20,48,0.7000000000000001,1.0,0,7
20,48,0.72,1.0,0,7
20,48,0.74,1.0,0,7
20,48,0.76,1.0,0,7
20,46,0.7000000000000001,1.0,0,7
20,46,0.72,1.0,0,7
20,46,0.74,1.0,0,7
20,44,0.7000000000000001,1.0,0,7
20,44,0.72,1.0,0,7
20,40,0.68,1.0,0,7
20,36,0.64,1.0,0,7
15,68,0.9,1.0,0,7
15,60,0.86,1.0,0,7
15,56,0.8200000000000001,1.0,0,7
15,52,0.76,1.0,0,7
15,50,0.72,1.0,0,7
15,50,0.74,1.0,0,7
15,50,0.76,1.0,0,7
15,48,0.7000000000000001,1.0,0,7
15,48,0.72,1.0,0,7
15,48,0.74,1.0,0,7
15,46,0.7000000000000001,1.0,0,7
15,46,0.72,1.0,0,7
15,46,0.74,1.0,0,7
15,44,0.7000000000000001,1.0,0,7
15,44,0.72,1.0,0,7
15,40,0.68,1.0,0,7
15,36,0.66,1.0,0,7
10,66,0.9,1.0,0,7
10,66,0.92,1.0,0,7
10,64,0.88,1.0,0,7
10,64,0.9,1.0,0,7
10,62,0.88,1.0,0,7
10,60,0.86,1.0,0,7
10,58,0.84,1.0,0,7
10,52,0.76,1.0,0,7
10,50,0.72,1.0,0,7
10,50,0.74,1.0,0,7
10,50,0.76,1.0,0,7
10,48,0.7000000000000001,1.0,0,7
10,48,0.72,1.0,0,7
10,48,0.74,1.0,0,7
10,46,0.7000000000000001,1.0,0,7
10,46,0.72,1.0,0,7
10,46,0.74,1.0,0,7
10,44,0.7000000000000001,1.0,0,7
10,42,0.68,1.0,0,7
10,40,0.68,1.0,0,7
10,36,0.66,1.0,0,7
5,68,0.92,1.0,0,7
5,64,0.88,1.0,0,7
5,62,0.86,1.0,0,7
5,60,0.84,1.0,0,7
5,58,0.8200000000000001,1.0,0,7
5,58,0.84,1.0,0,7
5,52,0.76,1.0,0,7
5,52,0.78,1.0,0,7
5,50,0.72,1.0,0,7
5,50,0.74,1.0,0,7
5,50,0.76,1.0,0,7
5,48,0.7000000000000001,1.0,0,7
5,48,0.72,1.0,0,7
5,48,0.74,1.0,0,7
5,48,0.76,1.0,0,7
5,46,0.7000000000000001,1.0,0,7
5,46,0.72,1.0,0,7
5,46,0.74,1.0,0,7
5,42,0.68,1.0,0,7
5,40,0.68,1.0,0,7
5,36,0.66,1.0,0,7
25,50,0.72,1.0,0,8
25,40,0.62,1.0,0,8
25,40,0.64,1.0,0,8
25,40,0.66,1.0,0,8
25,38,0.62,1.0,0,8
20,52,0.76,1.0,0,8
20,50,0.72,1.0,0,8
20,42,0.68,1.0,0,8
20,40,0.62,1.0,0,8
20,40,0.64,1.0,0,8
20,40,0.66,1.0,0,8
20,38,0.6,1.0,0,8
20,38,0.62,1.0,0,8
20,38,0.64,1.0,0,8
20,38,0.66,1.0,0,8
20,36,0.6,1.0,0,8
20,36,0.62,1.0,0,8
15,70,0.9,1.0,0,8
15,62,0.84,1.0,0,8
15,62,0.86,1.0,0,8
15,60,0.84,1.0,0,8
15,58,0.8200000000000001,1.0,0,8
15,58,0.84,1.0,0,8
15,42,0.68,1.0,0,8
15,40,0.62,1.0,0,8
15,40,0.64,1.0,0,8
15,40,0.66,1.0,0,8
15,38,0.6,1.0,0,8
15,38,0.62,1.0,0,8
15,38,0.64,1.0,0,8
15,38,0.66,1.0,0,8
15,36,0.58,1.0,0,8
15,36,0.6,1.0,0,8
15,36,0.62,1.0,0,8
15,36,0.64,1.0,0,8
15,34,0.58,1.0,0,8
15,34,0.6,1.0,0,8
10,70,0.92,1.0,0,8
10,68,0.9,1.0,0,8
10,68,0.92,1.0,0,8
10,62,0.84,1.0,0,8
10,62,0.86,1.0,0,8
10,60,0.84,1.0,0,8
10,58,0.8200000000000001,1.0,0,8
10,56,0.8,1.0,0,8
10,54,0.78,1.0,0,8
10,52,0.74,1.0,0,8
10,50,0.7000000000000001,1.0,0,8
10,42,0.66,1.0,0,8
10,40,0.64,1.0,0,8
10,40,0.66,1.0,0,8
10,38,0.62,1.0,0,8
10,38,0.64,1.0,0,8
10,38,0.66,1.0,0,8
10,36,0.58,1.0,0,8
10,36,0.6,1.0,0,8
10,36,0.62,1.0,0,8
10,36,0.64,1.0,0,8
10,34,0.56,1.0,0,8
10,34,0.58,1.0,0,8
10,34,0.6,1.0,0,8
5,70,0.9,1.0,0,8
5,70,0.92,1.0,0,8
5,68,0.9,1.0,0,8
5,66,0.9,1.0,0,8
5,62,0.84,1.0,0,8
5,56,0.78,1.0,0,8
5,56,0.8,1.0,0,8
5,54,0.76,1.0,0,8
5,54,0.78,1.0,0,8
5,52,0.74,1.0,0,8
5,50,0.7000000000000001,1.0,0,8
5,44,0.68,1.0,0,8
5,42,0.66,1.0,0,8
5,40,0.64,1.0,0,8
5,40,0.66,1.0,0,8
5,38,0.62,1.0,0,8
5,38,0.64,1.0,0,8
5,38,0.66,1.0,0,8
5,36,0.6,1.0,0,8
5,36,0.62,1.0,0,8
5,36,0.64,1.0,0,8
5,34,0.56,1.0,0,8
5,34,0.58,1.0,0,8
25,46,0.66,1.0,0,9
25,46,0.68,1.0,0,9
25,44,0.64,1.0,0,9
25,44,0.66,1.0,0,9
25,44,0.68,1.0,0,9
25,42,0.64,1.0,0,9
25,42,0.66,1.0,0,9
25,42,0.68,1.0,0,9
25,38,0.54,1.0,0,9
25,38,0.56,1.0,0,9
25,38,0.58,1.0,0,9
25,38,0.6,1.0,0,9
25,36,0.52,1.0,0,9
20,58,0.8,1.0,0,9
20,56,0.78,1.0,0,9
20,56,0.8,1.0,0,9
20,54,0.76,1.0,0,9
20,54,0.78,1.0,0,9
20,52,0.74,1.0,0,9
20,48,0.68,1.0,0,9
20,46,0.66,1.0,0,9
20,46,0.68,1.0,0,9
20,44,0.64,1.0,0,9
20,44,0.66,1.0,0,9
20,44,0.68,1.0,0,9
20,42,0.62,1.0,0,9
20,42,0.64,1.0,0,9
20,42,0.66,1.0,0,9
20,40,0.6,1.0,0,9
20,38,0.56,1.0,0,9
20,38,0.58,1.0,0,9
20,36,0.54,1.0,0,9
20,36,0.56,1.0,0,9
20,36,0.58,1.0,0,9
20,34,0.52,1.0,0,9
20,34,0.54,1.0,0,9
20,34,0.56,1.0,0,9
20,32,0.48,1.0,0,9
20,32,0.5,1.0,0,9
15,76,0.9,1.0,0,9
15,74,0.9,1.0,0,9
15,72,0.9,1.0,0,9
15,66,0.86,1.0,0,9
15,66,0.88,1.0,0,9
15,64,0.86,1.0,0,9
15,60,0.8200000000000001,1.0,0,9
15,58,0.8,1.0,0,9
15,56,0.78,1.0,0,9
15,56,0.8,1.0,0,9
15,54,0.76,1.0,0,9
15,54,0.78,1.0,0,9
15,52,0.74,1.0,0,9
15,48,0.68,1.0,0,9
15,46,0.68,1.0,0,9
15,44,0.66,1.0,0,9
15,44,0.68,1.0,0,9
15,42,0.64,1.0,0,9
15,42,0.66,1.0,0,9
15,40,0.6,1.0,0,9
15,38,0.58,1.0,0,9
15,36,0.56,1.0,0,9
15,34,0.54,1.0,0,9
15,34,0.56,1.0,0,9
15,32,0.5,1.0,0,9
15,32,0.52,1.0,0,9
10,82,0.92,1.0,0,9
10,80,0.92,1.0,0,9
10,78,0.9,1.0,0,9
10,78,0.92,1.0,0,9
10,76,0.9,1.0,0,9
10,76,0.92,1.0,0,9
10,74,0.9,1.0,0,9
10,74,0.92,1.0,0,9
10,72,0.9,1.0,0,9
10,72,0.92,1.0,0,9
10,70,0.9,1.0,0,9
10,68,0.88,1.0,0,9
10,66,0.86,1.0,0,9
10,66,0.88,1.0,0,9
10,64,0.84,1.0,0,9
10,64,0.86,1.0,0,9
10,60,0.8200000000000001,1.0,0,9
10,58,0.78,1.0,0,9
10,58,0.8,1.0,0,9
10,56,0.78,1.0,0,9
10,54,0.76,1.0,0,9
10,52,0.72,1.0,0,9
10,46,0.68,1.0,0,9
10,44,0.68,1.0,0,9
10,40,0.58,1.0,0,9
10,40,0.6,1.0,0,9
10,40,0.62,1.0,0,9
10,38,0.58,1.0,0,9
10,38,0.6,1.0,0,9
10,36,0.56,1.0,0,9
10,32,0.52,1.0,0,9
5,80,0.92,1.0,0,9
5,78,0.9,1.0,0,9
5,78,0.92,1.0,0,9
5,76,0.9,1.0,0,9
5,76,0.92,1.0,0,9
5,74,0.9,1.0,0,9
5,74,0.92,1.0,0,9
5,72,0.9,1.0,0,9
5,72,0.92,1.0,0,9
5,68,0.88,1.0,0,9
5,66,0.86,1.0,0,9
5,66,0.88,1.0,0,9
5,64,0.84,1.0,0,9
5,64,0.86,1.0,0,9
5,60,0.8200000000000001,1.0,0,9
5,58,0.78,1.0,0,9
5,58,0.8,1.0,0,9
5,54,0.74,1.0,0,9
5,52,0.72,1.0,0,9
5,46,0.68,1.0,0,9
5,42,0.64,1.0,0,9
5,40,0.56,1.0,0,9
5,40,0.58,1.0,0,9
5,40,0.6,1.0,0,9
5,40,0.62,1.0,0,9
5,38,0.54,1.0,0,9
5,38,0.56,1.0,0,9
5,38,0.58,1.0,0,9
5,38,0.6,1.0,0,9
5,36,0.54,1.0,0,9
5,36,0.56,1.0,0,9
5,36,0.58,1.0,0,9
5,34,0.52,1.0,0,9
5,34,0.54,1.0,0,9
5,32,0.52,1.0,0,9
25,54,0.72,1.0,0,10
25,52,0.7000000000000001,1.0,0,10
25,52,0.72,1.0,0,10
25,50,0.7000000000000001,1.0,0,10
25,48,0.68,1.0,0,10
25,44,0.62,1.0,0,10
25,42,0.6,1.0,0,10
25,42,0.62,1.0,0,10
25,40,0.58,1.0,0,10
25,40,0.6,1.0,0,10
25,36,0.5,1.0,0,10
20,60,0.8,1.0,0,10
20,58,0.78,1.0,0,10
20,56,0.76,1.0,0,10
20,54,0.72,1.0,0,10
20,54,0.74,1.0,0,10
20,52,0.7000000000000001,1.0,0,10
20,52,0.72,1.0,0,10
20,50,0.7000000000000001,1.0,0,10
20,46,0.64,1.0,0,10
20,44,0.62,1.0,0,10
20,38,0.54,1.0,0,10
20,36,0.5,1.0,0,10
20,36,0.52,1.0,0,10
20,34,0.48,1.0,0,10
20,34,0.5,1.0,0,10
20,32,0.46,1.0,0,10
15,82,0.9,1.0,0,10
15,80,0.9,1.0,0,10
15,78,0.9,1.0,0,10
15,72,0.88,1.0,0,10
15,70,0.88,1.0,0,10
15,68,0.86,1.0,0,10
15,68,0.88,1.0,0,10
15,64,0.8200000000000001,1.0,0,10
15,64,0.84,1.0,0,10
15,62,0.8200000000000001,1.0,0,10
15,60,0.8,1.0,0,10
15,58,0.78,1.0,0,10
15,56,0.76,1.0,0,10
15,54,0.72,1.0,0,10
15,54,0.74,1.0,0,10
15,52,0.7000000000000001,1.0,0,10
15,52,0.72,1.0,0,10
15,50,0.7000000000000001,1.0,0,10
15,46,0.66,1.0,0,10
15,44,0.62,1.0,0,10
15,44,0.64,1.0,0,10
15,42,0.6,1.0,0,10
15,42,0.62,1.0,0,10
15,38,0.54,1.0,0,10
15,38,0.56,1.0,0,10
15,36,0.5,1.0,0,10
15,36,0.52,1.0,0,10
15,36,0.54,1.0,0,10
15,34,0.48,1.0,0,10
15,34,0.5,1.0,0,10
15,34,0.52,1.0,0,10
15,32,0.46,1.0,0,10
15,32,0.48,1.0,0,10
15,30,0.42,1.0,0,10
10,86,0.92,1.0,0,10
10,84,0.9,1.0,0,10
10,84,0.92,1.0,0,10
10,82,0.9,1.0,0,10
10,80,0.9,1.0,0,10
10,74,0.88,1.0,0,10
10,72,0.88,1.0,0,10
10,70,0.88,1.0,0,10
10,68,0.86,1.0,0,10
10,64,0.8200000000000001,1.0,0,10
10,62,0.8200000000000001,1.0,0,10
10,60,0.8,1.0,0,10
10,56,0.76,1.0,0,10
10,54,0.72,1.0,0,10
10,54,0.74,1.0,0,10
10,48,0.68,1.0,0,10
10,46,0.64,1.0,0,10
10,46,0.66,1.0,0,10
10,44,0.62,1.0,0,10
10,44,0.64,1.0,0,10
10,44,0.66,1.0,0,10
10,42,0.6,1.0,0,10
10,42,0.62,1.0,0,10
10,42,0.64,1.0,0,10
10,38,0.54,1.0,0,10
10,38,0.56,1.0,0,10
10,36,0.5,1.0,0,10
10,36,0.52,1.0,0,10
10,36,0.54,1.0,0,10
10,34,0.48,1.0,0,10
10,34,0.5,1.0,0,10
10,34,0.52,1.0,0,10
10,34,0.54,1.0,0,10
10,32,0.46,1.0,0,10
10,32,0.48,1.0,0,10
10,32,0.5,1.0,0,10
5,88,0.92,1.0,0,10
5,86,0.92,1.0,0,10
5,84,0.9,1.0,0,10
5,84,0.92,1.0,0,10
5,82,0.9,1.0,0,10
5,82,0.92,1.0,0,10
5,80,0.9,1.0,0,10
5,74,0.88,1.0,0,10
5,72,0.88,1.0,0,10
5,70,0.86,1.0,0,10
5,70,0.88,1.0,0,10
5,68,0.86,1.0,0,10
5,66,0.84,1.0,0,10
5,64,0.8200000000000001,1.0,0,10
5,62,0.8200000000000001,1.0,0,10
5,60,0.8,1.0,0,10
5,56,0.76,1.0,0,10
5,54,0.72,1.0,0,10
5,52,0.7000000000000001,1.0,0,10
5,48,0.68,1.0,0,10
5,46,0.64,1.0,0,10
5,46,0.66,1.0,0,10
5,44,0.62,1.0,0,10
5,44,0.64,1.0,0,10
5,44,0.66,1.0,0,10
5,42,0.6,1.0,0,10
5,42,0.62,1.0,0,10
5,38,0.52,1.0,0,10
5,36,0.48,1.0,0,10
5,36,0.5,1.0,0,10
5,36,0.52,1.0,0,10
5,34,0.48,1.0,0,10
5,34,0.5,1.0,0,10
5,32,0.46,1.0,0,10
5,32,0.48,1.0,0,10
5,32,0.5,1.0,0,10
25,56,0.72,1.0,0,11
25,48,0.66,1.0,0,11
25,46,0.64,1.0,0,11
25,42,0.58,1.0,0,11
25,40,0.56,1.0,0,11
25,38,0.52,1.0,0,11
25,36,0.48,1.0,0,11
25,34,0.42,1.0,0,11
25,34,0.44,1.0,0,11
25,34,0.46,1.0,0,11
25,32,0.4,1.0,0,11
20,62,0.8,1.0,0,11
20,60,0.76,1.0,0,11
20,60,0.78,1.0,0,11
20,58,0.74,1.0,0,11
20,58,0.76,1.0,0,11
20,56,0.72,1.0,0,11
20,56,0.74,1.0,0,11
20,48,0.66,1.0,0,11
20,42,0.6,1.0,0,11
20,40,0.56,1.0,0,11
20,40,0.58,1.0,0,11
20,38,0.52,1.0,0,11
20,36,0.48,1.0,0,11
20,34,0.44,1.0,0,11
20,34,0.46,1.0,0,11
20,32,0.4,1.0,0,11
20,32,0.42,1.0,0,11
20,32,0.44,1.0,0,11
20,30,0.38,1.0,0,11
15,90,0.92,1.0,0,11
15,86,0.9,1.0,0,11
15,84,0.9,1.0,0,11
15,80,0.88,1.0,0,11
15,78,0.88,1.0,0,11
15,76,0.88,1.0,0,11
15,74,0.86,1.0,0,11
15,74,0.88,1.0,0,11
15,72,0.86,1.0,0,11
15,70,0.86,1.0,0,11
15,68,0.84,1.0,0,11
15,66,0.84,1.0,0,11
15,62,0.78,1.0,0,11
15,62,0.8,1.0,0,11
15,60,0.74,1.0,0,11
15,60,0.76,1.0,0,11
15,60,0.78,1.0,0,11
15,58,0.74,1.0,0,11
15,58,0.76,1.0,0,11
15,56,0.72,1.0,0,11
15,56,0.74,1.0,0,11
15,46,0.64,1.0,0,11
15,40,0.56,1.0,0,11
15,40,0.58,1.0,0,11
15,38,0.52,1.0,0,11
15,34,0.46,1.0,0,11
15,32,0.4,1.0,0,11
15,32,0.42,1.0,0,11
15,32,0.44,1.0,0,11
15,30,0.38,1.0,0,11
15,30,0.4,1.0,0,11
10,90,0.92,1.0,0,11
10,88,0.92,1.0,0,11
10,86,0.9,1.0,0,11
10,80,0.88,1.0,0,11
10,78,0.88,1.0,0,11
10,76,0.88,1.0,0,11
10,74,0.86,1.0,0,11
10,72,0.86,1.0,0,11
10,70,0.86,1.0,0,11
10,68,0.84,1.0,0,11
10,66,0.84,1.0,0,11
10,62,0.78,1.0,0,11
10,62,0.8,1.0,0,11
10,60,0.74,1.0,0,11
10,60,0.76,1.0,0,11
10,60,0.78,1.0,0,11
10,58,0.74,1.0,0,11
10,58,0.76,1.0,0,11
10,56,0.74,1.0,0,11
10,52,0.7000000000000001,1.0,0,11
10,48,0.66,1.0,0,11
10,44,0.6,1.0,0,11
10,42,0.58,1.0,0,11
10,40,0.56,1.0,0,11
10,38,0.52,1.0,0,11
10,34,0.46,1.0,0,11
10,32,0.4,1.0,0,11
10,32,0.42,1.0,0,11
10,32,0.44,1.0,0,11
10,30,0.38,1.0,0,11
10,30,0.4,1.0,0,11
5,90,0.92,1.0,0,11
5,86,0.9,1.0,0,11
5,80,0.88,1.0,0,11
5,78,0.88,1.0,0,11
5,76,0.88,1.0,0,11
5,74,0.86,1.0,0,11
5,72,0.86,1.0,0,11
5,68,0.84,1.0,0,11
5,64,0.8,1.0,0,11
5,62,0.76,1.0,0,11
5,62,0.78,1.0,0,11
5,62,0.8,1.0,0,11
5,60,0.74,1.0,0,11
5,60,0.76,1.0,0,11
5,60,0.78,1.0,0,11
5,58,0.74,1.0,0,11
5,58,0.76,1.0,0,11
5,56,0.74,1.0,0,11
5,48,0.66,1.0,0,11
5,44,0.6,1.0,0,11
5,42,0.58,1.0,0,11
5,34,0.44,1.0,0,11
5,34,0.46,1.0,0,11
5,32,0.38,1.0,0,11
5,32,0.4,1.0,0,11
5,32,0.42,1.0,0,11
5,32,0.44,1.0,0,11
5,30,0.38,1.0,0,11
5,30,0.4,1.0,0,11
25,58,0.72,1.0,0,12
25,56,0.7000000000000001,1.0,0,12
25,54,0.7000000000000001,1.0,0,12
25,50,0.68,1.0,0,12
25,44,0.6,1.0,0,12
25,40,0.52,1.0,0,12
25,40,0.54,1.0,0,12
20,70,0.8,1.0,0,12
20,68,0.78,1.0,0,12
20,68,0.8,1.0,0,12
20,66,0.76,1.0,0,12
20,66,0.78,1.0,0,12
20,66,0.8,1.0,0,12
20,64,0.74,1.0,0,12
20,64,0.76,1.0,0,12
20,64,0.78,1.0,0,12
20,64,0.8,1.0,0,12
20,62,0.74,1.0,0,12
20,62,0.76,1.0,0,12
20,62,0.78,1.0,0,12
20,60,0.74,1.0,0,12
20,58,0.72,1.0,0,12
20,56,0.7000000000000001,1.0,0,12
20,54,0.7000000000000001,1.0,0,12
20,50,0.68,1.0,0,12
20,42,0.58,1.0,0,12
20,40,0.54,1.0,0,12
20,34,0.42,1.0,0,12
20,32,0.38,1.0,0,12
15,94,0.92,1.0,0,12
15,92,0.92,1.0,0,12
15,88,0.9,1.0,0,12
15,78,0.86,1.0,0,12
15,76,0.86,1.0,0,12
15,74,0.84,1.0,0,12
15,72,0.8200000000000001,1.0,0,12
15,72,0.84,1.0,0,12
15,70,0.8,1.0,0,12
15,70,0.8200000000000001,1.0,0,12
15,70,0.84,1.0,0,12
15,68,0.78,1.0,0,12
15,68,0.8,1.0,0,12
15,68,0.8200000000000001,1.0,0,12
15,66,0.76,1.0,0,12
15,66,0.78,1.0,0,12
15,66,0.8,1.0,0,12
15,66,0.8200000000000001,1.0,0,12
15,64,0.74,1.0,0,12
15,64,0.76,1.0,0,12
15,64,0.78,1.0,0,12
15,64,0.8,1.0,0,12
15,62,0.74,1.0,0,12
15,62,0.76,1.0,0,12
15,58,0.72,1.0,0,12
15,48,0.66,1.0,0,12
15,46,0.62,1.0,0,12
15,44,0.6,1.0,0,12
15,42,0.58,1.0,0,12
15,36,0.48,1.0,0,12
15,34,0.42,1.0,0,12
15,34,0.44,1.0,0,12
15,32,0.38,1.0,0,12
15,30,0.36,1.0,0,12
10,94,0.92,1.0,0,12
10,92,0.92,1.0,0,12
10,88,0.9,1.0,0,12
10,78,0.86,1.0,0,12
10,76,0.86,1.0,0,12
10,74,0.84,1.0,0,12
10,72,0.8200000000000001,1.0,0,12
10,72,0.84,1.0,0,12
10,70,0.8,1.0,0,12
10,70,0.8200000000000001,1.0,0,12
10,70,0.84,1.0,0,12
10,68,0.78,1.0,0,12
10,68,0.8,1.0,0,12
10,68,0.8200000000000001,1.0,0,12
10,66,0.76,1.0,0,12
10,66,0.78,1.0,0,12
10,66,0.8,1.0,0,12
10,66,0.8200000000000001,1.0,0,12
10,64,0.76,1.0,0,12
10,64,0.78,1.0,0,12
10,64,0.8,1.0,0,12
10,62,0.74,1.0,0,12
10,62,0.76,1.0,0,12
10,56,0.72,1.0,0,12
10,46,0.62,1.0,0,12
10,38,0.5,1.0,0,12
10,36,0.48,1.0,0,12
10,34,0.42,1.0,0,12
10,34,0.44,1.0,0,12
10,32,0.38,1.0,0,12
10,30,0.34,1.0,0,12
10,30,0.36,1.0,0,12
5,94,0.92,1.0,0,12
5,92,0.92,1.0,0,12
5,88,0.9,1.0,0,12
5,78,0.86,1.0,0,12
5,76,0.84,1.0,0,12
5,76,0.86,1.0,0,12
5,74,0.8200000000000001,1.0,0,12
5,74,0.84,1.0,0,12
5,72,0.8200000000000001,1.0,0,12
5,72,0.84,1.0,0,12
5,70,0.8,1.0,0,12
5,70,0.8200000000000001,1.0,0,12
5,70,0.84,1.0,0,12
5,68,0.78,1.0,0,12
5,68,0.8,1.0,0,12
5,68,0.8200000000000001,1.0,0,12
5,66,0.76,1.0,0,12
5,66,0.78,1.0,0,12
5,66,0.8,1.0,0,12
5,66,0.8200000000000001,1.0,0,12
5,64,0.76,1.0,0,12
5,64,0.78,1.0,0,12
5,56,0.72,1.0,0,12
5,50,0.68,1.0,0,12
5,48,0.64,1.0,0,12
5,46,0.62,1.0,0,12
5,42,0.56,1.0,0,12
5,40,0.54,1.0,0,12
5,38,0.5,1.0,0,12
5,34,0.42,1.0,0,12
5,30,0.32,1.0,0,12
5,30,0.34,1.0,0,12
5,30,0.36,1.0,0,12
25,60,0.72,1.0,0,13
25,50,0.66,1.0,0,13
25,46,0.62,1.0,0,13
25,42,0.56,1.0,0,13
25,38,0.5,1.0,0,13
25,36,0.46,1.0,0,13
20,74,0.8,1.0,0,13
20,72,0.8,1.0,0,13
20,70,0.78,1.0,0,13
20,68,0.76,1.0,0,13
20,62,0.72,1.0,0,13
20,60,0.72,1.0,0,13
20,58,0.7000000000000001,1.0,0,13
20,46,0.62,1.0,0,13
20,44,0.6,1.0,0,13
20,42,0.56,1.0,0,13
20,40,0.52,1.0,0,13
20,36,0.46,1.0,0,13
20,30,0.36,1.0,0,13
15,100,0.9,1.0,0,13
15,100,0.92,1.0,0,13
15,98,0.9,1.0,0,13
15,98,0.92,1.0,0,13
15,96,0.9,1.0,0,13
15,96,0.92,1.0,0,13
15,94,0.9,1.0,0,13
15,92,0.9,1.0,0,13
15,90,0.9,1.0,0,13
15,86,0.88,1.0,0,13
15,84,0.86,1.0,0,13
15,84,0.88,1.0,0,13
15,82,0.84,1.0,0,13
15,82,0.86,1.0,0,13
15,82,0.88,1.0,0,13
15,80,0.84,1.0,0,13
15,80,0.86,1.0,0,13
15,78,0.8200000000000001,1.0,0,13
15,78,0.84,1.0,0,13
15,76,0.8200000000000001,1.0,0,13
15,76,0.84,1.0,0,13
15,74,0.8,1.0,0,13
15,74,0.8200000000000001,1.0,0,13
15,72,0.8,1.0,0,13
15,70,0.78,1.0,0,13
15,68,0.76,1.0,0,13
15,58,0.7000000000000001,1.0,0,13
15,56,0.7000000000000001,1.0,0,13
15,54,0.7000000000000001,1.0,0,13
15,50,0.68,1.0,0,13
15,40,0.52,1.0,0,13
15,40,0.54,1.0,0,13
15,36,0.46,1.0,0,13
15,34,0.4,1.0,0,13
10,100,0.9,1.0,0,13
10,100,0.92,1.0,0,13
10,98,0.9,1.0,0,13
10,98,0.92,1.0,0,13
10,96,0.9,1.0,0,13
10,96,0.92,1.0,0,13
10,94,0.9,1.0,0,13
10,92,0.9,1.0,0,13
10,90,0.9,1.0,0,13
10,86,0.88,1.0,0,13
10,84,0.86,1.0,0,13
10,84,0.88,1.0,0,13
10,82,0.84,1.0,0,13
10,82,0.86,1.0,0,13
10,82,0.88,1.0,0,13
10,80,0.84,1.0,0,13
10,80,0.86,1.0,0,13
10,78,0.8200000000000001,1.0,0,13
10,78,0.84,1.0,0,13
10,76,0.8,1.0,0,13
10,76,0.8200000000000001,1.0,0,13
10,76,0.84,1.0,0,13
10,74,0.8,1.0,0,13
10,74,0.8200000000000001,1.0,0,13
10,72,0.78,1.0,0,13
10,72,0.8,1.0,0,13
10,70,0.78,1.0,0,13
10,68,0.76,1.0,0,13
10,64,0.74,1.0,0,13
10,58,0.7000000000000001,1.0,0,13
10,58,0.72,1.0,0,13
10,56,0.7000000000000001,1.0,0,13
10,54,0.7000000000000001,1.0,0,13
10,50,0.68,1.0,0,13
10,48,0.64,1.0,0,13
10,42,0.56,1.0,0,13
10,40,0.54,1.0,0,13
10,36,0.44,1.0,0,13
10,36,0.46,1.0,0,13
10,34,0.4,1.0,0,13
10,32,0.36,1.0,0,13
5,100,0.9,1.0,0,13
5,100,0.92,1.0,0,13
5,98,0.9,1.0,0,13
5,98,0.92,1.0,0,13
5,96,0.9,1.0,0,13
5,96,0.92,1.0,0,13
5,94,0.9,1.0,0,13
5,92,0.9,1.0,0,13
5,90,0.9,1.0,0,13
5,86,0.88,1.0,0,13
5,84,0.86,1.0,0,13
5,84,0.88,1.0,0,13
5,82,0.84,1.0,0,13
5,82,0.86,1.0,0,13
5,82,0.88,1.0,0,13
5,80,0.8200000000000001,1.0,0,13
5,80,0.84,1.0,0,13
5,80,0.86,1.0,0,13
5,78,0.8200000000000001,1.0,0,13
5,78,0.84,1.0,0,13
5,76,0.8,1.0,0,13
5,76,0.8200000000000001,1.0,0,13
5,74,0.78,1.0,0,13
5,74,0.8,1.0,0,13
5,72,0.78,1.0,0,13
5,72,0.8,1.0,0,13
5,70,0.76,1.0,0,13
5,70,0.78,1.0,0,13
5,68,0.76,1.0,0,13
5,64,0.74,1.0,0,13
5,62,0.74,1.0,0,13
5,60,0.72,1.0,0,13
5,58,0.7000000000000001,1.0,0,13
5,58,0.72,1.0,0,13
5,56,0.7000000000000001,1.0,0,13
5,54,0.7000000000000001,1.0,0,13
5,50,0.66,1.0,0,13
5,46,0.6,1.0,0,13
5,44,0.58,1.0,0,13
5,40,0.52,1.0,0,13
5,38,0.48,1.0,0,13
5,36,0.42,1.0,0,13
5,36,0.44,1.0,0,13
5,36,0.46,1.0,0,13
5,34,0.4,1.0,0,13
5,32,0.36,1.0,0,13
25,62,0.72,1.0,0,14
25,58,0.7000000000000001,1.0,0,14
25,54,0.68,1.0,0,14
25,52,0.66,1.0,0,14
25,52,0.68,1.0,0,14
25,48,0.64,1.0,0,14
25,42,0.54,1.0,0,14
25,38,0.48,1.0,0,14
25,36,0.44,1.0,0,14
25,32,0.36,1.0,0,14
25,32,0.38,1.0,0,14
25,30,0.3,1.0,0,14
25,30,0.32,1.0,0,14
20,80,0.8,1.0,0,14
20,78,0.8,1.0,0,14
20,76,0.78,1.0,0,14
20,76,0.8,1.0,0,14
20,74,0.78,1.0,0,14
20,72,0.78,1.0,0,14
20,52,0.68,1.0,0,14
20,48,0.64,1.0,0,14
20,44,0.58,1.0,0,14
20,38,0.48,1.0,0,14
20,38,0.5,1.0,0,14
20,36,0.44,1.0,0,14
20,30,0.32,1.0,0,14
20,30,0.34,1.0,0,14
15,98,0.88,1.0,0,14
15,96,0.88,1.0,0,14
15,94,0.88,1.0,0,14
15,92,0.86,1.0,0,14
15,92,0.88,1.0,0,14
15,90,0.86,1.0,0,14
15,90,0.88,1.0,0,14
15,88,0.86,1.0,0,14
15,88,0.88,1.0,0,14
15,86,0.86,1.0,0,14
15,84,0.84,1.0,0,14
15,82,0.8200000000000001,1.0,0,14
15,80,0.8,1.0,0,14
15,80,0.8200000000000001,1.0,0,14
15,78,0.8,1.0,0,14
15,76,0.78,1.0,0,14
15,76,0.8,1.0,0,14
15,74,0.78,1.0,0,14
15,72,0.78,1.0,0,14
15,62,0.72,1.0,0,14
15,60,0.72,1.0,0,14
15,46,0.6,1.0,0,14
15,42,0.56,1.0,0,14
15,38,0.48,1.0,0,14
15,38,0.5,1.0,0,14
15,36,0.42,1.0,0,14
15,36,0.44,1.0,0,14
15,30,0.34,1.0,0,14
10,100,0.88,1.0,0,14
10,98,0.88,1.0,0,14
10,96,0.88,1.0,0,14
10,94,0.88,1.0,0,14
10,92,0.86,1.0,0,14
10,92,0.88,1.0,0,14
10,90,0.86,1.0,0,14
10,90,0.88,1.0,0,14
10,88,0.86,1.0,0,14
10,88,0.88,1.0,0,14
10,86,0.86,1.0,0,14
10,84,0.84,1.0,0,14
10,82,0.8200000000000001,1.0,0,14
10,80,0.8,1.0,0,14
10,80,0.8200000000000001,1.0,0,14
10,78,0.8,1.0,0,14
10,76,0.78,1.0,0,14
10,74,0.78,1.0,0,14
10,62,0.72,1.0,0,14
10,60,0.7000000000000001,1.0,0,14
10,60,0.72,1.0,0,14
10,46,0.6,1.0,0,14
10,44,0.58,1.0,0,14
10,40,0.52,1.0,0,14
10,38,0.48,1.0,0,14
10,36,0.42,1.0,0,14
10,34,0.38,1.0,0,14
5,100,0.88,1.0,0,14
5,98,0.88,1.0,0,14
5,96,0.88,1.0,0,14
5,94,0.86,1.0,0,14
5,94,0.88,1.0,0,14
5,92,0.86,1.0,0,14
5,92,0.88,1.0,0,14
5,90,0.86,1.0,0,14
5,90,0.88,1.0,0,14
5,88,0.86,1.0,0,14
5,88,0.88,1.0,0,14
5,86,0.84,1.0,0,14
5,86,0.86,1.0,0,14
5,84,0.84,1.0,0,14
5,82,0.8200000000000001,1.0,0,14
5,80,0.8,1.0,0,14
5,78,0.8,1.0,0,14
5,76,0.78,1.0,0,14
5,62,0.72,1.0,0,14
5,60,0.7000000000000001,1.0,0,14
5,50,0.64,1.0,0,14
5,48,0.62,1.0,0,14
5,46,0.56,1.0,0,14
5,46,0.58,1.0,0,14
5,44,0.56,1.0,0,14
5,42,0.54,1.0,0,14
5,34,0.38,1.0,0,14
5,32,0.34,1.0,0,14
25,56,0.68,1.0,0,15
25,54,0.66,1.0,0,15
25,50,0.64,1.0,0,15
25,46,0.58,1.0,0,15
25,46,0.6,1.0,0,15
25,44,0.56,1.0,0,15
25,44,0.58,1.0,0,15
25,34,0.4,1.0,0,15
20,82,0.8,1.0,0,15
20,80,0.78,1.0,0,15
20,78,0.76,1.0,0,15
20,78,0.78,1.0,0,15
20,76,0.76,1.0,0,15
20,74,0.76,1.0,0,15
20,72,0.76,1.0,0,15
20,70,0.74,1.0,0,15
20,70,0.76,1.0,0,15
20,68,0.74,1.0,0,15
20,66,0.74,1.0,0,15
20,56,0.68,1.0,0,15
20,54,0.68,1.0,0,15
20,52,0.66,1.0,0,15
20,50,0.64,1.0,0,15
20,50,0.66,1.0,0,15
20,46,0.6,1.0,0,15
20,42,0.54,1.0,0,15
20,36,0.42,1.0,0,15
20,34,0.4,1.0,0,15
20,32,0.36,1.0,0,15
15,100,0.88,1.0,0,15
15,96,0.86,1.0,0,15
15,94,0.86,1.0,0,15
15,92,0.84,1.0,0,15
15,90,0.84,1.0,0,15
15,88,0.8200000000000001,1.0,0,15
15,88,0.84,1.0,0,15
15,86,0.8200000000000001,1.0,0,15
15,86,0.84,1.0,0,15
15,84,0.8200000000000001,1.0,0,15
15,82,0.8,1.0,0,15
15,80,0.78,1.0,0,15
15,78,0.76,1.0,0,15
15,78,0.78,1.0,0,15
15,76,0.76,1.0,0,15
15,74,0.76,1.0,0,15
15,72,0.76,1.0,0,15
15,70,0.76,1.0,0,15
15,66,0.74,1.0,0,15
15,60,0.7000000000000001,1.0,0,15
15,56,0.68,1.0,0,15
15,54,0.66,1.0,0,15
15,54,0.68,1.0,0,15
15,52,0.64,1.0,0,15
15,52,0.66,1.0,0,15
15,52,0.68,1.0,0,15
15,50,0.62,1.0,0,15
15,50,0.64,1.0,0,15
15,50,0.66,1.0,0,15
15,48,0.62,1.0,0,15
15,48,0.64,1.0,0,15
15,44,0.58,1.0,0,15
15,42,0.52,1.0,0,15
15,42,0.54,1.0,0,15
15,38,0.46,1.0,0,15
15,32,0.36,1.0,0,15
15,30,0.32,1.0,0,15
10,94,0.86,1.0,0,15
10,92,0.84,1.0,0,15
10,90,0.84,1.0,0,15
10,88,0.8200000000000001,1.0,0,15
10,88,0.84,1.0,0,15
10,86,0.8200000000000001,1.0,0,15
10,86,0.84,1.0,0,15
10,84,0.8200000000000001,1.0,0,15
10,82,0.8,1.0,0,15
10,80,0.78,1.0,0,15
10,78,0.76,1.0,0,15
10,78,0.78,1.0,0,15
10,76,0.76,1.0,0,15
10,74,0.76,1.0,0,15
10,72,0.76,1.0,0,15
10,70,0.76,1.0,0,15
10,56,0.68,1.0,0,15
10,54,0.66,1.0,0,15
10,54,0.68,1.0,0,15
10,52,0.64,1.0,0,15
10,52,0.66,1.0,0,15
10,52,0.68,1.0,0,15
10,50,0.64,1.0,0,15
10,50,0.66,1.0,0,15
10,48,0.62,1.0,0,15
10,46,0.58,1.0,0,15
10,44,0.54,1.0,0,15
10,44,0.56,1.0,0,15
10,42,0.52,1.0,0,15
10,42,0.54,1.0,0,15
10,40,0.5,1.0,0,15
10,38,0.46,1.0,0,15
10,30,0.32,1.0,0,15
5,92,0.84,1.0,0,15
5,90,0.84,1.0,0,15
5,88,0.8200000000000001,1.0,0,15
5,88,0.84,1.0,0,15
5,86,0.8200000000000001,1.0,0,15
5,84,0.8200000000000001,1.0,0,15
5,82,0.8,1.0,0,15
5,78,0.78,1.0,0,15
5,76,0.76,1.0,0,15
5,74,0.76,1.0,0,15
5,72,0.76,1.0,0,15
5,66,0.74,1.0,0,15
5,58,0.68,1.0,0,15
5,56,0.66,1.0,0,15
5,56,0.68,1.0,0,15
5,54,0.64,1.0,0,15
5,54,0.66,1.0,0,15
5,54,0.68,1.0,0,15
5,52,0.64,1.0,0,15
5,52,0.66,1.0,0,15
5,52,0.68,1.0,0,15
5,50,0.62,1.0,0,15
5,48,0.6,1.0,0,15
5,44,0.54,1.0,0,15
5,42,0.52,1.0,0,15
5,40,0.5,1.0,0,15
5,38,0.44,1.0,0,15
5,38,0.46,1.0,0,15
25,60,0.7000000000000001,1.0,0,16
25,48,0.62,1.0,0,16
25,40,0.5,1.0,0,16
25,38,0.46,1.0,0,16
20,84,0.8,1.0,0,16
20,74,0.74,1.0,0,16
20,72,0.74,1.0,0,16
20,60,0.7000000000000001,1.0,0,16
20,56,0.66,1.0,0,16
20,54,0.64,1.0,0,16
20,54,0.66,1.0,0,16
20,52,0.64,1.0,0,16
20,50,0.62,1.0,0,16
20,48,0.6,1.0,0,16
20,48,0.62,1.0,0,16
20,46,0.58,1.0,0,16
20,44,0.56,1.0,0,16
20,40,0.5,1.0,0,16
20,38,0.46,1.0,0,16
20,32,0.34,1.0,0,16
20,30,0.3,1.0,0,16
15,90,0.8200000000000001,1.0,0,16
15,86,0.8,1.0,0,16
15,84,0.8,1.0,0,16
15,82,0.78,1.0,0,16
15,70,0.74,1.0,0,16
15,68,0.74,1.0,0,16
15,56,0.66,1.0,0,16
15,54,0.64,1.0,0,16
15,48,0.6,1.0,0,16
15,46,0.56,1.0,0,16
15,46,0.58,1.0,0,16
15,44,0.54,1.0,0,16
15,44,0.56,1.0,0,16
15,40,0.48,1.0,0,16
15,40,0.5,1.0,0,16
15,34,0.38,1.0,0,16
15,30,0.3,1.0,0,16
10,96,0.86,1.0,0,16
10,90,0.8200000000000001,1.0,0,16
10,88,0.8,1.0,0,16
10,86,0.8,1.0,0,16
10,84,0.78,1.0,0,16
10,84,0.8,1.0,0,16
10,82,0.78,1.0,0,16
10,72,0.74,1.0,0,16
10,70,0.74,1.0,0,16
10,68,0.74,1.0,0,16
10,66,0.74,1.0,0,16
10,56,0.66,1.0,0,16
10,50,0.6,1.0,0,16
10,50,0.62,1.0,0,16
10,48,0.58,1.0,0,16
10,48,0.6,1.0,0,16
10,46,0.56,1.0,0,16
10,42,0.5,1.0,0,16
10,40,0.48,1.0,0,16
10,38,0.44,1.0,0,16
10,32,0.34,1.0,0,16
5,96,0.86,1.0,0,16
5,90,0.8200000000000001,1.0,0,16
5,88,0.8,1.0,0,16
5,86,0.78,1.0,0,16
5,86,0.8,1.0,0,16
5,84,0.78,1.0,0,16
5,84,0.8,1.0,0,16
5,82,0.78,1.0,0,16
5,80,0.78,1.0,0,16
5,78,0.76,1.0,0,16
5,76,0.74,1.0,0,16
5,74,0.74,1.0,0,16
5,72,0.74,1.0,0,16
5,70,0.74,1.0,0,16
5,68,0.74,1.0,0,16
5,64,0.72,1.0,0,16
5,56,0.64,1.0,0,16
5,52,0.62,1.0,0,16
5,50,0.6,1.0,0,16
5,48,0.56,1.0,0,16
5,48,0.58,1.0,0,16
5,46,0.54,1.0,0,16
5,44,0.52,1.0,0,16
5,42,0.5,1.0,0,16
5,40,0.46,1.0,0,16
5,40,0.48,1.0,0,16
5,36,0.4,1.0,0,16
5,34,0.36,1.0,0,16
25,72,0.72,1.0,0,17
25,70,0.72,1.0,0,17
25,68,0.72,1.0,0,17
25,66,0.72,1.0,0,17
25,64,0.72,1.0,0,17
25,58,0.68,1.0,0,17
25,56,0.66,1.0,0,17
25,54,0.64,1.0,0,17
25,52,0.62,1.0,0,17
25,52,0.64,1.0,0,17
25,50,0.6,1.0,0,17
25,50,0.62,1.0,0,17
25,48,0.58,1.0,0,17
25,48,0.6,1.0,0,17
25,44,0.54,1.0,0,17
25,36,0.42,1.0,0,17
25,32,0.34,1.0,0,17
20,88,0.8,1.0,0,17
20,86,0.8,1.0,0,17
20,84,0.78,1.0,0,17
20,82,0.78,1.0,0,17
20,76,0.74,1.0,0,17
20,66,0.72,1.0,0,17
20,64,0.72,1.0,0,17
20,58,0.68,1.0,0,17
20,52,0.62,1.0,0,17
20,44,0.54,1.0,0,17
20,42,0.52,1.0,0,17
20,40,0.48,1.0,0,17
20,34,0.38,1.0,0,17
15,94,0.84,1.0,0,17
15,88,0.8,1.0,0,17
15,84,0.78,1.0,0,17
15,76,0.74,1.0,0,17
15,74,0.74,1.0,0,17
15,72,0.74,1.0,0,17
15,64,0.72,1.0,0,17
15,58,0.68,1.0,0,17
15,52,0.62,1.0,0,17
15,50,0.6,1.0,0,17
15,42,0.5,1.0,0,17
15,38,0.44,1.0,0,17
15,32,0.34,1.0,0,17
10,94,0.84,1.0,0,17
10,80,0.76,1.0,0,17
10,76,0.74,1.0,0,17
10,74,0.74,1.0,0,17
10,64,0.72,1.0,0,17
10,58,0.68,1.0,0,17
10,54,0.64,1.0,0,17
10,52,0.62,1.0,0,17
10,44,0.52,1.0,0,17
10,36,0.4,1.0,0,17
10,30,0.3,1.0,0,17
5,98,0.86,1.0,0,17
5,96,0.84,1.0,0,17
5,94,0.84,1.0,0,17
5,92,0.8200000000000001,1.0,0,17
5,82,0.76,1.0,0,17
5,80,0.76,1.0,0,17
5,78,0.74,1.0,0,17
5,68,0.72,1.0,0,17
5,66,0.72,1.0,0,17
5,54,0.62,1.0,0,17
5,52,0.6,1.0,0,17
5,50,0.58,1.0,0,17
5,30,0.3,1.0,0,17
25,68,0.7000000000000001,1.0,0,18
25,66,0.7000000000000001,1.0,0,18
25,64,0.7000000000000001,1.0,0,18
25,62,0.7000000000000001,1.0,0,18
25,52,0.6,1.0,0,18
25,46,0.56,1.0,0,18
25,44,0.52,1.0,0,18
25,42,0.5,1.0,0,18
25,42,0.52,1.0,0,18
25,40,0.48,1.0,0,18
25,34,0.38,1.0,0,18
20,90,0.8,1.0,0,18
20,86,0.78,1.0,0,18
20,72,0.72,1.0,0,18
20,70,0.72,1.0,0,18
20,68,0.72,1.0,0,18
20,54,0.62,1.0,0,18
20,50,0.6,1.0,0,18
20,48,0.58,1.0,0,18
20,46,0.54,1.0,0,18
20,46,0.56,1.0,0,18
20,44,0.52,1.0,0,18
20,42,0.5,1.0,0,18
15,92,0.8200000000000001,1.0,0,18
15,86,0.78,1.0,0,18
15,72,0.72,1.0,0,18
15,70,0.72,1.0,0,18
15,68,0.72,1.0,0,18
15,66,0.72,1.0,0,18
15,54,0.62,1.0,0,18
15,52,0.6,1.0,0,18
15,48,0.56,1.0,0,18
15,48,0.58,1.0,0,18
15,46,0.54,1.0,0,18
15,44,0.52,1.0,0,18
10,98,0.86,1.0,0,18
10,92,0.8200000000000001,1.0,0,18
10,86,0.78,1.0,0,18
10,72,0.72,1.0,0,18
10,70,0.72,1.0,0,18
10,68,0.72,1.0,0,18
10,66,0.72,1.0,0,18
10,54,0.62,1.0,0,18
10,52,0.6,1.0,0,18
10,50,0.58,1.0,0,18
10,48,0.56,1.0,0,18
10,46,0.54,1.0,0,18
10,40,0.46,1.0,0,18
10,32,0.32,1.0,0,18
10,28,0.24,1.0,0,18
5,90,0.8,1.0,0,18
5,84,0.76,1.0,0,18
5,80,0.74,1.0,0,18
5,74,0.72,1.0,0,18
5,72,0.72,1.0,0,18
5,70,0.72,1.0,0,18
5,62,0.7000000000000001,1.0,0,18
5,44,0.5,1.0,0,18
5,42,0.48,1.0,0,18
5,38,0.42,1.0,0,18
25,76,0.72,1.0,0,19
25,74,0.72,1.0,0,19
25,70,0.7000000000000001,1.0,0,19
25,62,0.68,1.0,0,19
25,60,0.68,1.0,0,19
25,50,0.58,1.0,0,19
25,48,0.56,1.0,0,19
25,46,0.54,1.0,0,19
20,88,0.78,1.0,0,19
20,84,0.76,1.0,0,19
20,82,0.74,1.0,0,19
20,82,0.76,1.0,0,19
20,80,0.74,1.0,0,19
20,80,0.76,1.0,0,19
20,78,0.74,1.0,0,19
20,70,0.7000000000000001,1.0,0,19
20,68,0.7000000000000001,1.0,0,19
20,66,0.7000000000000001,1.0,0,19
20,64,0.7000000000000001,1.0,0,19
20,62,0.7000000000000001,1.0,0,19
20,56,0.64,1.0,0,19
20,52,0.6,1.0,0,19
20,50,0.58,1.0,0,19
20,48,0.56,1.0,0,19
20,38,0.44,1.0,0,19
15,98,0.86,1.0,0,19
15,96,0.84,1.0,0,19
15,90,0.8,1.0,0,19
15,84,0.76,1.0,0,19
15,82,0.76,1.0,0,19
15,80,0.76,1.0,0,19
15,70,0.7000000000000001,1.0,0,19
15,68,0.7000000000000001,1.0,0,19
15,66,0.7000000000000001,1.0,0,19
15,64,0.7000000000000001,1.0,0,19
15,62,0.7000000000000001,1.0,0,19
15,58,0.66,1.0,0,19
15,50,0.58,1.0,0,19
15,40,0.46,1.0,0,19
15,30,0.28,1.0,0,19
15,28,0.24,1.0,0,19
10,90,0.8,1.0,0,19
10,82,0.76,1.0,0,19
10,74,0.72,1.0,0,19
10,70,0.7000000000000001,1.0,0,19
10,68,0.7000000000000001,1.0,0,19
10,66,0.7000000000000001,1.0,0,19
10,64,0.7000000000000001,1.0,0,19
10,62,0.7000000000000001,1.0,0,19
10,58,0.66,1.0,0,19
10,44,0.5,1.0,0,19
10,40,0.44,1.0,0,19
10,38,0.42,1.0,0,19
10,30,0.28,1.0,0,19
5,100,0.86,1.0,0,19
5,94,0.8200000000000001,1.0,0,19
5,88,0.78,1.0,0,19
5,82,0.74,1.0,0,19
5,76,0.72,1.0,0,19
5,72,0.7000000000000001,1.0,0,19
5,70,0.7000000000000001,1.0,0,19
5,68,0.7000000000000001,1.0,0,19
5,66,0.7000000000000001,1.0,0,19
5,64,0.7000000000000001,1.0,0,19
5,58,0.66,1.0,0,19
5,52,0.58,1.0,0,19
5,50,0.56,1.0,0,19
5,48,0.54,1.0,0,19
5,44,0.48,1.0,0,19
5,42,0.46,1.0,0,19
5,40,0.44,1.0,0,19
5,30,0.28,1.0,0,19
5,28,0.24,1.0,0,19
25,74,0.7000000000000001,1.0,0,20
25,72,0.7000000000000001,1.0,0,20
25,68,0.68,1.0,0,20
25,66,0.68,1.0,0,20
25,64,0.68,1.0,0,20
25,56,0.64,1.0,0,20
25,54,0.62,1.0,0,20
25,50,0.56,1.0,0,20
25,48,0.54,1.0,0,20
25,44,0.5,1.0,0,20
25,38,0.44,1.0,0,20
25,36,0.4,1.0,0,20
25,32,0.32,1.0,0,20
25,30,0.28,1.0,0,20
20,76,0.72,1.0,0,20
20,74,0.72,1.0,0,20
20,68,0.68,1.0,0,20
20,66,0.66,1.0,0,20
20,66,0.68,1.0,0,20
20,64,0.66,1.0,0,20
20,64,0.68,1.0,0,20
20,62,0.66,1.0,0,20
20,62,0.68,1.0,0,20
20,60,0.66,1.0,0,20
20,60,0.68,1.0,0,20
20,58,0.64,1.0,0,20
20,58,0.66,1.0,0,20
20,52,0.58,1.0,0,20
20,50,0.56,1.0,0,20
20,48,0.54,1.0,0,20
20,44,0.5,1.0,0,20
20,42,0.48,1.0,0,20
20,40,0.46,1.0,0,20
20,34,0.36,1.0,0,20
20,32,0.32,1.0,0,20
20,30,0.28,1.0,0,20
15,88,0.78,1.0,0,20
15,80,0.74,1.0,0,20
15,78,0.74,1.0,0,20
15,76,0.72,1.0,0,20
15,74,0.72,1.0,0,20
15,68,0.68,1.0,0,20
15,66,0.68,1.0,0,20
15,64,0.68,1.0,0,20
15,62,0.66,1.0,0,20
15,62,0.68,1.0,0,20
15,60,0.66,1.0,0,20
15,60,0.68,1.0,0,20
15,56,0.64,1.0,0,20
15,52,0.58,1.0,0,20
15,50,0.56,1.0,0,20
15,48,0.54,1.0,0,20
15,42,0.48,1.0,0,20
15,38,0.42,1.0,0,20
15,36,0.4,1.0,0,20
15,34,0.36,1.0,0,20
15,32,0.32,1.0,0,20
10,96,0.84,1.0,0,20
10,92,0.8,1.0,0,20
10,88,0.78,1.0,0,20
10,80,0.74,1.0,0,20
10,78,0.74,1.0,0,20
10,76,0.72,1.0,0,20
10,64,0.68,1.0,0,20
10,62,0.68,1.0,0,20
10,60,0.68,1.0,0,20
10,56,0.62,1.0,0,20
10,56,0.64,1.0,0,20
10,54,0.6,1.0,0,20
10,52,0.58,1.0,0,20
10,50,0.56,1.0,0,20
10,48,0.54,1.0,0,20
10,42,0.48,1.0,0,20
10,34,0.36,1.0,0,20
10,30,0.26,1.0,0,20
10,28,0.22,1.0,0,20
5,92,0.8,1.0,0,20
5,90,0.78,1.0,0,20
5,86,0.76,1.0,0,20
5,74,0.7000000000000001,1.0,0,20
5,66,0.68,1.0,0,20
5,64,0.68,1.0,0,20
5,62,0.68,1.0,0,20
5,60,0.66,1.0,0,20
5,60,0.68,1.0,0,20
5,56,0.62,1.0,0,20
5,54,0.6,1.0,0,20
5,52,0.56,1.0,0,20
5,46,0.52,1.0,0,20
5,36,0.38,1.0,0,20
5,34,0.34,1.0,0,20
5,32,0.32,1.0,0,20
5,30,0.26,1.0,0,20
25,78,0.72,1.0,0,21
25,66,0.66,1.0,0,21
25,64,0.66,1.0,0,21
25,62,0.66,1.0,0,21
25,60,0.64,1.0,0,21
25,60,0.66,1.0,0,21
25,58,0.64,1.0,0,21
25,58,0.66,1.0,0,21
25,56,0.62,1.0,0,21
25,52,0.58,1.0,0,21
25,46,0.52,1.0,0,21
25,42,0.48,1.0,0,21
25,40,0.46,1.0,0,21
25,34,0.36,1.0,0,21
25,32,0.3,1.0,0,21
20,74,0.7000000000000001,1.0,0,21
20,72,0.7000000000000001,1.0,0,21
20,60,0.64,1.0,0,21
20,54,0.6,1.0,0,21
20,36,0.4,1.0,0,21
15,100,0.86,1.0,0,21
15,94,0.8200000000000001,1.0,0,21
15,86,0.76,1.0,0,21
15,82,0.74,1.0,0,21
15,74,0.7000000000000001,1.0,0,21
15,72,0.7000000000000001,1.0,0,21
15,66,0.66,1.0,0,21
15,64,0.66,1.0,0,21
15,60,0.64,1.0,0,21
15,58,0.64,1.0,0,21
15,56,0.62,1.0,0,21
15,54,0.6,1.0,0,21
15,46,0.52,1.0,0,21
15,44,0.48,1.0,0,21
15,44,0.5,1.0,0,21
15,28,0.22,1.0,0,21
10,100,0.86,1.0,0,21
10,94,0.8200000000000001,1.0,0,21
10,90,0.78,1.0,0,21
10,84,0.76,1.0,0,21
10,82,0.74,1.0,0,21
10,72,0.7000000000000001,1.0,0,21
10,68,0.68,1.0,0,21
10,66,0.66,1.0,0,21
10,66,0.68,1.0,0,21
10,64,0.66,1.0,0,21
10,62,0.66,1.0,0,21
10,60,0.64,1.0,0,21
10,60,0.66,1.0,0,21
10,58,0.64,1.0,0,21
10,46,0.52,1.0,0,21
10,44,0.48,1.0,0,21
10,42,0.46,1.0,0,21
10,34,0.34,1.0,0,21
10,32,0.3,1.0,0,21
5,92,0.78,1.0,0,21
5,88,0.76,1.0,0,21
5,84,0.74,1.0,0,21
5,78,0.72,1.0,0,21
5,70,0.68,1.0,0,21
5,68,0.68,1.0,0,21
5,66,0.66,1.0,0,21
5,64,0.66,1.0,0,21
5,62,0.66,1.0,0,21
5,60,0.64,1.0,0,21
5,58,0.64,1.0,0,21
5,38,0.4,1.0,0,21
5,32,0.3,1.0,0,21
25,80,0.72,1.0,0,22
25,62,0.64,1.0,0,22
25,44,0.48,1.0,0,22
25,42,0.46,1.0,0,22
25,40,0.44,1.0,0,22
25,38,0.42,1.0,0,22
25,30,0.26,1.0,0,22
20,92,0.8,1.0,0,22
20,86,0.76,1.0,0,22
20,78,0.72,1.0,0,22
20,70,0.68,1.0,0,22
20,56,0.62,1.0,0,22
20,46,0.52,1.0,0,22
20,44,0.48,1.0,0,22
20,42,0.46,1.0,0,22
20,40,0.44,1.0,0,22
20,38,0.42,1.0,0,22
20,32,0.3,1.0,0,22
20,30,0.26,1.0,0,22
15,100,0.84,1.0,0,22
15,98,0.8200000000000001,1.0,0,22
15,98,0.84,1.0,0,22
15,96,0.8200000000000001,1.0,0,22
15,92,0.8,1.0,0,22
15,90,0.78,1.0,0,22
15,78,0.72,1.0,0,22
15,64,0.64,1.0,0,22
15,62,0.64,1.0,0,22
15,60,0.62,1.0,0,22
15,58,0.62,1.0,0,22
15,46,0.5,1.0,0,22
15,42,0.46,1.0,0,22
15,40,0.44,1.0,0,22
15,34,0.34,1.0,0,22
15,32,0.3,1.0,0,22
10,100,0.8200000000000001,1.0,0,22
10,100,0.84,1.0,0,22
10,98,0.8200000000000001,1.0,0,22
10,98,0.84,1.0,0,22
10,96,0.8200000000000001,1.0,0,22
10,86,0.76,1.0,0,22
10,84,0.74,1.0,0,22
10,78,0.72,1.0,0,22
10,74,0.7000000000000001,1.0,0,22
10,70,0.68,1.0,0,22
10,64,0.64,1.0,0,22
10,62,0.62,1.0,0,22
10,62,0.64,1.0,0,22
10,60,0.6,1.0,0,22
10,60,0.62,1.0,0,22
10,58,0.6,1.0,0,22
10,58,0.62,1.0,0,22
10,56,0.6,1.0,0,22
10,52,0.56,1.0,0,22
10,46,0.5,1.0,0,22
10,44,0.46,1.0,0,22
10,36,0.38,1.0,0,22
5,100,0.8200000000000001,1.0,0,22
5,100,0.84,1.0,0,22
5,98,0.8200000000000001,1.0,0,22
5,98,0.84,1.0,0,22
5,96,0.8,1.0,0,22
5,96,0.8200000000000001,1.0,0,22
5,94,0.78,1.0,0,22
5,94,0.8,1.0,0,22
5,90,0.76,1.0,0,22
5,86,0.74,1.0,0,22
5,76,0.7000000000000001,1.0,0,22
5,72,0.68,1.0,0,22
5,68,0.66,1.0,0,22
5,64,0.64,1.0,0,22
5,62,0.62,1.0,0,22
5,62,0.64,1.0,0,22
5,60,0.6,1.0,0,22
5,60,0.62,1.0,0,22
5,58,0.58,1.0,0,22
5,58,0.6,1.0,0,22
5,58,0.62,1.0,0,22
5,56,0.58,1.0,0,22
5,56,0.6,1.0,0,22
5,54,0.56,1.0,0,22
5,54,0.58,1.0,0,22
5,48,0.52,1.0,0,22
5,46,0.5,1.0,0,22
5,44,0.46,1.0,0,22
5,42,0.44,1.0,0,22
5,40,0.42,1.0,0,22
5,36,0.36,1.0,0,22
5,28,0.22,1.0,0,22
25,70,0.68,1.0,0,23
25,58,0.62,1.0,0,23
25,54,0.6,1.0,0,23
25,44,0.46,1.0,0,23
25,34,0.34,1.0,0,23
25,30,0.24,1.0,0,23
20,96,0.8,1.0,0,23
20,94,0.8,1.0,0,23
20,88,0.76,1.0,0,23
20,84,0.74,1.0,0,23
20,80,0.72,1.0,0,23
20,72,0.68,1.0,0,23
20,62,0.64,1.0,0,23
20,60,0.62,1.0,0,23
20,58,0.62,1.0,0,23
20,56,0.6,1.0,0,23
20,54,0.58,1.0,0,23
20,50,0.54,1.0,0,23
20,48,0.52,1.0,0,23
20,36,0.38,1.0,0,23
20,34,0.34,1.0,0,23
20,28,0.22,1.0,0,23
15,100,0.8200000000000001,1.0,0,23
15,98,0.8,1.0,0,23
15,96,0.8,1.0,0,23
15,94,0.8,1.0,0,23
15,88,0.76,1.0,0,23
15,84,0.74,1.0,0,23
15,76,0.7000000000000001,1.0,0,23
15,70,0.68,1.0,0,23
15,62,0.62,1.0,0,23
15,58,0.6,1.0,0,23
15,56,0.58,1.0,0,23
15,56,0.6,1.0,0,23
15,54,0.56,1.0,0,23
15,54,0.58,1.0,0,23
15,52,0.56,1.0,0,23
15,50,0.54,1.0,0,23
15,48,0.52,1.0,0,23
15,44,0.46,1.0,0,23
15,36,0.38,1.0,0,23
15,32,0.28,1.0,0,23
15,30,0.26,1.0,0,23
10,96,0.8,1.0,0,23
10,94,0.8,1.0,0,23
10,92,0.78,1.0,0,23
10,88,0.76,1.0,0,23
10,76,0.7000000000000001,1.0,0,23
10,72,0.68,1.0,0,23
10,68,0.66,1.0,0,23
10,56,0.58,1.0,0,23
10,54,0.56,1.0,0,23
10,54,0.58,1.0,0,23
10,50,0.52,1.0,0,23
10,50,0.54,1.0,0,23
10,48,0.48,1.0,0,23
10,48,0.5,1.0,0,23
10,48,0.52,1.0,0,23
10,46,0.48,1.0,0,23
10,42,0.44,1.0,0,23
10,38,0.4,1.0,0,23
10,36,0.36,1.0,0,23
10,32,0.28,1.0,0,23
5,100,0.8,1.0,0,23
5,98,0.8,1.0,0,23
5,96,0.78,1.0,0,23
5,80,0.72,1.0,0,23
5,74,0.68,1.0,0,23
5,68,0.64,1.0,0,23
5,66,0.62,1.0,0,23
5,66,0.64,1.0,0,23
5,64,0.62,1.0,0,23
5,62,0.6,1.0,0,23
5,50,0.52,1.0,0,23
5,50,0.54,1.0,0,23
5,48,0.48,1.0,0,23
5,48,0.5,1.0,0,23
5,46,0.48,1.0,0,23
5,44,0.44,1.0,0,23
5,42,0.42,1.0,0,23
5,40,0.4,1.0,0,23
5,38,0.38,1.0,0,23
5,32,0.28,1.0,0,23
25,78,0.7000000000000001,1.0,0,24
25,76,0.7000000000000001,1.0,0,24
25,74,0.68,1.0,0,24
25,72,0.68,1.0,0,24
25,64,0.64,1.0,0,24
25,60,0.62,1.0,0,24
25,58,0.6,1.0,0,24
25,56,0.58,1.0,0,24
25,56,0.6,1.0,0,24
25,54,0.58,1.0,0,24
25,52,0.56,1.0,0,24
25,50,0.54,1.0,0,24
25,46,0.5,1.0,0,24
25,42,0.44,1.0,0,24
25,38,0.4,1.0,0,24
25,36,0.38,1.0,0,24
20,98,0.8,1.0,0,24
20,92,0.78,1.0,0,24
20,90,0.78,1.0,0,24
20,86,0.74,1.0,0,24
20,76,0.7000000000000001,1.0,0,24
20,74,0.68,1.0,0,24
20,64,0.64,1.0,0,24
20,62,0.62,1.0,0,24
20,58,0.6,1.0,0,24
20,56,0.58,1.0,0,24
20,52,0.56,1.0,0,24
20,46,0.48,1.0,0,24
20,46,0.5,1.0,0,24
20,44,0.46,1.0,0,24
20,42,0.44,1.0,0,24
20,38,0.4,1.0,0,24
20,32,0.28,1.0,0,24
20,30,0.24,1.0,0,24
15,92,0.78,1.0,0,24
15,80,0.72,1.0,0,24
15,74,0.68,1.0,0,24
15,72,0.68,1.0,0,24
15,68,0.66,1.0,0,24
15,66,0.64,1.0,0,24
15,60,0.6,1.0,0,24
15,52,0.54,1.0,0,24
15,50,0.52,1.0,0,24
15,48,0.5,1.0,0,24
15,46,0.48,1.0,0,24
15,42,0.44,1.0,0,24
15,38,0.4,1.0,0,24
15,36,0.36,1.0,0,24
15,30,0.24,1.0,0,24
10,100,0.8,1.0,0,24
10,98,0.8,1.0,0,24
10,80,0.72,1.0,0,24
10,74,0.68,1.0,0,24
10,66,0.64,1.0,0,24
10,64,0.62,1.0,0,24
10,62,0.6,1.0,0,24
10,58,0.58,1.0,0,24
10,52,0.54,1.0,0,24
10,44,0.44,1.0,0,24
10,40,0.42,1.0,0,24
10,34,0.32,1.0,0,24
10,32,0.26,1.0,0,24
10,30,0.24,1.0,0,24
5,70,0.66,1.0,0,24
5,64,0.6,1.0,0,24
5,62,0.58,1.0,0,24
5,60,0.58,1.0,0,24
5,52,0.54,1.0,0,24
5,50,0.5,1.0,0,24
5,46,0.46,1.0,0,24
5,40,0.38,1.0,0,24
5,38,0.36,1.0,0,24
5,34,0.3,1.0,0,24
5,34,0.32,1.0,0,24
5,30,0.24,1.0,0,24
25,82,0.72,1.0,0,25
25,70,0.66,1.0,0,25
25,68,0.66,1.0,0,25
25,62,0.62,1.0,0,25
25,54,0.56,1.0,0,25
25,48,0.5,1.0,0,25
25,48,0.52,1.0,0,25
25,46,0.48,1.0,0,25
25,44,0.44,1.0,0,25
25,42,0.4,1.0,0,25
25,42,0.42,1.0,0,25
25,40,0.36,1.0,0,25
25,40,0.38,1.0,0,25
25,40,0.4,1.0,0,25
25,40,0.42,1.0,0,25
25,38,0.34,1.0,0,25
25,38,0.36,1.0,0,25
25,38,0.38,1.0,0,25
25,36,0.32,1.0,0,25
25,36,0.34,1.0,0,25
25,36,0.36,1.0,0,25
25,34,0.32,1.0,0,25
20,94,0.78,1.0,0,25
20,90,0.76,1.0,0,25
20,68,0.66,1.0,0,25
20,54,0.56,1.0,0,25
20,48,0.5,1.0,0,25
20,44,0.44,1.0,0,25
20,42,0.4,1.0,0,25
20,42,0.42,1.0,0,25
20,40,0.36,1.0,0,25
20,40,0.38,1.0,0,25
20,40,0.4,1.0,0,25
20,40,0.42,1.0,0,25
20,38,0.36,1.0,0,25
20,38,0.38,1.0,0,25
20,36,0.34,1.0,0,25
20,36,0.36,1.0,0,25
20,34,0.32,1.0,0,25
15,94,0.78,1.0,0,25
15,86,0.74,1.0,0,25
15,82,0.72,1.0,0,25
15,70,0.66,1.0,0,25
15,64,0.62,1.0,0,25
15,58,0.58,1.0,0,25
15,48,0.48,1.0,0,25
15,46,0.46,1.0,0,25
15,44,0.44,1.0,0,25
15,42,0.38,1.0,0,25
15,42,0.4,1.0,0,25
15,42,0.42,1.0,0,25
15,40,0.38,1.0,0,25
15,40,0.4,1.0,0,25
15,40,0.42,1.0,0,25
15,38,0.36,1.0,0,25
15,38,0.38,1.0,0,25
15,36,0.34,1.0,0,25
15,34,0.32,1.0,0,25
15,30,0.22,1.0,0,25
10,96,0.78,1.0,0,25
10,94,0.78,1.0,0,25
10,70,0.66,1.0,0,25
10,68,0.64,1.0,0,25
10,66,0.62,1.0,0,25
10,56,0.56,1.0,0,25
10,50,0.5,1.0,0,25
10,46,0.46,1.0,0,25
10,42,0.38,1.0,0,25
10,42,0.4,1.0,0,25
10,42,0.42,1.0,0,25
10,40,0.38,1.0,0,25
10,40,0.4,1.0,0,25
10,38,0.36,1.0,0,25
10,38,0.38,1.0,0,25
10,36,0.34,1.0,0,25
10,34,0.3,1.0,0,25
5,98,0.78,1.0,0,25
5,92,0.76,1.0,0,25
5,78,0.7000000000000001,1.0,0,25
5,72,0.66,1.0,0,25
5,56,0.56,1.0,0,25
5,54,0.54,1.0,0,25
5,52,0.52,1.0,0,25
5,46,0.44,1.0,0,25
5,44,0.42,1.0,0,25
5,42,0.38,1.0,0,25
5,42,0.4,1.0,0,25
5,40,0.36,1.0,0,25
5,38,0.32,1.0,0,25
5,38,0.34,1.0,0,25
5,36,0.3,1.0,0,25
5,36,0.32,1.0,0,25
5,36,0.34,1.0,0,25
5,34,0.28,1.0,0,25
5,32,0.26,1.0,0,25
25,76,0.68,1.0,0,26
25,72,0.66,1.0,0,26
25,66,0.64,1.0,0,26
25,62,0.6,1.0,0,26
25,60,0.6,1.0,0,26
25,58,0.58,1.0,0,26
25,50,0.52,1.0,0,26
25,34,0.3,1.0,0,26
25,32,0.26,1.0,0,26
25,32,0.28,1.0,0,26
25,30,0.22,1.0,0,26
20,82,0.72,1.0,0,26
20,78,0.7000000000000001,1.0,0,26
20,72,0.66,1.0,0,26
20,70,0.66,1.0,0,26
20,66,0.64,1.0,0,26
20,64,0.62,1.0,0,26
20,62,0.6,1.0,0,26
20,60,0.6,1.0,0,26
20,58,0.58,1.0,0,26
20,52,0.54,1.0,0,26
20,50,0.52,1.0,0,26
20,46,0.46,1.0,0,26
20,42,0.38,1.0,0,26
20,38,0.34,1.0,0,26
20,36,0.32,1.0,0,26
20,34,0.28,1.0,0,26
20,34,0.3,1.0,0,26
20,32,0.26,1.0,0,26
20,28,0.2,1.0,0,26
15,96,0.78,1.0,0,26
15,90,0.76,1.0,0,26
15,72,0.66,1.0,0,26
15,68,0.64,1.0,0,26
15,66,0.62,1.0,0,26
15,62,0.6,1.0,0,26
15,60,0.58,1.0,0,26
15,44,0.42,1.0,0,26
15,40,0.36,1.0,0,26
15,38,0.34,1.0,0,26
15,36,0.3,1.0,0,26
15,36,0.32,1.0,0,26
15,34,0.28,1.0,0,26
15,34,0.3,1.0,0,26
10,92,0.76,1.0,0,26
10,90,0.76,1.0,0,26
10,86,0.74,1.0,0,26
10,82,0.72,1.0,0,26
10,72,0.66,1.0,0,26
10,64,0.6,1.0,0,26
10,60,0.58,1.0,0,26
10,54,0.54,1.0,0,26
10,52,0.52,1.0,0,26
10,44,0.42,1.0,0,26
10,40,0.34,1.0,0,26
10,40,0.36,1.0,0,26
10,38,0.32,1.0,0,26
10,38,0.34,1.0,0,26
10,36,0.3,1.0,0,26
10,36,0.32,1.0,0,26
10,34,0.28,1.0,0,26
5,100,0.78,1.0,0,26
5,94,0.76,1.0,0,26
5,82,0.72,1.0,0,26
5,70,0.64,1.0,0,26
5,58,0.56,1.0,0,26
5,56,0.54,1.0,0,26
5,54,0.52,1.0,0,26
5,52,0.5,1.0,0,26
5,48,0.46,1.0,0,26
5,44,0.4,1.0,0,26
5,40,0.34,1.0,0,26
5,28,0.2,1.0,0,26
25,64,0.62,1.0,0,27
25,60,0.58,1.0,0,27
25,56,0.56,1.0,0,27
25,52,0.54,1.0,0,27
25,46,0.46,1.0,0,27
25,42,0.38,1.0,0,27
25,38,0.32,1.0,0,27
25,36,0.3,1.0,0,27
25,34,0.28,1.0,0,27
20,100,0.8,1.0,0,27
20,92,0.76,1.0,0,27
20,80,0.7000000000000001,1.0,0,27
20,70,0.64,1.0,0,27
20,68,0.64,1.0,0,27
20,66,0.62,1.0,0,27
20,60,0.58,1.0,0,27
20,56,0.56,1.0,0,27
20,44,0.42,1.0,0,27
20,38,0.32,1.0,0,27
20,36,0.3,1.0,0,27
20,30,0.22,1.0,0,27
15,100,0.8,1.0,0,27
15,88,0.74,1.0,0,27
15,70,0.64,1.0,0,27
15,56,0.56,1.0,0,27
15,44,0.4,1.0,0,27
15,40,0.34,1.0,0,27
15,38,0.32,1.0,0,27
15,32,0.26,1.0,0,27
15,28,0.2,1.0,0,27
10,98,0.78,1.0,0,27
10,88,0.74,1.0,0,27
10,78,0.7000000000000001,1.0,0,27
10,70,0.64,1.0,0,27
10,62,0.58,1.0,0,27
10,58,0.56,1.0,0,27
10,56,0.54,1.0,0,27
10,54,0.52,1.0,0,27
10,52,0.5,1.0,0,27
10,46,0.44,1.0,0,27
10,44,0.4,1.0,0,27
10,42,0.36,1.0,0,27
10,30,0.22,1.0,0,27
10,28,0.2,1.0,0,27
5,96,0.76,1.0,0,27
5,88,0.74,1.0,0,27
5,80,0.7000000000000001,1.0,0,27
5,60,0.56,1.0,0,27
5,58,0.54,1.0,0,27
5,56,0.52,1.0,0,27
5,54,0.5,1.0,0,27
5,50,0.48,1.0,0,27
5,46,0.42,1.0,0,27
5,44,0.38,1.0,0,27
5,42,0.36,1.0,0,27
5,36,0.28,1.0,0,27
25,84,0.72,1.0,0,28
25,80,0.7000000000000001,1.0,0,28
25,70,0.64,1.0,0,28
25,68,0.62,1.0,0,28
25,68,0.64,1.0,0,28
25,66,0.62,1.0,0,28
25,58,0.54,1.0,0,28
25,58,0.56,1.0,0,28
25,56,0.54,1.0,0,28
25,54,0.52,1.0,0,28
25,54,0.54,1.0,0,28
25,52,0.52,1.0,0,28
25,50,0.5,1.0,0,28
25,48,0.48,1.0,0,28
25,44,0.42,1.0,0,28
25,42,0.36,1.0,0,28
25,40,0.34,1.0,0,28
25,36,0.28,1.0,0,28
25,34,0.26,1.0,0,28
25,32,0.24,1.0,0,28
20,98,0.78,1.0,0,28
20,96,0.78,1.0,0,28
20,94,0.76,1.0,0,28
20,58,0.56,1.0,0,28
20,56,0.54,1.0,0,28
20,54,0.52,1.0,0,28
20,54,0.54,1.0,0,28
20,52,0.52,1.0,0,28
20,50,0.5,1.0,0,28
20,48,0.48,1.0,0,28
20,44,0.4,1.0,0,28
20,42,0.36,1.0,0,28
20,40,0.34,1.0,0,28
20,36,0.28,1.0,0,28
20,34,0.26,1.0,0,28
15,98,0.78,1.0,0,28
15,94,0.76,1.0,0,28
15,92,0.76,1.0,0,28
15,80,0.7000000000000001,1.0,0,28
15,78,0.7000000000000001,1.0,0,28
15,64,0.6,1.0,0,28
15,62,0.58,1.0,0,28
15,58,0.56,1.0,0,28
15,56,0.54,1.0,0,28
15,54,0.52,1.0,0,28
15,54,0.54,1.0,0,28
15,52,0.5,1.0,0,28
15,52,0.52,1.0,0,28
15,50,0.5,1.0,0,28
15,46,0.44,1.0,0,28
15,42,0.36,1.0,0,28
10,84,0.72,1.0,0,28
10,80,0.7000000000000001,1.0,0,28
10,68,0.62,1.0,0,28
10,60,0.56,1.0,0,28
10,58,0.54,1.0,0,28
10,54,0.5,1.0,0,28
10,50,0.48,1.0,0,28
10,48,0.46,1.0,0,28
10,46,0.42,1.0,0,28
10,34,0.26,1.0,0,28
5,92,0.74,1.0,0,28
5,90,0.74,1.0,0,28
5,86,0.72,1.0,0,28
5,84,0.72,1.0,0,28
5,76,0.68,1.0,0,28
5,68,0.62,1.0,0,28
5,66,0.6,1.0,0,28
5,52,0.48,1.0,0,28
5,50,0.46,1.0,0,28
5,40,0.32,1.0,0,28
5,38,0.3,1.0,0,28
5,32,0.24,1.0,0,28
5,30,0.22,1.0,0,28
25,86,0.72,1.0,0,29
25,64,0.6,1.0,0,29
25,62,0.58,1.0,0,29
25,52,0.5,1.0,0,29
25,50,0.48,1.0,0,29
25,48,0.46,1.0,0,29
25,46,0.44,1.0,0,29
25,44,0.4,1.0,0,29
25,38,0.3,1.0,0,29
20,100,0.78,1.0,0,29
20,86,0.72,1.0,0,29
20,84,0.72,1.0,0,29
20,78,0.68,1.0,0,29
20,76,0.68,1.0,0,29
20,74,0.66,1.0,0,29
20,64,0.6,1.0,0,29
20,62,0.58,1.0,0,29
20,60,0.56,1.0,0,29
20,58,0.54,1.0,0,29
20,56,0.52,1.0,0,29
20,52,0.5,1.0,0,29
20,50,0.48,1.0,0,29
20,48,0.46,1.0,0,29
20,46,0.44,1.0,0,29
20,38,0.3,1.0,0,29
20,32,0.24,1.0,0,29
15,100,0.78,1.0,0,29
15,84,0.72,1.0,0,29
15,78,0.68,1.0,0,29
15,76,0.68,1.0,0,29
15,74,0.66,1.0,0,29
15,56,0.52,1.0,0,29
15,50,0.48,1.0,0,29
15,48,0.46,1.0,0,29
15,38,0.3,1.0,0,29
15,36,0.28,1.0,0,29
10,100,0.78,1.0,0,29
10,94,0.76,1.0,0,29
10,86,0.72,1.0,0,29
10,78,0.68,1.0,0,29
10,76,0.68,1.0,0,29
10,74,0.66,1.0,0,29
10,72,0.64,1.0,0,29
10,60,0.54,1.0,0,29
10,56,0.52,1.0,0,29
10,52,0.48,1.0,0,29
10,38,0.3,1.0,0,29
10,36,0.28,1.0,0,29
10,32,0.24,1.0,0,29
5,88,0.72,1.0,0,29
5,82,0.7000000000000001,1.0,0,29
5,78,0.68,1.0,0,29
5,74,0.66,1.0,0,29
5,72,0.64,1.0,0,29
5,64,0.58,1.0,0,29
5,60,0.54,1.0,0,29
5,58,0.52,1.0,0,29
5,56,0.5,1.0,0,29
5,54,0.48,1.0,0,29
5,48,0.44,1.0,0,29
5,34,0.26,1.0,0,29
5,30,0.2,1.0,0,29
25,88,0.72,1.0,0,30
25,82,0.7000000000000001,1.0,0,30
25,78,0.68,1.0,0,30
25,74,0.66,1.0,0,30
25,66,0.6,1.0,0,30
25,60,0.56,1.0,0,30
25,56,0.5,1.0,0,30
25,56,0.52,1.0,0,30
25,54,0.5,1.0,0,30
25,52,0.48,1.0,0,30
20,96,0.76,1.0,0,30
20,92,0.74,1.0,0,30
20,90,0.74,1.0,0,30
20,88,0.74,1.0,0,30
20,72,0.64,1.0,0,30
20,68,0.62,1.0,0,30
20,54,0.5,1.0,0,30
20,52,0.48,1.0,0,30
15,86,0.72,1.0,0,30
15,82,0.7000000000000001,1.0,0,30
15,76,0.66,1.0,0,30
15,72,0.64,1.0,0,30
15,68,0.62,1.0,0,30
15,66,0.6,1.0,0,30
15,60,0.54,1.0,0,30
15,60,0.56,1.0,0,30
15,58,0.54,1.0,0,30
15,54,0.48,1.0,0,30
15,54,0.5,1.0,0,30
15,52,0.48,1.0,0,30
15,46,0.42,1.0,0,30
15,40,0.32,1.0,0,30
15,34,0.26,1.0,0,30
15,32,0.24,1.0,0,30
15,28,0.18,1.0,0,30
10,90,0.74,1.0,0,30
10,82,0.7000000000000001,1.0,0,30
10,76,0.66,1.0,0,30
10,70,0.62,1.0,0,30
10,66,0.6,1.0,0,30
10,62,0.56,1.0,0,30
10,58,0.52,1.0,0,30
10,50,0.46,1.0,0,30
10,48,0.44,1.0,0,30
10,44,0.38,1.0,0,30
10,40,0.32,1.0,0,30
10,28,0.18,1.0,0,30
5,76,0.66,1.0,0,30
5,70,0.62,1.0,0,30
5,66,0.58,1.0,0,30
5,62,0.54,1.0,0,30
5,62,0.56,1.0,0,30
5,52,0.46,1.0,0,30
5,50,0.44,1.0,0,30
5,48,0.42,1.0,0,30
5,46,0.4,1.0,0,30
5,28,0.18,1.0,0,30
25,72,0.64,1.0,0,31
25,64,0.58,1.0,0,31
25,62,0.56,1.0,0,31
25,54,0.48,1.0,0,31
25,52,0.46,1.0,0,31
25,50,0.44,1.0,0,31
25,50,0.46,1.0,0,31
25,48,0.42,1.0,0,31
25,48,0.44,1.0,0,31
25,46,0.4,1.0,0,31
25,46,0.42,1.0,0,31
25,44,0.38,1.0,0,31
25,40,0.32,1.0,0,31
20,98,0.76,1.0,0,31
20,88,0.72,1.0,0,31
20,82,0.7000000000000001,1.0,0,31
20,76,0.66,1.0,0,31
20,66,0.6,1.0,0,31
20,64,0.58,1.0,0,31
20,62,0.56,1.0,0,31
20,60,0.54,1.0,0,31
20,58,0.52,1.0,0,31
20,56,0.5,1.0,0,31
20,54,0.48,1.0,0,31
20,52,0.46,1.0,0,31
20,50,0.44,1.0,0,31
20,50,0.46,1.0,0,31
20,48,0.42,1.0,0,31
20,48,0.44,1.0,0,31
20,46,0.4,1.0,0,31
20,46,0.42,1.0,0,31
20,40,0.32,1.0,0,31
20,36,0.26,1.0,0,31
15,96,0.76,1.0,0,31
15,92,0.74,1.0,0,31
15,90,0.74,1.0,0,31
15,88,0.72,1.0,0,31
15,80,0.68,1.0,0,31
15,74,0.64,1.0,0,31
15,70,0.62,1.0,0,31
15,62,0.56,1.0,0,31
15,58,0.52,1.0,0,31
15,56,0.5,1.0,0,31
15,52,0.46,1.0,0,31
15,50,0.44,1.0,0,31
15,50,0.46,1.0,0,31
15,48,0.42,1.0,0,31
15,48,0.44,1.0,0,31
15,46,0.4,1.0,0,31
15,42,0.34,1.0,0,31
15,34,0.24,1.0,0,31
10,98,0.76,1.0,0,31
10,96,0.76,1.0,0,31
10,92,0.74,1.0,0,31
10,88,0.72,1.0,0,31
10,74,0.64,1.0,0,31
10,64,0.58,1.0,0,31
10,56,0.5,1.0,0,31
10,54,0.48,1.0,0,31
10,52,0.46,1.0,0,31
10,50,0.44,1.0,0,31
10,48,0.42,1.0,0,31
10,46,0.4,1.0,0,31
10,42,0.34,1.0,0,31
10,36,0.26,1.0,0,31
10,30,0.2,1.0,0,31
5,100,0.76,1.0,0,31
5,98,0.76,1.0,0,31
5,84,0.7000000000000001,1.0,0,31
5,80,0.68,1.0,0,31
5,74,0.64,1.0,0,31
5,70,0.6,1.0,0,31
5,68,0.58,1.0,0,31
5,68,0.6,1.0,0,31
5,64,0.56,1.0,0,31
5,60,0.52,1.0,0,31
5,58,0.5,1.0,0,31
5,56,0.48,1.0,0,31
5,42,0.34,1.0,0,31
5,36,0.26,1.0,0,31
5,34,0.24,1.0,0,31
5,32,0.22,1.0,0,31
25,76,0.66,1.0,0,32
25,70,0.62,1.0,0,32
25,60,0.54,1.0,0,32
25,58,0.52,1.0,0,32
25,36,0.26,1.0,0,32
25,34,0.24,1.0,0,32
20,84,0.7000000000000001,1.0,0,32
20,74,0.64,1.0,0,32
20,70,0.62,1.0,0,32
20,44,0.38,1.0,0,32
20,28,0.18,1.0,0,32
15,98,0.76,1.0,0,32
15,94,0.74,1.0,0,32
15,84,0.7000000000000001,1.0,0,32
15,72,0.62,1.0,0,32
15,70,0.6,1.0,0,32
15,68,0.6,1.0,0,32
15,64,0.58,1.0,0,32
15,44,0.38,1.0,0,32
15,36,0.26,1.0,0,32
15,32,0.22,1.0,0,32
10,100,0.76,1.0,0,32
10,94,0.74,1.0,0,32
10,84,0.7000000000000001,1.0,0,32
10,80,0.68,1.0,0,32
10,78,0.66,1.0,0,32
10,72,0.62,1.0,0,32
10,70,0.58,1.0,0,32
10,70,0.6,1.0,0,32
10,68,0.58,1.0,0,32
10,68,0.6,1.0,0,32
10,66,0.56,1.0,0,32
10,66,0.58,1.0,0,32
10,64,0.56,1.0,0,32
10,62,0.54,1.0,0,32
10,50,0.42,1.0,0,32
10,34,0.24,1.0,0,32
10,32,0.22,1.0,0,32
5,96,0.74,1.0,0,32
5,94,0.74,1.0,0,32
5,78,0.66,1.0,0,32
5,72,0.62,1.0,0,32
5,66,0.56,1.0,0,32
5,52,0.44,1.0,0,32
25,90,0.72,1.0,0,33
25,68,0.6,1.0,0,33
25,32,0.22,1.0,0,33
25,28,0.18,1.0,0,33
20,100,0.76,1.0,0,33
20,94,0.74,1.0,0,33
20,90,0.72,1.0,0,33
20,80,0.68,1.0,0,33
20,72,0.62,1.0,0,33
20,68,0.6,1.0,0,33
20,66,0.58,1.0,0,33
20,64,0.56,1.0,0,33
20,42,0.34,1.0,0,33
20,38,0.28,1.0,0,33
20,34,0.24,1.0,0,33
20,32,0.22,1.0,0,33
15,90,0.72,1.0,0,33
15,78,0.66,1.0,0,33
15,76,0.64,1.0,0,33
15,66,0.58,1.0,0,33
15,64,0.56,1.0,0,33
15,30,0.2,1.0,0,33
10,96,0.74,1.0,0,33
10,90,0.72,1.0,0,33
10,76,0.64,1.0,0,33
10,74,0.62,1.0,0,33
10,68,0.56,1.0,0,33
10,64,0.54,1.0,0,33
10,60,0.52,1.0,0,33
10,58,0.5,1.0,0,33
10,56,0.48,1.0,0,33
10,52,0.44,1.0,0,33
10,48,0.4,1.0,0,33
10,44,0.36,1.0,0,33
10,40,0.3,1.0,0,33
10,38,0.28,1.0,0,33
5,90,0.72,1.0,0,33
5,82,0.68,1.0,0,33
5,80,0.66,1.0,0,33
5,76,0.64,1.0,0,33
5,74,0.62,1.0,0,33
5,72,0.6,1.0,0,33
5,54,0.46,1.0,0,33
5,50,0.42,1.0,0,33
5,42,0.32,1.0,0,33
5,40,0.3,1.0,0,33
25,84,0.7000000000000001,1.0,0,34
25,66,0.58,1.0,0,34
25,64,0.56,1.0,0,34
25,58,0.5,1.0,0,34
25,50,0.42,1.0,0,34
25,48,0.4,1.0,0,34
25,46,0.38,1.0,0,34
25,44,0.36,1.0,0,34
25,42,0.34,1.0,0,34
25,28,0.16,1.0,0,34
20,96,0.74,1.0,0,34
20,82,0.68,1.0,0,34
20,78,0.66,1.0,0,34
20,70,0.6,1.0,0,34
20,68,0.58,1.0,0,34
20,62,0.54,1.0,0,34
20,50,0.42,1.0,0,34
20,48,0.4,1.0,0,34
20,46,0.38,1.0,0,34
20,40,0.3,1.0,0,34
20,30,0.2,1.0,0,34
20,28,0.16,1.0,0,34
15,100,0.76,1.0,0,34
15,98,0.74,1.0,0,34
15,96,0.74,1.0,0,34
15,84,0.68,1.0,0,34
15,82,0.68,1.0,0,34
15,80,0.66,1.0,0,34
15,74,0.62,1.0,0,34
15,68,0.58,1.0,0,34
15,62,0.54,1.0,0,34
15,60,0.52,1.0,0,34
15,58,0.5,1.0,0,34
15,56,0.48,1.0,0,34
15,52,0.44,1.0,0,34
15,50,0.42,1.0,0,34
15,48,0.4,1.0,0,34
15,44,0.36,1.0,0,34
15,40,0.3,1.0,0,34
15,38,0.28,1.0,0,34
10,86,0.7000000000000001,1.0,0,34
10,84,0.68,1.0,0,34
10,82,0.68,1.0,0,34
10,80,0.66,1.0,0,34
10,72,0.6,1.0,0,34
10,54,0.46,1.0,0,34
10,46,0.38,1.0,0,34
10,26,0.14,1.0,0,34
5,98,0.74,1.0,0,34
5,92,0.72,1.0,0,34
5,86,0.7000000000000001,1.0,0,34
5,84,0.68,1.0,0,34
5,78,0.64,1.0,0,34
5,76,0.62,1.0,0,34
5,70,0.58,1.0,0,34
5,68,0.56,1.0,0,34
5,66,0.54,1.0,0,34
5,64,0.54,1.0,0,34
5,62,0.52,1.0,0,34
5,60,0.5,1.0,0,34
5,48,0.4,1.0,0,34
5,44,0.36,1.0,0,34
5,38,0.28,1.0,0,34
5,28,0.16,1.0,0,34
5,26,0.14,1.0,0,34
25,92,0.72,1.0,0,35
25,80,0.68,1.0,0,35
25,74,0.64,1.0,0,35
25,72,0.62,1.0,0,35
25,70,0.6,1.0,0,35
25,68,0.58,1.0,0,35
25,62,0.54,1.0,0,35
25,60,0.52,1.0,0,35
25,56,0.48,1.0,0,35
25,52,0.44,1.0,0,35
25,38,0.28,1.0,0,35
25,30,0.2,1.0,0,35
20,98,0.74,1.0,0,35
20,86,0.7000000000000001,1.0,0,35
20,84,0.68,1.0,0,35
20,66,0.56,1.0,0,35
20,60,0.52,1.0,0,35
20,58,0.5,1.0,0,35
20,56,0.48,1.0,0,35
20,54,0.46,1.0,0,35
20,52,0.44,1.0,0,35
20,44,0.36,1.0,0,35
15,92,0.72,1.0,0,35
15,88,0.7000000000000001,1.0,0,35
15,86,0.7000000000000001,1.0,0,35
15,82,0.66,1.0,0,35
15,72,0.6,1.0,0,35
15,70,0.58,1.0,0,35
15,66,0.56,1.0,0,35
15,64,0.54,1.0,0,35
15,54,0.46,1.0,0,35
15,46,0.38,1.0,0,35
15,28,0.16,1.0,0,35
15,26,0.14,1.0,0,35
10,98,0.74,1.0,0,35
10,96,0.72,1.0,0,35
10,94,0.7000000000000001,1.0,0,35
10,94,0.72,1.0,0,35
10,92,0.7000000000000001,1.0,0,35
10,92,0.72,1.0,0,35
10,90,0.7000000000000001,1.0,0,35
10,88,0.68,1.0,0,35
10,88,0.7000000000000001,1.0,0,35
10,86,0.68,1.0,0,35
10,82,0.66,1.0,0,35
10,80,0.64,1.0,0,35
10,78,0.64,1.0,0,35
10,76,0.62,1.0,0,35
10,62,0.52,1.0,0,35
10,42,0.32,1.0,0,35
10,34,0.22,1.0,0,35
10,32,0.2,1.0,0,35
10,28,0.16,1.0,0,35
5,96,0.72,1.0,0,35
5,94,0.7000000000000001,1.0,0,35
5,94,0.72,1.0,0,35
5,92,0.7000000000000001,1.0,0,35
5,90,0.7000000000000001,1.0,0,35
5,88,0.7000000000000001,1.0,0,35
5,86,0.68,1.0,0,35
5,82,0.66,1.0,0,35
5,46,0.38,1.0,0,35
5,34,0.22,1.0,0,35
5,30,0.18,1.0,0,35
25,94,0.72,1.0,0,36
25,84,0.68,1.0,0,36
25,82,0.66,1.0,0,36
25,82,0.68,1.0,0,36
25,80,0.66,1.0,0,36
25,78,0.66,1.0,0,36
25,74,0.62,1.0,0,36
25,72,0.6,1.0,0,36
25,70,0.58,1.0,0,36
25,66,0.56,1.0,0,36
25,64,0.54,1.0,0,36
25,54,0.46,1.0,0,36
25,40,0.3,1.0,0,36
25,32,0.2,1.0,0,36
25,30,0.18,1.0,0,36
20,90,0.7000000000000001,1.0,0,36
20,88,0.68,1.0,0,36
20,88,0.7000000000000001,1.0,0,36
20,86,0.68,1.0,0,36
20,82,0.66,1.0,0,36
20,80,0.66,1.0,0,36
20,76,0.64,1.0,0,36
20,74,0.62,1.0,0,36
20,72,0.6,1.0,0,36
20,70,0.58,1.0,0,36
20,64,0.54,1.0,0,36
20,62,0.52,1.0,0,36
20,32,0.2,1.0,0,36
20,30,0.18,1.0,0,36
15,94,0.72,1.0,0,36
15,92,0.7000000000000001,1.0,0,36
15,90,0.7000000000000001,1.0,0,36
15,86,0.68,1.0,0,36
15,80,0.64,1.0,0,36
15,78,0.64,1.0,0,36
15,62,0.52,1.0,0,36
15,40,0.28,1.0,0,36
15,32,0.2,1.0,0,36
15,30,0.18,1.0,0,36
10,90,0.68,1.0,0,36
10,84,0.66,1.0,0,36
10,82,0.64,1.0,0,36
10,78,0.62,1.0,0,36
10,60,0.5,1.0,0,36
10,46,0.36,1.0,0,36
10,44,0.34,1.0,0,36
10,36,0.24,1.0,0,36
10,30,0.18,1.0,0,36
5,100,0.74,1.0,0,36
5,96,0.7000000000000001,1.0,0,36
5,90,0.68,1.0,0,36
5,88,0.68,1.0,0,36
5,84,0.66,1.0,0,36
5,82,0.64,1.0,0,36
5,80,0.64,1.0,0,36
5,74,0.6,1.0,0,36
5,64,0.52,1.0,0,36
5,54,0.44,1.0,0,36
5,50,0.4,1.0,0,36
5,48,0.38,1.0,0,36
5,46,0.36,1.0,0,36
5,44,0.34,1.0,0,36
5,36,0.24,1.0,0,36
5,32,0.2,1.0,0,36
25,96,0.72,1.0,0,37
25,88,0.68,1.0,0,37
25,88,0.7000000000000001,1.0,0,37
25,86,0.68,1.0,0,37
25,86,0.7000000000000001,1.0,0,37
25,76,0.64,1.0,0,37
25,68,0.56,1.0,0,37
25,62,0.52,1.0,0,37
25,34,0.22,1.0,0,37
20,96,0.72,1.0,0,37
20,94,0.7000000000000001,1.0,0,37
20,94,0.72,1.0,0,37
20,92,0.7000000000000001,1.0,0,37
20,92,0.72,1.0,0,37
20,80,0.64,1.0,0,37
20,78,0.64,1.0,0,37
20,68,0.56,1.0,0,37
20,66,0.54,1.0,0,37
20,54,0.44,1.0,0,37
20,34,0.22,1.0,0,37
15,100,0.74,1.0,0,37
15,96,0.72,1.0,0,37
15,94,0.7000000000000001,1.0,0,37
15,90,0.68,1.0,0,37
15,88,0.68,1.0,0,37
15,82,0.64,1.0,0,37
15,76,0.62,1.0,0,37
15,68,0.56,1.0,0,37
15,54,0.44,1.0,0,37
15,52,0.42,1.0,0,37
15,34,0.22,1.0,0,37
10,100,0.74,1.0,0,37
10,92,0.68,1.0,0,37
10,86,0.66,1.0,0,37
10,74,0.6,1.0,0,37
10,66,0.54,1.0,0,37
10,54,0.44,1.0,0,37
10,48,0.38,1.0,0,37
10,40,0.28,1.0,0,37
10,38,0.26,1.0,0,37
5,98,0.72,1.0,0,37
5,94,0.68,1.0,0,37
5,92,0.68,1.0,0,37
5,86,0.66,1.0,0,37
5,82,0.62,1.0,0,37
5,80,0.6,1.0,0,37
5,80,0.62,1.0,0,37
5,78,0.6,1.0,0,37
5,78,0.62,1.0,0,37
5,76,0.6,1.0,0,37
5,72,0.58,1.0,0,37
5,70,0.56,1.0,0,37
5,68,0.54,1.0,0,37
5,62,0.5,1.0,0,37
5,58,0.48,1.0,0,37
5,56,0.46,1.0,0,37
5,52,0.42,1.0,0,37
5,40,0.28,1.0,0,37
5,38,0.26,1.0,0,37
5,30,0.16,1.0,0,37
25,98,0.72,1.0,0,38
25,94,0.7000000000000001,1.0,0,38
25,92,0.7000000000000001,1.0,0,38
25,90,0.7000000000000001,1.0,0,38
25,80,0.64,1.0,0,38
25,78,0.64,1.0,0,38
25,76,0.62,1.0,0,38
25,66,0.54,1.0,0,38
25,38,0.26,1.0,0,38
25,36,0.24,1.0,0,38
25,30,0.16,1.0,0,38
20,100,0.74,1.0,0,38
20,82,0.64,1.0,0,38
20,76,0.62,1.0,0,38
20,72,0.58,1.0,0,38
20,60,0.5,1.0,0,38
20,52,0.42,1.0,0,38
20,50,0.4,1.0,0,38
20,48,0.38,1.0,0,38
20,46,0.36,1.0,0,38
20,44,0.34,1.0,0,38
20,40,0.28,1.0,0,38
20,38,0.26,1.0,0,38
20,30,0.16,1.0,0,38
20,28,0.14,1.0,0,38
15,86,0.66,1.0,0,38
15,84,0.66,1.0,0,38
15,78,0.62,1.0,0,38
15,74,0.6,1.0,0,38
15,66,0.54,1.0,0,38
15,56,0.46,1.0,0,38
15,50,0.4,1.0,0,38
15,48,0.36,1.0,0,38
15,48,0.38,1.0,0,38
15,46,0.36,1.0,0,38
15,44,0.34,1.0,0,38
15,42,0.32,1.0,0,38
10,98,0.72,1.0,0,38
10,94,0.68,1.0,0,38
10,88,0.66,1.0,0,38
10,82,0.62,1.0,0,38
10,80,0.62,1.0,0,38
10,64,0.52,1.0,0,38
10,62,0.5,1.0,0,38
10,58,0.48,1.0,0,38
10,56,0.46,1.0,0,38
10,52,0.42,1.0,0,38
10,50,0.4,1.0,0,38
10,42,0.3,1.0,0,38
10,28,0.14,1.0,0,38
5,90,0.66,1.0,0,38
5,88,0.64,1.0,0,38
5,88,0.66,1.0,0,38
5,86,0.64,1.0,0,38
5,84,0.62,1.0,0,38
5,84,0.64,1.0,0,38
5,76,0.58,1.0,0,38
5,74,0.58,1.0,0,38
5,66,0.52,1.0,0,38
5,58,0.46,1.0,0,38
5,48,0.36,1.0,0,38
5,42,0.3,1.0,0,38
5,28,0.14,1.0,0,38
25,90,0.68,1.0,0,39
25,86,0.66,1.0,0,39
25,84,0.66,1.0,0,39
25,82,0.64,1.0,0,39
25,80,0.62,1.0,0,39
25,78,0.62,1.0,0,39
25,76,0.6,1.0,0,39
25,74,0.6,1.0,0,39
25,72,0.58,1.0,0,39
25,60,0.5,1.0,0,39
25,58,0.48,1.0,0,39
25,56,0.46,1.0,0,39
25,54,0.44,1.0,0,39
25,52,0.42,1.0,0,39
25,50,0.4,1.0,0,39
25,48,0.38,1.0,0,39
25,32,0.18,1.0,0,39
25,28,0.14,1.0,0,39
20,98,0.72,1.0,0,39
20,90,0.68,1.0,0,39
20,86,0.66,1.0,0,39
20,84,0.66,1.0,0,39
20,78,0.62,1.0,0,39
20,76,0.6,1.0,0,39
20,74,0.6,1.0,0,39
20,64,0.52,1.0,0,39
20,58,0.48,1.0,0,39
20,56,0.46,1.0,0,39
20,48,0.36,1.0,0,39
20,42,0.32,1.0,0,39
20,32,0.18,1.0,0,39
15,98,0.72,1.0,0,39
15,92,0.68,1.0,0,39
15,90,0.66,1.0,0,39
15,88,0.66,1.0,0,39
15,86,0.64,1.0,0,39
15,84,0.64,1.0,0,39
15,80,0.62,1.0,0,39
15,76,0.6,1.0,0,39
15,68,0.54,1.0,0,39
15,66,0.52,1.0,0,39
15,64,0.52,1.0,0,39
15,60,0.5,1.0,0,39
15,58,0.46,1.0,0,39
15,58,0.48,1.0,0,39
15,52,0.4,1.0,0,39
15,50,0.38,1.0,0,39
15,38,0.26,1.0,0,39
15,34,0.2,1.0,0,39
15,32,0.18,1.0,0,39
15,30,0.16,1.0,0,39
15,28,0.14,1.0,0,39
10,100,0.72,1.0,0,39
10,96,0.7000000000000001,1.0,0,39
10,90,0.66,1.0,0,39
10,88,0.64,1.0,0,39
10,86,0.64,1.0,0,39
10,84,0.64,1.0,0,39
10,76,0.6,1.0,0,39
10,72,0.58,1.0,0,39
10,60,0.48,1.0,0,39
10,58,0.46,1.0,0,39
10,52,0.4,1.0,0,39
10,50,0.38,1.0,0,39
10,48,0.36,1.0,0,39
10,46,0.34,1.0,0,39
10,44,0.32,1.0,0,39
5,100,0.72,1.0,0,39
5,98,0.7000000000000001,1.0,0,39
5,92,0.66,1.0,0,39
5,90,0.64,1.0,0,39
5,64,0.5,1.0,0,39
5,62,0.48,1.0,0,39
5,60,0.48,1.0,0,39
5,56,0.44,1.0,0,39
5,54,0.42,1.0,0,39
5,52,0.38,1.0,0,39
5,52,0.4,1.0,0,39
5,50,0.38,1.0,0,39
5,46,0.34,1.0,0,39
5,32,0.18,1.0,0,39
5,26,0.12,1.0,0,39
25,100,0.72,1.0,0,40
25,92,0.68,1.0,0,40
25,68,0.54,1.0,0,40
25,64,0.52,1.0,0,40
25,62,0.5,1.0,0,40
25,60,0.48,1.0,0,40
25,52,0.4,1.0,0,40
25,50,0.38,1.0,0,40
25,46,0.36,1.0,0,40
25,44,0.34,1.0,0,40
25,42,0.32,1.0,0,40
25,40,0.28,1.0,0,40
20,100,0.72,1.0,0,40
20,96,0.7000000000000001,1.0,0,40
20,92,0.68,1.0,0,40
20,88,0.66,1.0,0,40
20,86,0.64,1.0,0,40
20,84,0.64,1.0,0,40
20,80,0.62,1.0,0,40
20,68,0.54,1.0,0,40
20,66,0.52,1.0,0,40
20,62,0.5,1.0,0,40
20,60,0.48,1.0,0,40
20,58,0.46,1.0,0,40
20,52,0.4,1.0,0,40
20,50,0.38,1.0,0,40
20,26,0.12,1.0,0,40
15,100,0.72,1.0,0,40
15,96,0.7000000000000001,1.0,0,40
15,94,0.68,1.0,0,40
15,78,0.6,1.0,0,40
15,72,0.58,1.0,0,40
15,62,0.5,1.0,0,40
15,60,0.48,1.0,0,40
15,54,0.42,1.0,0,40
15,42,0.3,1.0,0,40
15,36,0.24,1.0,0,40
10,98,0.7000000000000001,1.0,0,40
10,92,0.66,1.0,0,40
10,84,0.62,1.0,0,40
10,80,0.6,1.0,0,40
10,78,0.6,1.0,0,40
10,74,0.58,1.0,0,40
10,70,0.56,1.0,0,40
10,68,0.54,1.0,0,40
10,66,0.52,1.0,0,40
10,64,0.5,1.0,0,40
10,56,0.44,1.0,0,40
10,54,0.42,1.0,0,40
10,52,0.38,1.0,0,40
10,38,0.24,1.0,0,40
10,26,0.12,1.0,0,40
5,96,0.68,1.0,0,40
5,94,0.66,1.0,0,40
5,86,0.62,1.0,0,40
5,82,0.6,1.0,0,40
5,72,0.56,1.0,0,40
5,60,0.46,1.0,0,40
5,56,0.42,1.0,0,40
5,54,0.4,1.0,0,40
5,44,0.32,1.0,0,40
5,40,0.26,1.0,0,40
25,96,0.7000000000000001,1.0,0,41
25,90,0.66,1.0,0,41
25,88,0.66,1.0,0,41
25,86,0.64,1.0,0,41
25,84,0.64,1.0,0,41
25,70,0.56,1.0,0,41
25,66,0.5,1.0,0,41
25,66,0.52,1.0,0,41
25,64,0.48,1.0,0,41
25,64,0.5,1.0,0,41
25,62,0.48,1.0,0,41
25,60,0.46,1.0,0,41
25,58,0.46,1.0,0,41
25,56,0.44,1.0,0,41
25,54,0.42,1.0,0,41
25,36,0.22,1.0,0,41
25,34,0.2,1.0,0,41
20,90,0.66,1.0,0,41
20,78,0.6,1.0,0,41
20,74,0.58,1.0,0,41
20,70,0.56,1.0,0,41
20,66,0.5,1.0,0,41
20,64,0.48,1.0,0,41
20,64,0.5,1.0,0,41
20,62,0.48,1.0,0,41
20,60,0.46,1.0,0,41
20,56,0.44,1.0,0,41
20,54,0.42,1.0,0,41
20,52,0.38,1.0,0,41
20,46,0.34,1.0,0,41
20,44,0.32,1.0,0,41
20,36,0.24,1.0,0,41
20,34,0.2,1.0,0,41
15,92,0.66,1.0,0,41
15,82,0.62,1.0,0,41
15,80,0.6,1.0,0,41
15,74,0.58,1.0,0,41
15,70,0.56,1.0,0,41
15,64,0.5,1.0,0,41
15,62,0.48,1.0,0,41
15,60,0.46,1.0,0,41
15,56,0.44,1.0,0,41
15,52,0.38,1.0,0,41
15,46,0.34,1.0,0,41
15,44,0.32,1.0,0,41
15,36,0.22,1.0,0,41
15,32,0.16,1.0,0,41
10,100,0.7000000000000001,1.0,0,41
10,80,0.58,1.0,0,41
10,78,0.58,1.0,0,41
10,76,0.56,1.0,0,41
10,76,0.58,1.0,0,41
10,74,0.56,1.0,0,41
10,72,0.56,1.0,0,41
10,62,0.48,1.0,0,41
10,60,0.46,1.0,0,41
10,54,0.4,1.0,0,41
10,36,0.22,1.0,0,41
10,34,0.2,1.0,0,41
10,32,0.16,1.0,0,41
10,32,0.18,1.0,0,41
10,30,0.16,1.0,0,41
5,100,0.7000000000000001,1.0,0,41
5,96,0.66,1.0,0,41
5,92,0.64,1.0,0,41
5,88,0.62,1.0,0,41
5,80,0.58,1.0,0,41
5,78,0.58,1.0,0,41
5,76,0.56,1.0,0,41
5,74,0.54,1.0,0,41
5,74,0.56,1.0,0,41
5,72,0.54,1.0,0,41
5,70,0.52,1.0,0,41
5,70,0.54,1.0,0,41
5,68,0.52,1.0,0,41
5,58,0.44,1.0,0,41
5,50,0.36,1.0,0,41
5,38,0.24,1.0,0,41
5,36,0.22,1.0,0,41
5,34,0.2,1.0,0,41
5,32,0.16,1.0,0,41
25,94,0.68,1.0,0,42
25,80,0.6,1.0,0,42
25,78,0.6,1.0,0,42
25,76,0.58,1.0,0,42
25,74,0.56,1.0,0,42
25,74,0.58,1.0,0,42
25,72,0.56,1.0,0,42
25,58,0.44,1.0,0,42
25,56,0.42,1.0,0,42
25,48,0.36,1.0,0,42
25,46,0.34,1.0,0,42
25,44,0.32,1.0,0,42
25,42,0.3,1.0,0,42
25,38,0.24,1.0,0,42
20,100,0.7000000000000001,1.0,0,42
20,98,0.7000000000000001,1.0,0,42
20,94,0.68,1.0,0,42
20,82,0.62,1.0,0,42
20,80,0.6,1.0,0,42
20,78,0.58,1.0,0,42
20,76,0.58,1.0,0,42
20,74,0.56,1.0,0,42
20,72,0.56,1.0,0,42
20,70,0.54,1.0,0,42
20,62,0.46,1.0,0,42
20,60,0.44,1.0,0,42
20,58,0.42,1.0,0,42
20,58,0.44,1.0,0,42
20,56,0.42,1.0,0,42
20,54,0.4,1.0,0,42
20,50,0.36,1.0,0,42
20,42,0.3,1.0,0,42
20,38,0.24,1.0,0,42
20,36,0.22,1.0,0,42
15,100,0.7000000000000001,1.0,0,42
15,98,0.7000000000000001,1.0,0,42
15,96,0.68,1.0,0,42
15,88,0.64,1.0,0,42
15,84,0.62,1.0,0,42
15,82,0.6,1.0,0,42
15,78,0.58,1.0,0,42
15,76,0.58,1.0,0,42
15,74,0.56,1.0,0,42
15,72,0.54,1.0,0,42
15,72,0.56,1.0,0,42
15,70,0.54,1.0,0,42
15,66,0.5,1.0,0,42
15,64,0.48,1.0,0,42
15,62,0.46,1.0,0,42
15,60,0.44,1.0,0,42
15,58,0.42,1.0,0,42
15,58,0.44,1.0,0,42
15,56,0.42,1.0,0,42
15,54,0.4,1.0,0,42
15,50,0.36,1.0,0,42
15,46,0.32,1.0,0,42
15,44,0.3,1.0,0,42
15,38,0.24,1.0,0,42
15,26,0.12,1.0,0,42
10,96,0.68,1.0,0,42
10,94,0.66,1.0,0,42
10,90,0.64,1.0,0,42
10,86,0.62,1.0,0,42
10,82,0.6,1.0,0,42
10,74,0.54,1.0,0,42
10,72,0.54,1.0,0,42
10,70,0.54,1.0,0,42
10,68,0.52,1.0,0,42
10,66,0.5,1.0,0,42
10,64,0.48,1.0,0,42
10,60,0.44,1.0,0,42
10,58,0.42,1.0,0,42
10,58,0.44,1.0,0,42
10,56,0.42,1.0,0,42
10,50,0.36,1.0,0,42
10,46,0.32,1.0,0,42
10,40,0.26,1.0,0,42
5,98,0.68,1.0,0,42
5,94,0.64,1.0,0,42
5,90,0.62,1.0,0,42
5,84,0.6,1.0,0,42
5,78,0.56,1.0,0,42
5,72,0.52,1.0,0,42
5,66,0.5,1.0,0,42
5,64,0.48,1.0,0,42
5,58,0.42,1.0,0,42
5,46,0.32,1.0,0,42
5,30,0.14,1.0,0,42
25,98,0.7000000000000001,1.0,0,43
25,84,0.62,1.0,0,43
25,82,0.62,1.0,0,43
25,78,0.58,1.0,0,43
25,70,0.54,1.0,0,43
25,68,0.52,1.0,0,43
25,60,0.44,1.0,0,43
25,54,0.4,1.0,0,43
25,44,0.3,1.0,0,43
25,42,0.28,1.0,0,43
25,40,0.26,1.0,0,43
20,96,0.68,1.0,0,43
20,92,0.66,1.0,0,43
20,84,0.62,1.0,0,43
20,76,0.56,1.0,0,43
20,68,0.52,1.0,0,43
20,56,0.4,1.0,0,43
20,46,0.32,1.0,0,43
20,44,0.3,1.0,0,43
20,42,0.28,1.0,0,43
20,30,0.14,1.0,0,43
15,98,0.68,1.0,0,43
15,94,0.66,1.0,0,43
15,88,0.62,1.0,0,43
15,86,0.62,1.0,0,43
15,76,0.56,1.0,0,43
15,70,0.52,1.0,0,43
15,68,0.52,1.0,0,43
15,56,0.4,1.0,0,43
15,50,0.34,1.0,0,43
15,48,0.32,1.0,0,43
15,48,0.34,1.0,0,43
15,30,0.14,1.0,0,43
10,100,0.68,1.0,0,43
10,98,0.68,1.0,0,43
10,88,0.62,1.0,0,43
10,84,0.6,1.0,0,43
10,78,0.56,1.0,0,43
10,70,0.52,1.0,0,43
10,68,0.5,1.0,0,43
10,64,0.46,1.0,0,43
10,62,0.44,1.0,0,43
10,62,0.46,1.0,0,43
10,56,0.4,1.0,0,43
10,48,0.34,1.0,0,43
10,44,0.28,1.0,0,43
10,44,0.3,1.0,0,43
10,42,0.28,1.0,0,43
10,30,0.14,1.0,0,43
5,100,0.68,1.0,0,43
5,92,0.62,1.0,0,43
5,86,0.6,1.0,0,43
5,82,0.58,1.0,0,43
5,76,0.54,1.0,0,43
5,68,0.5,1.0,0,43
5,64,0.46,1.0,0,43
5,62,0.44,1.0,0,43
5,62,0.46,1.0,0,43
5,60,0.44,1.0,0,43
5,56,0.4,1.0,0,43
5,54,0.38,1.0,0,43
5,48,0.34,1.0,0,43
5,44,0.3,1.0,0,43
5,42,0.28,1.0,0,43
5,28,0.12,1.0,0,43
5,26,0.1,1.0,0,43
25,100,0.7000000000000001,1.0,0,44
25,96,0.68,1.0,0,44
25,92,0.66,1.0,0,44
25,72,0.54,1.0,0,44
25,62,0.46,1.0,0,44
25,56,0.4,1.0,0,44
25,52,0.38,1.0,0,44
25,50,0.36,1.0,0,44
25,48,0.32,1.0,0,44
25,48,0.34,1.0,0,44
25,46,0.3,1.0,0,44
25,46,0.32,1.0,0,44
20,98,0.68,1.0,0,44
20,90,0.64,1.0,0,44
20,88,0.64,1.0,0,44
20,86,0.62,1.0,0,44
20,82,0.6,1.0,0,44
20,74,0.54,1.0,0,44
20,72,0.54,1.0,0,44
20,70,0.52,1.0,0,44
20,68,0.5,1.0,0,44
20,64,0.46,1.0,0,44
20,60,0.42,1.0,0,44
20,54,0.38,1.0,0,44
20,50,0.34,1.0,0,44
20,48,0.32,1.0,0,44
20,48,0.34,1.0,0,44
20,46,0.3,1.0,0,44
20,40,0.26,1.0,0,44
20,38,0.22,1.0,0,44
20,32,0.16,1.0,0,44
15,100,0.68,1.0,0,44
15,96,0.66,1.0,0,44
15,90,0.64,1.0,0,44
15,86,0.6,1.0,0,44
15,84,0.6,1.0,0,44
15,80,0.58,1.0,0,44
15,78,0.56,1.0,0,44
15,74,0.54,1.0,0,44
15,72,0.52,1.0,0,44
15,70,0.5,1.0,0,44
15,68,0.5,1.0,0,44
15,64,0.46,1.0,0,44
15,62,0.44,1.0,0,44
15,54,0.38,1.0,0,44
15,52,0.36,1.0,0,44
15,40,0.26,1.0,0,44
10,98,0.66,1.0,0,44
10,96,0.66,1.0,0,44
10,92,0.64,1.0,0,44
10,88,0.6,1.0,0,44
10,86,0.6,1.0,0,44
10,84,0.58,1.0,0,44
10,82,0.58,1.0,0,44
10,80,0.56,1.0,0,44
10,76,0.54,1.0,0,44
10,72,0.52,1.0,0,44
10,66,0.48,1.0,0,44
10,60,0.42,1.0,0,44
10,56,0.38,1.0,0,44
10,54,0.38,1.0,0,44
10,52,0.36,1.0,0,44
10,50,0.34,1.0,0,44
10,48,0.3,1.0,0,44
10,48,0.32,1.0,0,44
10,46,0.3,1.0,0,44
5,100,0.66,1.0,0,44
5,98,0.66,1.0,0,44
5,88,0.6,1.0,0,44
5,84,0.58,1.0,0,44
5,78,0.54,1.0,0,44
5,70,0.5,1.0,0,44
5,66,0.48,1.0,0,44
5,64,0.44,1.0,0,44
5,60,0.42,1.0,0,44
5,58,0.4,1.0,0,44
5,52,0.36,1.0,0,44
5,50,0.34,1.0,0,44
5,48,0.32,1.0,0,44
5,44,0.28,1.0,0,44
5,34,0.18,1.0,0,44
25,88,0.64,1.0,0,45
25,76,0.56,1.0,0,45
25,58,0.42,1.0,0,45
25,50,0.34,1.0,0,45
25,38,0.22,1.0,0,45
25,36,0.2,1.0,0,45
25,34,0.18,1.0,0,45
20,100,0.68,1.0,0,45
20,94,0.66,1.0,0,45
20,84,0.6,1.0,0,45
20,80,0.58,1.0,0,45
20,72,0.52,1.0,0,45
20,66,0.48,1.0,0,45
20,62,0.44,1.0,0,45
20,58,0.4,1.0,0,45
20,44,0.28,1.0,0,45
20,36,0.2,1.0,0,45
20,34,0.18,1.0,0,45
15,98,0.66,1.0,0,45
15,92,0.64,1.0,0,45
15,82,0.58,1.0,0,45
15,76,0.54,1.0,0,45
15,74,0.52,1.0,0,45
15,68,0.48,1.0,0,45
15,66,0.46,1.0,0,45
15,66,0.48,1.0,0,45
15,64,0.44,1.0,0,45
15,62,0.42,1.0,0,45
15,60,0.42,1.0,0,45
15,58,0.4,1.0,0,45
15,56,0.38,1.0,0,45
15,52,0.34,1.0,0,45
15,46,0.3,1.0,0,45
15,42,0.28,1.0,0,45
15,38,0.22,1.0,0,45
15,36,0.2,1.0,0,45
15,34,0.18,1.0,0,45
10,94,0.64,1.0,0,45
10,90,0.62,1.0,0,45
10,86,0.58,1.0,0,45
10,84,0.56,1.0,0,45
10,82,0.56,1.0,0,45
10,70,0.5,1.0,0,45
10,58,0.4,1.0,0,45
10,52,0.34,1.0,0,45
10,50,0.32,1.0,0,45
10,26,0.1,1.0,0,45
5,86,0.58,1.0,0,45
5,82,0.56,1.0,0,45
5,80,0.56,1.0,0,45
5,74,0.52,1.0,0,45
5,68,0.48,1.0,0,45
5,66,0.46,1.0,0,45
5,62,0.42,1.0,0,45
5,56,0.38,1.0,0,45
5,54,0.36,1.0,0,45
5,52,0.34,1.0,0,45
5,50,0.32,1.0,0,45
5,46,0.3,1.0,0,45
5,38,0.22,1.0,0,45
5,36,0.2,1.0,0,45
25,98,0.68,1.0,0,46
25,94,0.66,1.0,0,46
25,90,0.64,1.0,0,46
25,86,0.62,1.0,0,46
25,84,0.6,1.0,0,46
25,82,0.6,1.0,0,46
25,74,0.54,1.0,0,46
25,72,0.52,1.0,0,46
25,70,0.52,1.0,0,46
25,68,0.5,1.0,0,46
25,64,0.46,1.0,0,46
25,54,0.38,1.0,0,46
25,52,0.36,1.0,0,46
25,50,0.32,1.0,0,46
25,48,0.3,1.0,0,46
25,44,0.28,1.0,0,46
25,42,0.26,1.0,0,46
25,40,0.24,1.0,0,46
25,30,0.14,1.0,0,46
20,86,0.6,1.0,0,46
20,82,0.58,1.0,0,46
20,78,0.56,1.0,0,46
20,76,0.54,1.0,0,46
20,56,0.38,1.0,0,46
20,52,0.36,1.0,0,46
20,50,0.32,1.0,0,46
15,100,0.66,1.0,0,46
15,90,0.62,1.0,0,46
15,88,0.6,1.0,0,46
15,86,0.58,1.0,0,46
15,84,0.58,1.0,0,46
15,80,0.56,1.0,0,46
15,78,0.54,1.0,0,46
15,60,0.4,1.0,0,46
15,58,0.38,1.0,0,46
15,54,0.36,1.0,0,46
15,50,0.32,1.0,0,46
15,48,0.3,1.0,0,46
15,44,0.28,1.0,0,46
15,26,0.1,1.0,0,46
10,100,0.66,1.0,0,46
10,96,0.64,1.0,0,46
10,92,0.62,1.0,0,46
10,90,0.6,1.0,0,46
10,88,0.58,1.0,0,46
10,78,0.54,1.0,0,46
10,74,0.52,1.0,0,46
10,68,0.48,1.0,0,46
10,66,0.46,1.0,0,46
10,64,0.44,1.0,0,46
10,62,0.42,1.0,0,46
10,60,0.4,1.0,0,46
10,54,0.36,1.0,0,46
10,46,0.28,1.0,0,46
10,42,0.26,1.0,0,46
10,38,0.22,1.0,0,46
10,34,0.18,1.0,0,46
10,28,0.12,1.0,0,46
5,96,0.64,1.0,0,46
5,94,0.62,1.0,0,46
5,90,0.6,1.0,0,46
5,84,0.56,1.0,0,46
5,80,0.54,1.0,0,46
5,76,0.52,1.0,0,46
5,58,0.38,1.0,0,46
5,52,0.32,1.0,0,46
5,48,0.3,1.0,0,46
5,42,0.26,1.0,0,46
25,100,0.68,1.0,0,47
25,96,0.66,1.0,0,47
25,88,0.62,1.0,0,47
25,80,0.58,1.0,0,47
25,78,0.56,1.0,0,47
25,76,0.54,1.0,0,47
25,74,0.52,1.0,0,47
25,70,0.5,1.0,0,47
25,68,0.48,1.0,0,47
25,66,0.48,1.0,0,47
25,62,0.44,1.0,0,47
25,60,0.42,1.0,0,47
25,54,0.36,1.0,0,47
25,52,0.34,1.0,0,47
25,32,0.16,1.0,0,47
25,26,0.1,1.0,0,47
20,98,0.66,1.0,0,47
20,96,0.66,1.0,0,47
20,92,0.64,1.0,0,47
20,88,0.62,1.0,0,47
20,84,0.58,1.0,0,47
20,80,0.56,1.0,0,47
20,74,0.52,1.0,0,47
20,70,0.5,1.0,0,47
20,68,0.48,1.0,0,47
20,66,0.46,1.0,0,47
20,64,0.44,1.0,0,47
20,54,0.36,1.0,0,47
20,52,0.34,1.0,0,47
20,48,0.3,1.0,0,47
20,46,0.28,1.0,0,47
20,42,0.26,1.0,0,47
20,40,0.24,1.0,0,47
20,36,0.18,1.0,0,47
15,94,0.64,1.0,0,47
15,90,0.6,1.0,0,47
15,82,0.56,1.0,0,47
15,56,0.36,1.0,0,47
15,46,0.28,1.0,0,47
15,42,0.26,1.0,0,47
15,40,0.24,1.0,0,47
15,36,0.18,1.0,0,47
15,28,0.12,1.0,0,47
10,80,0.54,1.0,0,47
10,76,0.52,1.0,0,47
10,74,0.5,1.0,0,47
10,72,0.48,1.0,0,47
10,72,0.5,1.0,0,47
10,70,0.48,1.0,0,47
10,68,0.46,1.0,0,47
10,58,0.38,1.0,0,47
10,50,0.3,1.0,0,47
10,40,0.24,1.0,0,47
10,36,0.2,1.0,0,47
5,98,0.64,1.0,0,47
5,90,0.58,1.0,0,47
5,88,0.58,1.0,0,47
5,86,0.56,1.0,0,47
5,82,0.54,1.0,0,47
5,72,0.5,1.0,0,47
5,70,0.48,1.0,0,47
5,68,0.46,1.0,0,47
5,60,0.4,1.0,0,47
5,56,0.36,1.0,0,47
5,46,0.28,1.0,0,47
5,34,0.16,1.0,0,47
25,92,0.64,1.0,0,48
25,86,0.6,1.0,0,48
25,82,0.58,1.0,0,48
25,80,0.56,1.0,0,48
25,78,0.54,1.0,0,48
25,72,0.5,1.0,0,48
25,66,0.46,1.0,0,48
25,58,0.4,1.0,0,48
25,46,0.28,1.0,0,48
25,44,0.26,1.0,0,48
25,42,0.24,1.0,0,48
25,28,0.12,1.0,0,48
20,94,0.64,1.0,0,48
20,90,0.62,1.0,0,48
20,88,0.6,1.0,0,48
20,84,0.56,1.0,0,48
20,82,0.56,1.0,0,48
20,80,0.54,1.0,0,48
20,78,0.54,1.0,0,48
20,76,0.52,1.0,0,48
20,72,0.5,1.0,0,48
20,70,0.48,1.0,0,48
20,62,0.42,1.0,0,48
20,44,0.26,1.0,0,48
20,38,0.2,1.0,0,48
20,28,0.12,1.0,0,48
20,26,0.1,1.0,0,48
15,96,0.64,1.0,0,48
15,94,0.62,1.0,0,48
15,92,0.62,1.0,0,48
15,84,0.56,1.0,0,48
15,80,0.54,1.0,0,48
15,76,0.52,1.0,0,48
15,74,0.5,1.0,0,48
15,72,0.5,1.0,0,48
15,70,0.48,1.0,0,48
15,68,0.46,1.0,0,48
15,44,0.26,1.0,0,48
15,42,0.24,1.0,0,48
15,40,0.22,1.0,0,48
15,38,0.2,1.0,0,48
10,98,0.64,1.0,0,48
10,94,0.62,1.0,0,48
10,92,0.6,1.0,0,48
10,86,0.56,1.0,0,48
10,78,0.52,1.0,0,48
10,76,0.5,1.0,0,48
10,66,0.44,1.0,0,48
10,56,0.36,1.0,0,48
10,54,0.34,1.0,0,48
10,38,0.2,1.0,0,48
10,36,0.18,1.0,0,48
5,92,0.6,1.0,0,48
5,78,0.52,1.0,0,48
5,76,0.5,1.0,0,48
5,74,0.5,1.0,0,48
5,72,0.48,1.0,0,48
5,70,0.46,1.0,0,48
5,66,0.44,1.0,0,48
5,54,0.34,1.0,0,48
5,40,0.24,1.0,0,48
5,38,0.2,1.0,0,48
25,82,0.56,1.0,0,49
25,64,0.44,1.0,0,49
25,56,0.38,1.0,0,49
25,36,0.18,1.0,0,49
20,100,0.66,1.0,0,49
20,96,0.64,1.0,0,49
20,92,0.62,1.0,0,49
20,86,0.58,1.0,0,49
20,68,0.46,1.0,0,49
20,60,0.4,1.0,0,49
20,58,0.38,1.0,0,49
20,54,0.34,1.0,0,49
20,42,0.24,1.0,0,49
20,40,0.22,1.0,0,49
20,34,0.16,1.0,0,49
15,92,0.6,1.0,0,49
15,82,0.54,1.0,0,49
15,78,0.52,1.0,0,49
15,54,0.34,1.0,0,49
15,34,0.16,1.0,0,49
15,24,0.08,1.0,0,49
10,96,0.62,1.0,0,49
10,90,0.58,1.0,0,49
10,82,0.54,1.0,0,49
10,70,0.46,1.0,0,49
10,64,0.42,1.0,0,49
10,62,0.4,1.0,0,49
10,52,0.32,1.0,0,49
10,48,0.28,1.0,0,49
10,44,0.26,1.0,0,49
10,42,0.24,1.0,0,49
10,34,0.16,1.0,0,49
5,100,0.64,1.0,0,49
5,96,0.62,1.0,0,49
5,88,0.56,1.0,0,49
5,80,0.52,1.0,0,49
5,50,0.3,1.0,0,49
5,48,0.28,1.0,0,49
5,44,0.26,1.0,0,49
5,42,0.24,1.0,0,49
5,40,0.22,1.0,0,49
5,36,0.18,1.0,0,49
25,90,0.62,1.0,0,50
25,84,0.58,1.0,0,50
25,76,0.52,1.0,0,50
25,70,0.48,1.0,0,50
25,62,0.42,1.0,0,50
25,40,0.22,1.0,0,50
20,98,0.64,1.0,0,50
20,90,0.6,1.0,0,50
20,88,0.58,1.0,0,50
20,74,0.5,1.0,0,50
20,56,0.36,1.0,0,50
20,52,0.32,1.0,0,50
20,48,0.28,1.0,0,50
15,98,0.64,1.0,0,50
15,88,0.58,1.0,0,50
15,86,0.56,1.0,0,50
15,76,0.5,1.0,0,50
15,74,0.48,1.0,0,50
15,72,0.48,1.0,0,50
15,66,0.44,1.0,0,50
15,52,0.32,1.0,0,50
15,50,0.3,1.0,0,50
10,100,0.64,1.0,0,50
10,80,0.52,1.0,0,50
10,74,0.48,1.0,0,50
10,68,0.44,1.0,0,50
10,60,0.38,1.0,0,50
10,46,0.26,1.0,0,50
10,40,0.22,1.0,0,50
5,94,0.6,1.0,0,50
5,84,0.54,1.0,0,50
5,74,0.48,1.0,0,50
5,64,0.42,1.0,0,50
5,62,0.4,1.0,0,50
5,46,0.26,1.0,0,50
25,100,0.66,1.0,0,51
25,98,0.66,1.0,0,51
25,94,0.64,1.0,0,51
25,90,0.6,1.0,0,51
25,88,0.6,1.0,0,51
25,86,0.58,1.0,0,51
25,80,0.54,1.0,0,51
25,74,0.5,1.0,0,51
25,68,0.46,1.0,0,51
25,60,0.4,1.0,0,51
25,58,0.38,1.0,0,51
25,56,0.36,1.0,0,51
25,38,0.2,1.0,0,51
25,34,0.16,1.0,0,51
20,94,0.62,1.0,0,51
20,78,0.52,1.0,0,51
20,76,0.5,1.0,0,51
20,74,0.48,1.0,0,51
20,72,0.48,1.0,0,51
20,66,0.44,1.0,0,51
20,50,0.3,1.0,0,51
15,80,0.52,1.0,0,51
15,70,0.46,1.0,0,51
15,62,0.4,1.0,0,51
10,88,0.56,1.0,0,51
10,58,0.36,1.0,0,51
10,56,0.34,1.0,0,51
10,54,0.32,1.0,0,51
5,98,0.62,1.0,0,51
5,92,0.58,1.0,0,51
5,68,0.44,1.0,0,51
5,60,0.38,1.0,0,51
5,32,0.14,1.0,0,51
5,28,0.1,1.0,0,51
25,96,0.64,1.0,0,52
25,92,0.62,1.0,0,52
25,78,0.52,1.0,0,52
25,72,0.48,1.0,0,52
25,54,0.34,1.0,0,52
25,52,0.32,1.0,0,52
20,82,0.54,1.0,0,52
20,80,0.52,1.0,0,52
20,78,0.5,1.0,0,52
20,70,0.46,1.0,0,52
15,100,0.64,1.0,0,52
15,98,0.62,1.0,0,52
15,96,0.62,1.0,0,52
15,90,0.58,1.0,0,52
15,84,0.54,1.0,0,52
15,78,0.5,1.0,0,52
15,72,0.46,1.0,0,52
15,64,0.42,1.0,0,52
15,60,0.38,1.0,0,52
15,46,0.26,1.0,0,52
10,98,0.62,1.0,0,52
10,94,0.6,1.0,0,52
10,92,0.58,1.0,0,52
10,84,0.54,1.0,0,52
10,78,0.5,1.0,0,52
10,44,0.24,1.0,0,52
10,28,0.1,1.0,0,52
10,26,0.08,1.0,0,52
5,100,0.62,1.0,0,52
5,96,0.6,1.0,0,52
5,86,0.54,1.0,0,52
5,84,0.52,1.0,0,52
5,82,0.52,1.0,0,52
5,78,0.5,1.0,0,52
5,66,0.42,1.0,0,52
5,58,0.36,1.0,0,52
5,56,0.34,1.0,0,52
5,44,0.24,1.0,0,52
5,26,0.08,1.0,0,52
25,94,0.62,1.0,0,53
25,84,0.56,1.0,0,53
25,66,0.44,1.0,0,53
25,64,0.42,1.0,0,53
25,48,0.28,1.0,0,53
25,46,0.26,1.0,0,53
20,100,0.64,1.0,0,53
20,92,0.6,1.0,0,53
20,72,0.46,1.0,0,53
20,62,0.4,1.0,0,53
20,60,0.38,1.0,0,53
20,46,0.26,1.0,0,53
15,100,0.62,1.0,0,53
15,94,0.6,1.0,0,53
15,68,0.44,1.0,0,53
15,54,0.32,1.0,0,53
15,48,0.28,1.0,0,53
15,44,0.24,1.0,0,53
15,40,0.2,1.0,0,53
10,100,0.62,1.0,0,53
10,96,0.6,1.0,0,53
10,82,0.52,1.0,0,53
10,72,0.46,1.0,0,53
10,66,0.42,1.0,0,53
10,32,0.14,1.0,0,53
10,30,0.12,1.0,0,53
5,90,0.56,1.0,0,53
5,76,0.48,1.0,0,53
5,72,0.46,1.0,0,53
5,64,0.4,1.0,0,53
5,62,0.38,1.0,0,53
5,52,0.3,1.0,0,53
5,42,0.22,1.0,0,53
5,30,0.12,1.0,0,53
25,88,0.58,1.0,0,54
25,82,0.54,1.0,0,54
25,80,0.52,1.0,0,54
25,62,0.4,1.0,0,54
25,50,0.3,1.0,0,54
25,44,0.24,1.0,0,54
20,96,0.62,1.0,0,54
20,64,0.42,1.0,0,54
20,58,0.36,1.0,0,54
20,44,0.24,1.0,0,54
15,88,0.56,1.0,0,54
15,76,0.48,1.0,0,54
15,66,0.42,1.0,0,54
15,58,0.36,1.0,0,54
15,56,0.34,1.0,0,54
15,42,0.22,1.0,0,54
15,28,0.1,1.0,0,54
10,86,0.54,1.0,0,54
10,84,0.52,1.0,0,54
10,80,0.5,1.0,0,54
10,76,0.48,1.0,0,54
10,64,0.4,1.0,0,54
10,62,0.38,1.0,0,54
10,52,0.3,1.0,0,54
10,42,0.22,1.0,0,54
5,98,0.6,1.0,0,54
5,94,0.58,1.0,0,54
5,86,0.52,1.0,0,54
5,80,0.5,1.0,0,54
5,74,0.46,1.0,0,54
5,70,0.44,1.0,0,54
5,60,0.36,1.0,0,54
5,54,0.32,1.0,0,54
5,50,0.28,1.0,0,54
5,40,0.2,1.0,0,54
5,38,0.18,1.0,0,54
25,98,0.64,1.0,0,55
25,96,0.62,1.0,0,55
25,86,0.56,1.0,0,55
25,76,0.5,1.0,0,55
25,74,0.48,1.0,0,55
25,32,0.14,1.0,0,55
20,86,0.56,1.0,0,55
20,84,0.54,1.0,0,55
20,70,0.44,1.0,0,55
20,68,0.44,1.0,0,55
20,66,0.42,1.0,0,55
20,64,0.4,1.0,0,55
20,32,0.14,1.0,0,55
15,82,0.52,1.0,0,55
15,74,0.46,1.0,0,55
15,70,0.44,1.0,0,55
15,62,0.38,1.0,0,55
15,52,0.3,1.0,0,55
15,50,0.28,1.0,0,55
15,48,0.26,1.0,0,55
15,46,0.24,1.0,0,55
15,26,0.08,1.0,0,55
10,98,0.6,1.0,0,55
10,74,0.46,1.0,0,55
10,72,0.44,1.0,0,55
10,70,0.44,1.0,0,55
10,60,0.36,1.0,0,55
10,50,0.28,1.0,0,55
10,40,0.2,1.0,0,55
10,38,0.18,1.0,0,55
10,36,0.16,1.0,0,55
5,92,0.56,1.0,0,55
5,88,0.54,1.0,0,55
5,82,0.5,1.0,0,55
5,72,0.44,1.0,0,55
5,58,0.34,1.0,0,55
5,24,0.06,1.0,0,55
25,100,0.64,1.0,0,56
25,94,0.6,1.0,0,56
25,92,0.6,1.0,0,56
25,90,0.58,1.0,0,56
25,72,0.46,1.0,0,56
25,70,0.46,1.0,0,56
25,68,0.44,1.0,0,56
25,60,0.38,1.0,0,56
25,58,0.36,1.0,0,56
25,42,0.22,1.0,0,56
25,40,0.2,1.0,0,56
20,90,0.58,1.0,0,56
20,76,0.48,1.0,0,56
20,42,0.22,1.0,0,56
20,40,0.2,1.0,0,56
15,96,0.6,1.0,0,56
15,84,0.52,1.0,0,56
15,82,0.5,1.0,0,56
15,80,0.5,1.0,0,56
15,68,0.42,1.0,0,56
15,64,0.4,1.0,0,56
15,44,0.22,1.0,0,56
15,38,0.18,1.0,0,56
15,32,0.14,1.0,0,56
10,90,0.56,1.0,0,56
10,82,0.5,1.0,0,56
10,68,0.42,1.0,0,56
5,100,0.6,1.0,0,56
5,98,0.58,1.0,0,56
5,96,0.58,1.0,0,56
5,90,0.54,1.0,0,56
5,78,0.48,1.0,0,56
5,76,0.46,1.0,0,56
5,68,0.42,1.0,0,56
5,56,0.32,1.0,0,56
5,48,0.26,1.0,0,56
5,46,0.24,1.0,0,56
5,42,0.2,1.0,0,56
5,36,0.16,1.0,0,56
25,84,0.54,1.0,0,57
25,78,0.5,1.0,0,57
25,66,0.42,1.0,0,57
25,44,0.22,1.0,0,57
20,98,0.62,1.0,0,57
20,94,0.6,1.0,0,57
20,88,0.56,1.0,0,57
20,82,0.52,1.0,0,57
20,80,0.5,1.0,0,57
20,68,0.42,1.0,0,57
20,62,0.38,1.0,0,57
20,56,0.34,1.0,0,57
20,44,0.22,1.0,0,57
20,38,0.18,1.0,0,57
20,30,0.12,1.0,0,57
20,26,0.08,1.0,0,57
15,92,0.58,1.0,0,57
15,86,0.54,1.0,0,57
15,72,0.44,1.0,0,57
15,66,0.4,1.0,0,57
15,60,0.36,1.0,0,57
15,58,0.34,1.0,0,57
15,30,0.12,1.0,0,57
10,94,0.58,1.0,0,57
10,88,0.54,1.0,0,57
10,66,0.4,1.0,0,57
10,58,0.34,1.0,0,57
10,56,0.32,1.0,0,57
10,48,0.26,1.0,0,57
10,46,0.24,1.0,0,57
10,44,0.22,1.0,0,57
10,24,0.06,1.0,0,57
5,70,0.42,1.0,0,57
5,66,0.4,1.0,0,57
5,64,0.38,1.0,0,57
5,44,0.22,1.0,0,57
25,98,0.62,1.0,0,58
25,64,0.4,1.0,0,58
25,48,0.26,1.0,0,58
25,46,0.24,1.0,0,58
25,30,0.12,1.0,0,58
20,86,0.54,1.0,0,58
20,74,0.46,1.0,0,58
20,52,0.3,1.0,0,58
20,46,0.24,1.0,0,58
15,78,0.48,1.0,0,58
15,36,0.16,1.0,0,58
15,24,0.06,1.0,0,58
10,92,0.56,1.0,0,58
10,78,0.48,1.0,0,58
10,76,0.46,1.0,0,58
10,54,0.3,1.0,0,58
5,94,0.56,1.0,0,58
5,88,0.52,1.0,0,58
5,84,0.5,1.0,0,58
5,80,0.48,1.0,0,58
5,54,0.3,1.0,0,58
5,50,0.26,1.0,0,58
25,88,0.56,1.0,0,59
25,86,0.54,1.0,0,59
25,70,0.44,1.0,0,59
25,62,0.38,1.0,0,59
25,56,0.34,1.0,0,59
25,38,0.18,1.0,0,59
25,28,0.1,1.0,0,59
20,96,0.6,1.0,0,59
20,92,0.58,1.0,0,59
20,72,0.44,1.0,0,59
20,60,0.36,1.0,0,59
20,54,0.32,1.0,0,59
20,50,0.28,1.0,0,59
20,48,0.26,1.0,0,59
20,42,0.2,1.0,0,59
20,28,0.1,1.0,0,59
20,24,0.06,1.0,0,59
15,98,0.6,1.0,0,59
15,90,0.56,1.0,0,59
15,88,0.54,1.0,0,59
15,86,0.52,1.0,0,59
15,70,0.42,1.0,0,59
15,64,0.38,1.0,0,59
15,56,0.32,1.0,0,59
15,42,0.2,1.0,0,59
10,100,0.6,1.0,0,59
10,96,0.58,1.0,0,59
10,94,0.56,1.0,0,59
10,86,0.52,1.0,0,59
10,80,0.48,1.0,0,59
10,70,0.42,1.0,0,59
10,64,0.38,1.0,0,59
10,42,0.2,1.0,0,59
10,40,0.18,1.0,0,59
5,100,0.58,1.0,0,59
5,78,0.46,1.0,0,59
5,68,0.4,1.0,0,59
5,62,0.36,1.0,0,59
5,52,0.28,1.0,0,59
5,48,0.24,1.0,0,59
5,40,0.18,1.0,0,59
25,82,0.52,1.0,0,60
25,76,0.48,1.0,0,60
25,72,0.44,1.0,0,60
25,68,0.42,1.0,0,60
25,42,0.2,1.0,0,60
25,36,0.16,1.0,0,60
20,100,0.62,1.0,0,60
20,58,0.34,1.0,0,60
20,36,0.16,1.0,0,60
15,94,0.58,1.0,0,60
15,76,0.46,1.0,0,60
15,68,0.4,1.0,0,60
10,98,0.58,1.0,0,60
10,84,0.5,1.0,0,60
10,78,0.46,1.0,0,60
10,68,0.4,1.0,0,60
10,52,0.28,1.0,0,60
10,34,0.14,1.0,0,60
5,96,0.56,1.0,0,60
5,92,0.54,1.0,0,60
5,82,0.48,1.0,0,60
5,38,0.16,1.0,0,60
25,92,0.58,1.0,0,61
25,84,0.52,1.0,0,61
25,82,0.5,1.0,0,61
25,80,0.5,1.0,0,61
25,78,0.48,1.0,0,61
25,74,0.46,1.0,0,61
25,70,0.42,1.0,0,61
25,60,0.36,1.0,0,61
25,54,0.32,1.0,0,61
25,52,0.3,1.0,0,61
25,50,0.28,1.0,0,61
25,26,0.08,1.0,0,61
20,84,0.52,1.0,0,61
20,82,0.5,1.0,0,61
20,78,0.48,1.0,0,61
20,70,0.42,1.0,0,61
20,66,0.4,1.0,0,61
15,96,0.58,1.0,0,61
15,92,0.56,1.0,0,61
15,80,0.48,1.0,0,61
15,40,0.18,1.0,0,61
10,96,0.56,1.0,0,61
10,90,0.54,1.0,0,61
10,82,0.48,1.0,0,61
10,74,0.44,1.0,0,61
10,72,0.42,1.0,0,61
10,62,0.36,1.0,0,61
10,60,0.34,1.0,0,61
10,50,0.26,1.0,0,61
10,48,0.24,1.0,0,61
5,94,0.54,1.0,0,61
5,90,0.52,1.0,0,61
5,86,0.5,1.0,0,61
5,74,0.44,1.0,0,61
5,72,0.42,1.0,0,61
5,66,0.38,1.0,0,61
5,34,0.14,1.0,0,61
5,32,0.12,1.0,0,61
5,30,0.1,1.0,0,61
25,96,0.6,1.0,0,62
25,90,0.56,1.0,0,62
25,58,0.34,1.0,0,62
25,56,0.32,1.0,0,62
25,40,0.18,1.0,0,62
20,90,0.56,1.0,0,62
20,76,0.46,1.0,0,62
20,68,0.4,1.0,0,62
20,64,0.38,1.0,0,62
20,56,0.32,1.0,0,62
20,46,0.22,1.0,0,62
20,40,0.18,1.0,0,62
15,74,0.44,1.0,0,62
15,62,0.36,1.0,0,62
15,54,0.3,1.0,0,62
15,48,0.24,1.0,0,62
15,34,0.14,1.0,0,62
10,76,0.44,1.0,0,62
10,66,0.38,1.0,0,62
10,46,0.22,1.0,0,62
10,32,0.12,1.0,0,62
5,98,0.56,1.0,0,62
5,96,0.54,1.0,0,62
5,92,0.52,1.0,0,62
5,84,0.48,1.0,0,62
5,80,0.46,1.0,0,62
5,76,0.44,1.0,0,62
5,70,0.4,1.0,0,62
5,68,0.38,1.0,0,62
5,60,0.34,1.0,0,62
5,56,0.3,1.0,0,62
5,26,0.06,1.0,0,62
25,100,0.62,1.0,0,63
25,76,0.46,1.0,0,63
25,66,0.4,1.0,0,63
25,54,0.3,1.0,0,63
25,50,0.26,1.0,0,63
25,34,0.14,1.0,0,63
20,86,0.52,1.0,0,63
20,80,0.48,1.0,0,63
20,54,0.3,1.0,0,63
20,48,0.24,1.0,0,63
20,34,0.14,1.0,0,63
15,100,0.6,1.0,0,63
15,94,0.56,1.0,0,63
15,90,0.54,1.0,0,63
15,84,0.5,1.0,0,63
15,78,0.46,1.0,0,63
15,66,0.38,1.0,0,63
15,52,0.28,1.0,0,63
15,50,0.26,1.0,0,63
15,46,0.22,1.0,0,63
10,100,0.58,1.0,0,63
10,92,0.54,1.0,0,63
10,88,0.52,1.0,0,63
10,70,0.4,1.0,0,63
10,68,0.38,1.0,0,63
10,64,0.36,1.0,0,63
10,58,0.32,1.0,0,63
10,56,0.3,1.0,0,63
10,44,0.2,1.0,0,63
10,38,0.16,1.0,0,63
5,100,0.56,1.0,0,63
5,88,0.5,1.0,0,63
5,74,0.42,1.0,0,63
5,72,0.4,1.0,0,63
5,64,0.36,1.0,0,63
5,58,0.32,1.0,0,63
5,54,0.28,1.0,0,63
5,46,0.22,1.0,0,63
5,44,0.2,1.0,0,63
25,94,0.58,1.0,0,64
25,80,0.48,1.0,0,64
25,74,0.44,1.0,0,64
25,64,0.38,1.0,0,64
25,52,0.28,1.0,0,64
25,48,0.24,1.0,0,64
25,46,0.22,1.0,0,64
25,38,0.16,1.0,0,64
25,32,0.12,1.0,0,64
25,30,0.1,1.0,0,64
20,88,0.54,1.0,0,64
20,84,0.5,1.0,0,64
20,52,0.28,1.0,0,64
20,50,0.26,1.0,0,64
15,82,0.48,1.0,0,64
15,72,0.42,1.0,0,64
10,30,0.1,1.0,0,64
5,52,0.26,1.0,0,64
5,48,0.22,1.0,0,64
25,98,0.6,1.0,0,65
25,88,0.54,1.0,0,65
20,94,0.58,1.0,0,65
20,92,0.56,1.0,0,65
20,74,0.44,1.0,0,65
20,62,0.36,1.0,0,65
20,38,0.16,1.0,0,65
20,32,0.12,1.0,0,65
15,92,0.54,1.0,0,65
15,76,0.44,1.0,0,65
15,58,0.32,1.0,0,65
15,44,0.2,1.0,0,65
15,32,0.12,1.0,0,65
15,30,0.1,1.0,0,65
10,94,0.54,1.0,0,65
10,90,0.52,1.0,0,65
10,86,0.5,1.0,0,65
10,84,0.48,1.0,0,65
10,80,0.46,1.0,0,65
10,74,0.42,1.0,0,65
10,42,0.18,1.0,0,65
10,26,0.06,1.0,0,65
5,98,0.54,1.0,0,65
5,78,0.44,1.0,0,65
5,66,0.36,1.0,0,65
5,42,0.18,1.0,0,65
5,36,0.14,1.0,0,65
5,34,0.12,1.0,0,65
5,28,0.08,1.0,0,65
25,86,0.52,1.0,0,66
25,56,0.3,1.0,0,66
25,54,0.28,1.0,0,66
25,28,0.08,1.0,0,66
20,98,0.6,1.0,0,66
20,96,0.58,1.0,0,66
20,94,0.56,1.0,0,66
20,90,0.54,1.0,0,66
20,78,0.46,1.0,0,66
20,72,0.42,1.0,0,66
20,70,0.4,1.0,0,66
20,66,0.38,1.0,0,66
20,58,0.32,1.0,0,66
20,56,0.3,1.0,0,66
20,54,0.28,1.0,0,66
20,44,0.2,1.0,0,66
20,30,0.1,1.0,0,66
15,98,0.58,1.0,0,66
15,96,0.56,1.0,0,66
15,88,0.52,1.0,0,66
15,70,0.4,1.0,0,66
15,38,0.16,1.0,0,66
10,100,0.56,1.0,0,66
10,98,0.56,1.0,0,66
10,96,0.54,1.0,0,66
10,82,0.46,1.0,0,66
10,72,0.4,1.0,0,66
10,62,0.34,1.0,0,66
10,54,0.28,1.0,0,66
10,52,0.26,1.0,0,66
10,48,0.22,1.0,0,66
10,36,0.14,1.0,0,66
10,34,0.12,1.0,0,66
10,28,0.08,1.0,0,66
5,94,0.52,1.0,0,66
5,90,0.5,1.0,0,66
5,86,0.48,1.0,0,66
5,82,0.46,1.0,0,66
5,76,0.42,1.0,0,66
5,62,0.34,1.0,0,66
5,50,0.24,1.0,0,66
5,46,0.2,1.0,0,66
25,100,0.6,1.0,0,67
25,96,0.58,1.0,0,67
25,92,0.56,1.0,0,67
25,78,0.46,1.0,0,67
25,72,0.42,1.0,0,67
25,68,0.4,1.0,0,67
25,58,0.32,1.0,0,67
25,36,0.14,1.0,0,67
20,100,0.58,1.0,0,67
20,100,0.6,1.0,0,67
20,98,0.58,1.0,0,67
20,92,0.54,1.0,0,67
20,88,0.52,1.0,0,67
20,76,0.44,1.0,0,67
20,60,0.34,1.0,0,67
15,100,0.58,1.0,0,67
15,80,0.46,1.0,0,67
15,78,0.44,1.0,0,67
15,74,0.42,1.0,0,67
15,68,0.38,1.0,0,67
15,64,0.36,1.0,0,67
15,60,0.34,1.0,0,67
15,56,0.3,1.0,0,67
15,54,0.28,1.0,0,67
10,92,0.52,1.0,0,67
10,78,0.44,1.0,0,67
10,70,0.38,1.0,0,67
10,50,0.24,1.0,0,67
5,84,0.46,1.0,0,67
5,80,0.44,1.0,0,67
5,32,0.1,1.0,0,67
25,100,0.58,1.0,0,68
25,98,0.58,1.0,0,68
25,94,0.56,1.0,0,68
25,92,0.54,1.0,0,68
25,90,0.54,1.0,0,68
25,88,0.52,1.0,0,68
25,84,0.5,1.0,0,68
25,52,0.26,1.0,0,68
25,42,0.18,1.0,0,68
25,34,0.12,1.0,0,68
20,96,0.56,1.0,0,68
20,74,0.42,1.0,0,68
20,68,0.38,1.0,0,68
20,64,0.36,1.0,0,68
20,42,0.18,1.0,0,68
20,28,0.08,1.0,0,68
15,94,0.54,1.0,0,68
15,90,0.52,1.0,0,68
15,86,0.5,1.0,0,68
15,72,0.4,1.0,0,68
15,62,0.34,1.0,0,68
15,52,0.26,1.0,0,68
15,42,0.18,1.0,0,68
15,28,0.08,1.0,0,68
10,90,0.5,1.0,0,68
10,88,0.5,1.0,0,68
10,84,0.46,1.0,0,68
10,80,0.44,1.0,0,68
10,76,0.42,1.0,0,68
10,66,0.36,1.0,0,68
10,60,0.32,1.0,0,68
10,58,0.3,1.0,0,68
10,40,0.16,1.0,0,68
10,32,0.1,1.0,0,68
5,70,0.38,1.0,0,68
5,40,0.16,1.0,0,68
25,96,0.56,1.0,0,69
25,76,0.44,1.0,0,69
25,62,0.36,1.0,0,69
25,60,0.34,1.0,0,69
25,44,0.2,1.0,0,69
25,40,0.16,1.0,0,69
25,26,0.06,1.0,0,69
20,98,0.56,1.0,0,69
20,82,0.48,1.0,0,69
20,62,0.34,1.0,0,69
20,60,0.32,1.0,0,69
20,52,0.26,1.0,0,69
20,40,0.16,1.0,0,69
20,34,0.12,1.0,0,69
20,32,0.1,1.0,0,69
20,26,0.06,1.0,0,69
15,100,0.56,1.0,0,69
15,98,0.56,1.0,0,69
15,84,0.48,1.0,0,69
15,82,0.46,1.0,0,69
15,50,0.24,1.0,0,69
15,34,0.12,1.0,0,69
15,32,0.1,1.0,0,69
15,26,0.06,1.0,0,69
10,86,0.48,1.0,0,69
10,78,0.42,1.0,0,69
10,74,0.4,1.0,0,69
10,64,0.34,1.0,0,69
10,46,0.2,1.0,0,69
5,100,0.54,1.0,0,69
5,74,0.4,1.0,0,69
5,60,0.32,1.0,0,69
5,58,0.3,1.0,0,69
5,56,0.28,1.0,0,69
5,44,0.18,1.0,0,69
5,38,0.14,1.0,0,69
5,36,0.12,1.0,0,69
25,98,0.56,1.0,0,70
25,90,0.52,1.0,0,70
25,82,0.48,1.0,0,70
25,70,0.4,1.0,0,70
25,66,0.38,1.0,0,70
25,64,0.36,1.0,0,70
25,62,0.34,1.0,0,70
25,38,0.14,1.0,0,70
25,32,0.1,1.0,0,70
20,100,0.56,1.0,0,70
20,94,0.54,1.0,0,70
20,36,0.14,1.0,0,70
15,76,0.42,1.0,0,70
15,70,0.38,1.0,0,70
15,66,0.36,1.0,0,70
15,60,0.32,1.0,0,70
15,48,0.22,1.0,0,70
15,36,0.14,1.0,0,70
10,98,0.54,1.0,0,70
10,76,0.4,1.0,0,70
10,68,0.36,1.0,0,70
10,38,0.14,1.0,0,70
5,88,0.48,1.0,0,70
5,78,0.42,1.0,0,70
5,64,0.34,1.0,0,70
25,96,0.54,1.0,0,71
25,94,0.54,1.0,0,71
25,74,0.42,1.0,0,71
25,68,0.38,1.0,0,71
25,50,0.24,1.0,0,71
20,96,0.54,1.0,0,71
20,90,0.52,1.0,0,71
20,78,0.44,1.0,0,71
20,72,0.4,1.0,0,71
20,50,0.24,1.0,0,71
20,48,0.22,1.0,0,71
15,98,0.54,1.0,0,71
15,96,0.54,1.0,0,71
15,92,0.52,1.0,0,71
15,88,0.5,1.0,0,71
15,64,0.34,1.0,0,71
15,40,0.16,1.0,0,71
15,38,0.14,1.0,0,71
10,94,0.52,1.0,0,71
10,82,0.44,1.0,0,71
10,72,0.38,1.0,0,71
10,62,0.32,1.0,0,71
10,36,0.12,1.0,0,71
5,96,0.52,1.0,0,71
5,72,0.38,1.0,0,71
5,68,0.36,1.0,0,71
5,62,0.32,1.0,0,71
5,54,0.26,1.0,0,71
5,42,0.16,1.0,0,71
5,24,0.04,1.0,0,71
25,100,0.56,1.0,0,72
25,86,0.5,1.0,0,72
25,66,0.36,1.0,0,72
25,60,0.32,1.0,0,72
25,56,0.28,1.0,0,72
20,86,0.5,1.0,0,72
20,80,0.46,1.0,0,72
20,70,0.38,1.0,0,72
20,66,0.36,1.0,0,72
20,62,0.32,1.0,0,72
20,56,0.28,1.0,0,72
20,38,0.14,1.0,0,72
20,36,0.12,1.0,0,72
20,30,0.08,1.0,0,72
15,90,0.5,1.0,0,72
15,80,0.44,1.0,0,72
15,74,0.4,1.0,0,72
10,80,0.42,1.0,0,72
10,66,0.34,1.0,0,72
10,56,0.28,1.0,0,72
10,44,0.18,1.0,0,72
10,34,0.1,1.0,0,72
10,30,0.08,1.0,0,72
10,24,0.04,1.0,0,72
5,92,0.5,1.0,0,72
5,86,0.46,1.0,0,72
5,82,0.44,1.0,0,72
5,76,0.4,1.0,0,72
5,66,0.34,1.0,0,72
5,60,0.3,1.0,0,72
5,52,0.24,1.0,0,72
5,46,0.18,1.0,0,72
5,40,0.14,1.0,0,72
5,30,0.08,1.0,0,72
25,98,0.54,1.0,0,73
25,94,0.52,1.0,0,73
25,92,0.52,1.0,0,73
25,88,0.5,1.0,0,73
25,84,0.48,1.0,0,73
25,80,0.46,1.0,0,73
25,64,0.34,1.0,0,73
25,62,0.32,1.0,0,73
25,60,0.3,1.0,0,73
25,58,0.3,1.0,0,73
25,54,0.26,1.0,0,73
25,48,0.22,1.0,0,73
25,36,0.12,1.0,0,73
20,98,0.54,1.0,0,73
20,92,0.52,1.0,0,73
20,88,0.5,1.0,0,73
20,84,0.48,1.0,0,73
20,82,0.46,1.0,0,73
20,64,0.34,1.0,0,73
20,60,0.3,1.0,0,73
20,58,0.3,1.0,0,73
15,100,0.54,1.0,0,73
15,94,0.52,1.0,0,73
15,86,0.48,1.0,0,73
15,84,0.46,1.0,0,73
15,68,0.36,1.0,0,73
15,62,0.32,1.0,0,73
15,56,0.28,1.0,0,73
15,36,0.12,1.0,0,73
15,30,0.08,1.0,0,73
10,54,0.26,1.0,0,73
10,42,0.16,1.0,0,73
5,90,0.48,1.0,0,73
5,80,0.42,1.0,0,73
5,64,0.32,1.0,0,73
5,62,0.3,1.0,0,73
5,58,0.28,1.0,0,73
5,44,0.16,1.0,0,73
25,82,0.46,1.0,0,74
25,78,0.44,1.0,0,74
25,72,0.4,1.0,0,74
25,70,0.38,1.0,0,74
20,100,0.54,1.0,0,74
20,94,0.52,1.0,0,74
20,90,0.5,1.0,0,74
20,84,0.46,1.0,0,74
20,52,0.24,1.0,0,74
15,88,0.48,1.0,0,74
15,78,0.42,1.0,0,74
15,72,0.38,1.0,0,74
15,66,0.34,1.0,0,74
15,58,0.3,1.0,0,74
15,46,0.2,1.0,0,74
15,44,0.18,1.0,0,74
15,42,0.16,1.0,0,74
10,100,0.54,1.0,0,74
10,92,0.5,1.0,0,74
10,88,0.48,1.0,0,74
10,70,0.36,1.0,0,74
10,64,0.32,1.0,0,74
10,60,0.3,1.0,0,74
10,52,0.24,1.0,0,74
5,98,0.52,1.0,0,74
5,82,0.42,1.0,0,74
5,78,0.4,1.0,0,74
5,74,0.38,1.0,0,74
5,70,0.36,1.0,0,74
5,66,0.32,1.0,0,74
5,34,0.1,1.0,0,74
25,100,0.54,1.0,0,75
25,68,0.36,1.0,0,75
25,66,0.34,1.0,0,75
25,30,0.08,1.0,0,75
20,86,0.48,1.0,0,75
20,80,0.44,1.0,0,75
20,76,0.42,1.0,0,75
20,68,0.36,1.0,0,75
20,54,0.26,1.0,0,75
20,46,0.2,1.0,0,75
20,44,0.18,1.0,0,75
20,42,0.16,1.0,0,75
15,82,0.44,1.0,0,75
15,70,0.36,1.0,0,75
15,68,0.34,1.0,0,75
15,64,0.32,1.0,0,75
15,60,0.3,1.0,0,75
15,52,0.24,1.0,0,75
15,50,0.22,1.0,0,75
15,24,0.04,1.0,0,75
10,96,0.52,1.0,0,75
10,86,0.46,1.0,0,75
10,78,0.4,1.0,0,75
10,74,0.38,1.0,0,75
10,40,0.14,1.0,0,75
10,28,0.06,1.0,0,75
5,94,0.5,1.0,0,75
5,84,0.44,1.0,0,75
5,68,0.34,1.0,0,75
5,60,0.28,1.0,0,75
5,50,0.22,1.0,0,75
5,48,0.2,1.0,0,75
5,38,0.12,1.0,0,75
5,32,0.08,1.0,0,75
25,96,0.52,1.0,0,76
25,90,0.5,1.0,0,76
25,86,0.48,1.0,0,76
25,84,0.46,1.0,0,76
25,80,0.44,1.0,0,76
25,64,0.32,1.0,0,76
25,58,0.28,1.0,0,76
25,46,0.2,1.0,0,76
25,44,0.18,1.0,0,76
20,96,0.52,1.0,0,76
20,82,0.44,1.0,0,76
20,78,0.42,1.0,0,76
20,74,0.4,1.0,0,76
20,66,0.34,1.0,0,76
20,58,0.28,1.0,0,76
20,28,0.06,1.0,0,76
15,96,0.52,1.0,0,76
15,76,0.4,1.0,0,76
15,74,0.38,1.0,0,76
15,54,0.26,1.0,0,76
10,76,0.38,1.0,0,76
10,68,0.34,1.0,0,76
10,62,0.3,1.0,0,76
5,100,0.52,1.0,0,76
5,80,0.4,1.0,0,76
5,64,0.3,1.0,0,76
5,56,0.26,1.0,0,76
5,28,0.06,1.0,0,76
25,78,0.42,1.0,0,77
25,76,0.42,1.0,0,77
25,74,0.4,1.0,0,77
25,52,0.24,1.0,0,77
25,50,0.22,1.0,0,77
25,42,0.16,1.0,0,77
25,34,0.1,1.0,0,77
25,28,0.06,1.0,0,77
20,88,0.48,1.0,0,77
20,76,0.4,1.0,0,77
20,72,0.38,1.0,0,77
20,64,0.32,1.0,0,77
20,50,0.22,1.0,0,77
20,40,0.14,1.0,0,77
15,62,0.3,1.0,0,77
15,46,0.18,1.0,0,77
15,34,0.1,1.0,0,77
15,28,0.06,1.0,0,77
10,98,0.52,1.0,0,77
10,90,0.48,1.0,0,77
10,66,0.32,1.0,0,77
10,58,0.28,1.0,0,77
10,48,0.2,1.0,0,77
10,32,0.08,1.0,0,77
5,88,0.46,1.0,0,77
5,76,0.38,1.0,0,77
5,72,0.36,1.0,0,77
25,88,0.48,1.0,0,78
25,82,0.44,1.0,0,78
25,80,0.42,1.0,0,78
25,72,0.38,1.0,0,78
25,70,0.36,1.0,0,78
25,62,0.3,1.0,0,78
25,48,0.2,1.0,0,78
25,40,0.14,1.0,0,78
25,24,0.04,1.0,0,78
20,92,0.5,1.0,0,78
20,90,0.48,1.0,0,78
20,86,0.46,1.0,0,78
20,80,0.42,1.0,0,78
20,74,0.38,1.0,0,78
20,70,0.36,1.0,0,78
20,68,0.34,1.0,0,78
20,34,0.1,1.0,0,78
20,24,0.04,1.0,0,78
15,98,0.52,1.0,0,78
15,94,0.5,1.0,0,78
15,92,0.5,1.0,0,78
15,90,0.48,1.0,0,78
15,86,0.46,1.0,0,78
15,80,0.42,1.0,0,78
15,66,0.32,1.0,0,78
15,58,0.28,1.0,0,78
15,54,0.24,1.0,0,78
15,48,0.2,1.0,0,78
15,40,0.14,1.0,0,78
10,100,0.52,1.0,0,78
10,94,0.5,1.0,0,78
10,88,0.46,1.0,0,78
10,84,0.44,1.0,0,78
10,82,0.42,1.0,0,78
10,72,0.36,1.0,0,78
10,46,0.18,1.0,0,78
10,38,0.12,1.0,0,78
5,96,0.5,1.0,0,78
5,92,0.48,1.0,0,78
5,84,0.42,1.0,0,78
5,78,0.38,1.0,0,78
5,70,0.34,1.0,0,78
5,54,0.24,1.0,0,78
5,42,0.14,1.0,0,78
25,94,0.5,1.0,0,79
25,92,0.5,1.0,0,79
25,90,0.48,1.0,0,79
25,76,0.4,1.0,0,79
25,74,0.38,1.0,0,79
25,68,0.34,1.0,0,79
25,46,0.18,1.0,0,79
25,32,0.08,1.0,0,79
20,98,0.52,1.0,0,79
20,94,0.5,1.0,0,79
20,92,0.48,1.0,0,79
20,62,0.3,1.0,0,79
20,56,0.26,1.0,0,79
20,48,0.2,1.0,0,79
20,38,0.12,1.0,0,79
15,96,0.5,1.0,0,79
15,82,0.42,1.0,0,79
15,78,0.4,1.0,0,79
15,76,0.38,1.0,0,79
15,56,0.26,1.0,0,79
15,38,0.12,1.0,0,79
15,32,0.08,1.0,0,79
10,96,0.5,1.0,0,79
10,74,0.36,1.0,0,79
10,70,0.34,1.0,0,79
10,56,0.26,1.0,0,79
10,50,0.22,1.0,0,79
5,86,0.44,1.0,0,79
5,80,0.38,1.0,0,79
5,74,0.36,1.0,0,79
5,72,0.34,1.0,0,79
5,68,0.32,1.0,0,79
5,52,0.22,1.0,0,79
5,30,0.06,1.0,0,79
25,98,0.52,1.0,0,80
25,86,0.46,1.0,0,80
25,56,0.26,1.0,0,80
25,38,0.12,1.0,0,80
20,96,0.5,1.0,0,80
20,78,0.4,1.0,0,80
20,72,0.36,1.0,0,80
20,66,0.32,1.0,0,80
20,46,0.18,1.0,0,80
20,32,0.08,1.0,0,80
15,100,0.52,1.0,0,80
15,88,0.46,1.0,0,80
15,80,0.4,1.0,0,80
15,60,0.28,1.0,0,80
15,58,0.26,1.0,0,80
10,92,0.48,1.0,0,80
10,80,0.4,1.0,0,80
10,60,0.28,1.0,0,80
10,54,0.24,1.0,0,80
10,36,0.1,1.0,0,80
5,94,0.48,1.0,0,80
5,90,0.46,1.0,0,80
5,88,0.44,1.0,0,80
5,76,0.36,1.0,0,80
5,58,0.26,1.0,0,80
5,56,0.24,1.0,0,80
5,50,0.2,1.0,0,80
5,36,0.1,1.0,0,80
25,88,0.46,1.0,0,81
25,84,0.44,1.0,0,81
25,78,0.4,1.0,0,81
25,72,0.36,1.0,0,81
25,60,0.28,1.0,0,81
20,88,0.46,1.0,0,81
20,60,0.28,1.0,0,81
20,54,0.24,1.0,0,81
15,98,0.5,1.0,0,81
15,92,0.48,1.0,0,81
15,84,0.44,1.0,0,81
15,64,0.3,1.0,0,81
15,52,0.22,1.0,0,81
10,98,0.5,1.0,0,81
10,94,0.48,1.0,0,81
10,90,0.46,1.0,0,81
10,86,0.44,1.0,0,81
10,78,0.38,1.0,0,81
10,64,0.3,1.0,0,81
10,52,0.22,1.0,0,81
10,44,0.16,1.0,0,81
5,98,0.5,1.0,0,81
5,92,0.46,1.0,0,81
5,82,0.4,1.0,0,81
5,70,0.32,1.0,0,81
5,62,0.28,1.0,0,81
5,60,0.26,1.0,0,81
5,48,0.18,1.0,0,81
5,40,0.12,1.0,0,81
25,92,0.48,1.0,0,82
25,76,0.38,1.0,0,82
25,66,0.32,1.0,0,82
25,54,0.24,1.0,0,82
20,100,0.52,1.0,0,82
20,84,0.44,1.0,0,82
20,82,0.42,1.0,0,82
20,76,0.38,1.0,0,82
20,36,0.1,1.0,0,82
15,94,0.48,1.0,0,82
15,90,0.46,1.0,0,82
15,72,0.36,1.0,0,82
15,56,0.24,1.0,0,82
15,36,0.1,1.0,0,82
10,96,0.48,1.0,0,82
10,84,0.42,1.0,0,82
10,82,0.4,1.0,0,82
10,62,0.28,1.0,0,82
10,58,0.26,1.0,0,82
10,50,0.2,1.0,0,82
10,42,0.14,1.0,0,82
10,40,0.12,1.0,0,82
10,30,0.06,1.0,0,82
5,100,0.5,1.0,0,82
5,98,0.48,1.0,0,82
5,96,0.48,1.0,0,82
5,74,0.34,1.0,0,82
5,66,0.3,1.0,0,82
5,34,0.08,1.0,0,82
25,100,0.52,1.0,0,83
25,96,0.5,1.0,0,83
20,90,0.46,1.0,0,83
20,86,0.44,1.0,0,83
20,80,0.4,1.0,0,83
20,64,0.3,1.0,0,83
15,86,0.44,1.0,0,83
15,78,0.38,1.0,0,83
15,74,0.36,1.0,0,83
15,70,0.34,1.0,0,83
15,62,0.28,1.0,0,83
15,44,0.16,1.0,0,83
15,40,0.12,1.0,0,83
10,92,0.46,1.0,0,83
10,88,0.44,1.0,0,83
10,72,0.34,1.0,0,83
10,68,0.32,1.0,0,83
10,56,0.24,1.0,0,83
10,34,0.08,1.0,0,83
5,94,0.46,1.0,0,83
5,90,0.44,1.0,0,83
5,86,0.42,1.0,0,83
5,78,0.36,1.0,0,83
5,58,0.24,1.0,0,83
25,82,0.42,1.0,0,84
25,70,0.34,1.0,0,84
25,64,0.3,1.0,0,84
20,98,0.5,1.0,0,84
20,74,0.36,1.0,0,84
20,70,0.34,1.0,0,84
20,58,0.26,1.0,0,84
20,52,0.22,1.0,0,84
15,92,0.46,1.0,0,84
15,88,0.44,1.0,0,84
15,84,0.42,1.0,0,84
15,42,0.14,1.0,0,84
15,34,0.08,1.0,0,84
10,100,0.5,1.0,0,84
10,66,0.3,1.0,0,84
10,60,0.26,1.0,0,84
5,76,0.34,1.0,0,84
5,64,0.28,1.0,0,84
25,98,0.5,1.0,0,85
25,94,0.48,1.0,0,85
25,90,0.46,1.0,0,85
25,86,0.44,1.0,0,85
25,68,0.32,1.0,0,85
25,58,0.26,1.0,0,85
25,52,0.22,1.0,0,85
25,44,0.16,1.0,0,85
25,36,0.1,1.0,0,85
20,94,0.48,1.0,0,85
20,88,0.44,1.0,0,85
20,44,0.16,1.0,0,85
15,50,0.2,1.0,0,85
15,30,0.06,1.0,0,85
10,90,0.44,1.0,0,85
10,86,0.42,1.0,0,85
10,70,0.32,1.0,0,85
5,100,0.48,1.0,0,85
5,96,0.46,1.0,0,85
5,84,0.4,1.0,0,85
5,82,0.38,1.0,0,85
5,80,0.36,1.0,0,85
5,72,0.32,1.0,0,85
5,68,0.3,1.0,0,85
5,62,0.26,1.0,0,85
5,54,0.22,1.0,0,85
5,46,0.16,1.0,0,85
25,88,0.44,1.0,0,86
25,80,0.4,1.0,0,86
20,84,0.42,1.0,0,86
20,78,0.38,1.0,0,86
20,62,0.28,1.0,0,86
20,56,0.24,1.0,0,86
20,50,0.2,1.0,0,86
20,48,0.18,1.0,0,86
20,34,0.08,1.0,0,86
20,26,0.04,1.0,0,86
15,100,0.5,1.0,0,86
15,68,0.32,1.0,0,86
10,98,0.48,1.0,0,86
10,94,0.46,1.0,0,86
10,80,0.38,1.0,0,86
10,76,0.36,1.0,0,86
10,48,0.18,1.0,0,86
10,26,0.04,1.0,0,86
5,78,0.34,1.0,0,86
5,52,0.2,1.0,0,86
5,44,0.14,1.0,0,86
5,26,0.04,1.0,0,86
25,92,0.46,1.0,0,87
25,74,0.36,1.0,0,87
25,62,0.28,1.0,0,87
25,42,0.14,1.0,0,87
25,30,0.06,1.0,0,87
25,26,0.04,1.0,0,87
20,100,0.5,1.0,0,87
20,96,0.48,1.0,0,87
20,42,0.14,1.0,0,87
20,30,0.06,1.0,0,87
15,96,0.48,1.0,0,87
15,72,0.34,1.0,0,87
15,48,0.18,1.0,0,87
15,26,0.04,1.0,0,87
10,78,0.36,1.0,0,87
10,64,0.28,1.0,0,87
10,58,0.24,1.0,0,87
10,54,0.22,1.0,0,87
10,38,0.1,1.0,0,87
5,92,0.44,1.0,0,87
5,88,0.42,1.0,0,87
5,74,0.32,1.0,0,87
5,50,0.18,1.0,0,87
5,38,0.1,1.0,0,87
25,100,0.5,1.0,0,88
25,96,0.48,1.0,0,88
25,84,0.42,1.0,0,88
25,78,0.38,1.0,0,88
25,34,0.08,1.0,0,88
20,92,0.46,1.0,0,88
20,68,0.32,1.0,0,88
15,98,0.48,1.0,0,88
15,76,0.36,1.0,0,88
15,66,0.3,1.0,0,88
10,100,0.48,1.0,0,88
10,74,0.34,1.0,0,88
10,62,0.26,1.0,0,88
10,52,0.2,1.0,0,88
10,46,0.16,1.0,0,88
5,94,0.44,1.0,0,88
5,90,0.42,1.0,0,88
5,86,0.4,1.0,0,88
5,70,0.3,1.0,0,88
5,66,0.28,1.0,0,88
5,60,0.24,1.0,0,88
5,56,0.22,1.0,0,88
25,98,0.48,1.0,0,89
25,72,0.34,1.0,0,89
25,56,0.24,1.0,0,89
25,50,0.2,1.0,0,89
25,48,0.18,1.0,0,89
25,40,0.12,1.0,0,89
20,82,0.4,1.0,0,89
20,76,0.36,1.0,0,89
20,72,0.34,1.0,0,89
20,66,0.3,1.0,0,89
20,40,0.12,1.0,0,89
15,94,0.46,1.0,0,89
15,90,0.44,1.0,0,89
15,86,0.42,1.0,0,89
15,82,0.4,1.0,0,89
15,80,0.38,1.0,0,89
15,74,0.34,1.0,0,89
15,60,0.26,1.0,0,89
15,46,0.16,1.0,0,89
15,38,0.1,1.0,0,89
10,96,0.46,1.0,0,89
10,92,0.44,1.0,0,89
10,88,0.42,1.0,0,89
10,68,0.3,1.0,0,89
10,50,0.18,1.0,0,89
5,98,0.46,1.0,0,89
5,84,0.38,1.0,0,89
5,76,0.32,1.0,0,89
5,72,0.3,1.0,0,89
5,68,0.28,1.0,0,89
25,94,0.46,1.0,0,90
20,98,0.48,1.0,0,90
20,94,0.46,1.0,0,90
20,86,0.42,1.0,0,90
15,70,0.32,1.0,0,90
15,64,0.28,1.0,0,90
15,62,0.26,1.0,0,90
15,54,0.22,1.0,0,90
10,98,0.46,1.0,0,90
10,84,0.4,1.0,0,90
10,82,0.38,1.0,0,90
10,76,0.34,1.0,0,90
10,66,0.28,1.0,0,90
10,56,0.22,1.0,0,90
10,44,0.14,1.0,0,90
5,96,0.44,1.0,0,90
5,92,0.42,1.0,0,90
5,88,0.4,1.0,0,90
5,82,0.36,1.0,0,90
5,70,0.28,1.0,0,90
5,64,0.26,1.0,0,90
5,54,0.2,1.0,0,90
25,90,0.44,1.0,0,91
25,86,0.42,1.0,0,91
25,82,0.4,1.0,0,91
25,70,0.32,1.0,0,91
25,66,0.3,1.0,0,91
20,96,0.46,1.0,0,91
20,92,0.44,1.0,0,91
20,90,0.44,1.0,0,91
20,84,0.4,1.0,0,91
20,70,0.32,1.0,0,91
20,60,0.26,1.0,0,91
20,38,0.1,1.0,0,91
15,100,0.48,1.0,0,91
15,96,0.46,1.0,0,91
15,92,0.44,1.0,0,91
15,88,0.42,1.0,0,91
15,84,0.4,1.0,0,91
15,78,0.36,1.0,0,91
15,58,0.24,1.0,0,91
15,52,0.2,1.0,0,91
10,94,0.44,1.0,0,91
10,86,0.4,1.0,0,91
10,72,0.32,1.0,0,91
10,64,0.26,1.0,0,91
10,60,0.24,1.0,0,91
5,100,0.46,1.0,0,91
5,90,0.4,1.0,0,91
5,86,0.38,1.0,0,91
5,80,0.34,1.0,0,91
5,74,0.3,1.0,0,91
5,52,0.18,1.0,0,91
5,42,0.12,1.0,0,91
5,40,0.1,1.0,0,91
25,96,0.46,1.0,0,92
25,76,0.36,1.0,0,92
25,60,0.26,1.0,0,92
25,54,0.22,1.0,0,92
20,100,0.48,1.0,0,92
20,80,0.38,1.0,0,92
20,74,0.34,1.0,0,92
15,50,0.18,1.0,0,92
15,44,0.14,1.0,0,92
10,90,0.42,1.0,0,92
10,54,0.2,1.0,0,92
10,48,0.16,1.0,0,92
10,42,0.12,1.0,0,92
5,88,0.38,1.0,0,92
5,78,0.32,1.0,0,92
5,66,0.26,1.0,0,92
5,62,0.24,1.0,0,92
5,58,0.22,1.0,0,92
5,56,0.2,1.0,0,92
5,48,0.16,1.0,0,92
5,36,0.08,1.0,0,92
5,32,0.06,1.0,0,92
25,100,0.48,1.0,0,93
25,92,0.44,1.0,0,93
25,80,0.38,1.0,0,93
25,78,0.36,1.0,0,93
25,68,0.3,1.0,0,93
25,58,0.24,1.0,0,93
25,46,0.16,1.0,0,93
25,44,0.14,1.0,0,93
20,98,0.46,1.0,0,93
20,88,0.42,1.0,0,93
20,68,0.3,1.0,0,93
20,64,0.28,1.0,0,93
20,54,0.22,1.0,0,93
20,52,0.2,1.0,0,93
20,46,0.16,1.0,0,93
20,44,0.14,1.0,0,93
20,32,0.06,1.0,0,93
15,98,0.46,1.0,0,93
15,94,0.44,1.0,0,93
15,82,0.38,1.0,0,93
15,72,0.32,1.0,0,93
15,68,0.3,1.0,0,93
15,66,0.28,1.0,0,93
15,32,0.06,1.0,0,93
10,100,0.46,1.0,0,93
10,96,0.44,1.0,0,93
10,84,0.38,1.0,0,93
10,80,0.36,1.0,0,93
10,32,0.06,1.0,0,93
10,28,0.04,1.0,0,93
5,94,0.42,1.0,0,93
5,84,0.36,1.0,0,93
25,84,0.4,1.0,0,94
25,74,0.34,1.0,0,94
25,64,0.28,1.0,0,94
25,52,0.2,1.0,0,94
25,50,0.18,1.0,0,94
25,38,0.1,1.0,0,94
20,78,0.36,1.0,0,94
20,72,0.32,1.0,0,94
20,58,0.24,1.0,0,94
20,50,0.18,1.0,0,94
15,86,0.4,1.0,0,94
15,76,0.34,1.0,0,94
15,70,0.3,1.0,0,94
15,36,0.08,1.0,0,94
10,88,0.4,1.0,0,94
10,74,0.32,1.0,0,94
10,70,0.3,1.0,0,94
10,68,0.28,1.0,0,94
10,62,0.24,1.0,0,94
10,58,0.22,1.0,0,94
10,56,0.2,1.0,0,94
10,52,0.18,1.0,0,94
10,36,0.08,1.0,0,94
5,98,0.44,1.0,0,94
5,60,0.22,1.0,0,94
5,54,0.18,1.0,0,94
5,28,0.04,1.0,0,94
25,88,0.42,1.0,0,95
25,62,0.26,1.0,0,95
25,42,0.12,1.0,0,95
20,94,0.44,1.0,0,95
20,70,0.3,1.0,0,95
20,64,0.26,1.0,0,95
20,62,0.26,1.0,0,95
20,56,0.22,1.0,0,95
20,36,0.08,1.0,0,95
15,100,0.46,1.0,0,95
15,90,0.42,1.0,0,95
15,68,0.28,1.0,0,95
15,64,0.26,1.0,0,95
15,60,0.24,1.0,0,95
15,56,0.22,1.0,0,95
15,54,0.2,1.0,0,95
15,48,0.16,1.0,0,95
15,42,0.12,1.0,0,95
10,92,0.42,1.0,0,95
10,78,0.34,1.0,0,95
10,72,0.3,1.0,0,95
10,70,0.28,1.0,0,95
10,66,0.26,1.0,0,95
10,40,0.1,1.0,0,95
5,72,0.28,1.0,0,95
5,64,0.24,1.0,0,95
5,58,0.2,1.0,0,95
5,46,0.14,1.0,0,95
25,98,0.46,1.0,0,96
25,82,0.38,1.0,0,96
25,76,0.34,1.0,0,96
25,72,0.32,1.0,0,96
25,66,0.28,1.0,0,96
25,64,0.26,1.0,0,96
25,56,0.22,1.0,0,96
25,36,0.08,1.0,0,96
20,100,0.46,1.0,0,96
20,86,0.4,1.0,0,96
20,76,0.34,1.0,0,96
20,66,0.28,1.0,0,96
20,62,0.24,1.0,0,96
20,60,0.24,1.0,0,96
20,48,0.16,1.0,0,96
20,42,0.12,1.0,0,96
15,96,0.44,1.0,0,96
15,92,0.42,1.0,0,96
15,74,0.32,1.0,0,96
15,72,0.3,1.0,0,96
15,58,0.22,1.0,0,96
15,28,0.04,1.0,0,96
10,76,0.32,1.0,0,96
10,74,0.3,1.0,0,96
10,60,0.22,1.0,0,96
5,92,0.4,1.0,0,96
25,100,0.46,1.0,0,97
25,94,0.44,1.0,0,97
25,90,0.42,1.0,0,97
25,62,0.24,1.0,0,97
25,60,0.24,1.0,0,97
25,48,0.16,1.0,0,97
25,28,0.04,1.0,0,97
20,90,0.42,1.0,0,97
20,82,0.38,1.0,0,97
20,68,0.28,1.0,0,97
20,54,0.2,1.0,0,97
15,88,0.4,1.0,0,97
15,62,0.24,1.0,0,97
15,56,0.2,1.0,0,97
15,46,0.14,1.0,0,97
10,94,0.42,1.0,0,97
10,90,0.4,1.0,0,97
10,86,0.38,1.0,0,97
10,82,0.36,1.0,0,97
10,64,0.24,1.0,0,97
10,46,0.14,1.0,0,97
10,44,0.12,1.0,0,97
5,100,0.44,1.0,0,97
5,82,0.34,1.0,0,97
5,76,0.3,1.0,0,97
5,68,0.26,1.0,0,97
5,50,0.16,1.0,0,97
5,44,0.12,1.0,0,97
25,96,0.44,1.0,0,98
25,86,0.4,1.0,0,98
25,70,0.3,1.0,0,98
25,54,0.2,1.0,0,98
25,32,0.06,1.0,0,98
20,92,0.42,1.0,0,98
20,58,0.22,1.0,0,98
20,52,0.18,1.0,0,98
20,46,0.14,1.0,0,98
20,40,0.1,1.0,0,98
20,28,0.04,1.0,0,98
15,84,0.38,1.0,0,98
15,80,0.36,1.0,0,98
15,78,0.34,1.0,0,98
15,60,0.22,1.0,0,98
15,52,0.18,1.0,0,98
10,98,0.44,1.0,0,98
10,50,0.16,1.0,0,98
5,96,0.42,1.0,0,98
5,90,0.38,1.0,0,98
5,62,0.22,1.0,0,98
5,48,0.14,1.0,0,98
5,24,0.02,1.0,0,98
25,84,0.38,1.0,0,99
25,80,0.36,1.0,0,99
25,74,0.32,1.0,0,99
25,68,0.28,1.0,0,99
25,58,0.22,1.0,0,99
25,52,0.18,1.0,0,99
25,40,0.1,1.0,0,99
20,96,0.44,1.0,0,99
20,84,0.38,1.0,0,99
20,74,0.32,1.0,0,99
20,66,0.26,1.0,0,99
20,56,0.2,1.0,0,99
15,98,0.44,1.0,0,99
15,76,0.32,1.0,0,99
15,66,0.26,1.0,0,99
15,44,0.12,1.0,0,99
15,40,0.1,1.0,0,99
10,92,0.4,1.0,0,99
10,58,0.2,1.0,0,99
10,54,0.18,1.0,0,99
5,94,0.4,1.0,0,99
5,92,0.38,1.0,0,99
5,88,0.36,1.0,0,99
5,86,0.36,1.0,0,99
5,66,0.24,1.0,0,99
5,34,0.06,1.0,0,99
25,92,0.42,1.0,0,100
25,88,0.4,1.0,0,100
25,78,0.34,1.0,0,100
25,46,0.14,1.0,0,100
20,88,0.4,1.0,0,100
20,78,0.34,1.0,0,100
15,86,0.38,1.0,0,100
15,82,0.36,1.0,0,100
15,70,0.28,1.0,0,100
15,64,0.24,1.0,0,100
10,100,0.44,1.0,0,100
10,96,0.42,1.0,0,100
10,88,0.38,1.0,0,100
10,80,0.34,1.0,0,100
10,72,0.28,1.0,0,100
10,68,0.26,1.0,0,100
10,62,0.22,1.0,0,100
10,48,0.14,1.0,0,100
10,34,0.06,1.0,0,100
5,98,0.42,1.0,0,100
5,96,0.4,1.0,0,100
5,70,0.26,1.0,0,100
5,38,0.08,1.0,0,100
25,56,0.2,1.0,0,101
20,82,0.36,1.0,0,101
20,80,0.36,1.0,0,101
20,76,0.32,1.0,0,101
20,72,0.3,1.0,0,101
20,60,0.22,1.0,0,101
20,54,0.18,1.0,0,101
20,44,0.12,1.0,0,101
15,94,0.42,1.0,0,101
15,90,0.4,1.0,0,101
15,58,0.2,1.0,0,101
15,54,0.18,1.0,0,101
15,50,0.16,1.0,0,101
10,84,0.36,1.0,0,101
10,78,0.32,1.0,0,101
10,38,0.08,1.0,0,101
5,94,0.38,1.0,0,101
5,60,0.2,1.0,0,101
5,56,0.18,1.0,0,101
5,52,0.16,1.0,0,101
5,30,0.04,1.0,0,101
25,90,0.4,1.0,0,102
25,86,0.38,1.0,0,102
25,76,0.32,1.0,0,102
25,72,0.3,1.0,0,102
25,66,0.26,1.0,0,102
25,44,0.12,1.0,0,102
20,98,0.44,1.0,0,102
20,90,0.4,1.0,0,102
20,86,0.38,1.0,0,102
20,70,0.28,1.0,0,102
20,64,0.24,1.0,0,102
20,50,0.16,1.0,0,102
15,96,0.42,1.0,0,102
15,92,0.4,1.0,0,102
15,88,0.38,1.0,0,102
15,30,0.04,1.0,0,102
10,94,0.4,1.0,0,102
10,30,0.04,1.0,0,102
5,84,0.34,1.0,0,102
5,68,0.24,1.0,0,102
5,64,0.22,1.0,0,102
25,98,0.44,1.0,0,103
25,94,0.42,1.0,0,103
25,92,0.4,1.0,0,103
25,82,0.36,1.0,0,103
25,50,0.16,1.0,0,103
20,96,0.42,1.0,0,103
20,94,0.42,1.0,0,103
20,92,0.4,1.0,0,103
20,48,0.14,1.0,0,103
20,24,0.02,1.0,0,103
15,100,0.44,1.0,0,103
15,80,0.34,1.0,0,103
15,74,0.3,1.0,0,103
15,48,0.14,1.0,0,103
15,34,0.06,1.0,0,103
15,24,0.02,1.0,0,103
10,98,0.42,1.0,0,103
10,90,0.38,1.0,0,103
10,52,0.16,1.0,0,103
10,42,0.1,1.0,0,103
10,24,0.02,1.0,0,103
5,100,0.42,1.0,0,103
5,98,0.4,1.0,0,103
5,80,0.32,1.0,0,103
5,74,0.28,1.0,0,103
5,46,0.12,1.0,0,103
5,42,0.1,1.0,0,103
25,96,0.42,1.0,0,104
25,54,0.18,1.0,0,104
25,38,0.08,1.0,0,104
25,34,0.06,1.0,0,104
20,88,0.38,1.0,0,104
20,34,0.06,1.0,0,104
20,30,0.04,1.0,0,104
15,94,0.4,1.0,0,104
15,84,0.36,1.0,0,104
15,78,0.32,1.0,0,104
15,68,0.26,1.0,0,104
15,38,0.08,1.0,0,104
10,76,0.3,1.0,0,104
10,66,0.24,1.0,0,104
10,56,0.18,1.0,0,104
10,46,0.12,1.0,0,104
5,90,0.36,1.0,0,104
25,88,0.38,1.0,0,105
25,84,0.36,1.0,0,105
25,80,0.34,1.0,0,105
25,70,0.28,1.0,0,105
25,64,0.24,1.0,0,105
25,60,0.22,1.0,0,105
25,48,0.14,1.0,0,105
25,30,0.04,1.0,0,105
20,94,0.4,1.0,0,105
20,84,0.36,1.0,0,105
20,80,0.34,1.0,0,105
20,58,0.2,1.0,0,105
20,38,0.08,1.0,0,105
15,90,0.38,1.0,0,105
15,52,0.16,1.0,0,105
15,42,0.1,1.0,0,105
10,96,0.4,1.0,0,105
10,92,0.38,1.0,0,105
10,86,0.36,1.0,0,105
10,70,0.26,1.0,0,105
5,78,0.3,1.0,0,105
5,36,0.06,1.0,0,105
5,26,0.02,1.0,0,105
25,100,0.44,1.0,0,106
25,74,0.3,1.0,0,106
25,58,0.2,1.0,0,106
25,42,0.1,1.0,0,106
20,100,0.44,1.0,0,106
20,90,0.38,1.0,0,106
20,78,0.32,1.0,0,106
20,74,0.3,1.0,0,106
20,42,0.1,1.0,0,106
15,98,0.42,1.0,0,106
15,86,0.36,1.0,0,106
15,82,0.34,1.0,0,106
15,72,0.28,1.0,0,106
10,100,0.42,1.0,0,106
10,88,0.36,1.0,0,106
10,82,0.34,1.0,0,106
10,60,0.2,1.0,0,106
5,72,0.26,1.0,0,106
5,50,0.14,1.0,0,106
25,78,0.32,1.0,0,107
25,24,0.02,1.0,0,107
20,86,0.36,1.0,0,107
20,68,0.26,1.0,0,107
20,62,0.22,1.0,0,107
15,88,0.36,1.0,0,107
15,76,0.3,1.0,0,107
15,56,0.18,1.0,0,107
10,84,0.34,1.0,0,107
10,80,0.32,1.0,0,107
10,36,0.06,1.0,0,107
5,58,0.18,1.0,0,107
5,32,0.04,1.0,0,107
25,82,0.34,1.0,0,108
20,98,0.42,1.0,0,108
20,82,0.34,1.0,0,108
20,52,0.16,1.0,0,108
15,96,0.4,1.0,0,108
15,92,0.38,1.0,0,108
15,66,0.24,1.0,0,108
15,62,0.22,1.0,0,108
10,86,0.34,1.0,0,108
10,78,0.3,1.0,0,108
10,74,0.28,1.0,0,108
10,54,0.16,1.0,0,108
5,86,0.34,1.0,0,108
5,82,0.32,1.0,0,108
5,76,0.28,1.0,0,108
5,54,0.16,1.0,0,108
25,90,0.38,1.0,0,109
25,86,0.36,1.0,0,109
25,68,0.26,1.0,0,109
20,76,0.3,1.0,0,109
20,72,0.28,1.0,0,109
15,84,0.34,1.0,0,109
15,80,0.32,1.0,0,109
15,54,0.16,1.0,0,109
15,46,0.12,1.0,0,109
15,36,0.06,1.0,0,109
10,90,0.36,1.0,0,109
10,82,0.32,1.0,0,109
10,50,0.14,1.0,0,109
10,32,0.04,1.0,0,109
5,84,0.32,1.0,0,109
5,62,0.2,1.0,0,109
25,94,0.4,1.0,0,110
25,76,0.3,1.0,0,110
25,72,0.28,1.0,0,110
25,62,0.22,1.0,0,110
25,52,0.16,1.0,0,110
20,46,0.12,1.0,0,110
20,26,0.02,1.0,0,110
15,100,0.42,1.0,0,110
15,70,0.26,1.0,0,110
15,50,0.14,1.0,0,110
10,72,0.26,1.0,0,110
10,58,0.18,1.0,0,110
5,70,0.24,1.0,0,110
5,66,0.22,1.0,0,110
25,98,0.42,1.0,0,111
20,88,0.36,1.0,0,111
20,84,0.34,1.0,0,111
20,80,0.32,1.0,0,111
20,56,0.18,1.0,0,111
15,86,0.34,1.0,0,111
15,60,0.2,1.0,0,111
15,26,0.02,1.0,0,111
10,98,0.4,1.0,0,111
10,94,0.38,1.0,0,111
10,84,0.32,1.0,0,111
10,76,0.28,1.0,0,111
10,68,0.24,1.0,0,111
10,40,0.08,1.0,0,111
10,26,0.02,1.0,0,111
5,100,0.4,1.0,0,111
5,80,0.3,1.0,0,111
25,88,0.36,1.0,0,112
25,84,0.34,1.0,0,112
25,80,0.32,1.0,0,112
25,66,0.24,1.0,0,112
25,56,0.18,1.0,0,112
25,46,0.12,1.0,0,112
20,66,0.24,1.0,0,112
20,36,0.06,1.0,0,112
15,82,0.32,1.0,0,112
15,74,0.28,1.0,0,112
15,58,0.18,1.0,0,112
10,80,0.3,1.0,0,112
5,88,0.34,1.0,0,112
5,74,0.26,1.0,0,112
5,40,0.08,1.0,0,112
25,36,0.06,1.0,0,113
20,100,0.42,1.0,0,113
20,96,0.4,1.0,0,113
20,74,0.28,1.0,0,113
20,60,0.2,1.0,0,113
20,50,0.14,1.0,0,113
20,40,0.08,1.0,0,113
15,40,0.08,1.0,0,113
10,64,0.22,1.0,0,113
10,52,0.14,1.0,0,113
5,96,0.38,1.0,0,113
5,72,0.24,1.0,0,113
25,74,0.28,1.0,0,114
25,60,0.2,1.0,0,114
25,26,0.02,1.0,0,114
20,82,0.32,1.0,0,114
20,54,0.16,1.0,0,114
15,98,0.4,1.0,0,114
15,78,0.3,1.0,0,114
15,64,0.22,1.0,0,114
15,32,0.04,1.0,0,114
10,62,0.2,1.0,0,114
10,56,0.16,1.0,0,114
5,92,0.36,1.0,0,114
5,82,0.3,1.0,0,114
5,78,0.28,1.0,0,114
5,68,0.22,1.0,0,114
5,64,0.2,1.0,0,114
5,44,0.1,1.0,0,114
25,100,0.42,1.0,0,115
25,96,0.4,1.0,0,115
25,50,0.14,1.0,0,115
20,92,0.38,1.0,0,115
20,86,0.34,1.0,0,115
20,76,0.28,1.0,0,115
20,70,0.26,1.0,0,115
20,32,0.04,1.0,0,115
15,94,0.38,1.0,0,115
15,76,0.28,1.0,0,115
15,68,0.24,1.0,0,115
15,52,0.14,1.0,0,115
10,78,0.28,1.0,0,115
10,48,0.12,1.0,0,115
5,86,0.32,1.0,0,115
5,60,0.18,1.0,0,115
5,56,0.16,1.0,0,115
5,48,0.12,1.0,0,115
5,28,0.02,1.0,0,115
25,92,0.38,1.0,0,116
25,82,0.32,1.0,0,116
25,78,0.3,1.0,0,116
25,70,0.26,1.0,0,116
25,64,0.22,1.0,0,116
25,54,0.16,1.0,0,116
25,40,0.08,1.0,0,116
25,32,0.04,1.0,0,116
20,78,0.3,1.0,0,116
20,72,0.26,1.0,0,116
20,64,0.22,1.0,0,116
20,58,0.18,1.0,0,116
15,90,0.36,1.0,0,116
15,80,0.3,1.0,0,116
15,72,0.26,1.0,0,116
15,62,0.2,1.0,0,116
10,96,0.38,1.0,0,116
10,88,0.34,1.0,0,116
10,74,0.26,1.0,0,116
10,70,0.24,1.0,0,116
10,66,0.22,1.0,0,116
10,44,0.1,1.0,0,116
5,98,0.38,1.0,0,116
5,52,0.14,1.0,0,116
5,42,0.08,1.0,0,116
25,58,0.18,1.0,0,117
20,98,0.4,1.0,0,117
20,68,0.24,1.0,0,117
15,84,0.32,1.0,0,117
15,44,0.1,1.0,0,117
10,100,0.4,1.0,0,117
10,86,0.32,1.0,0,117
10,82,0.3,1.0,0,117
10,64,0.2,1.0,0,117
10,60,0.18,1.0,0,117
5,76,0.26,1.0,0,117
5,62,0.18,1.0,0,117
5,38,0.06,1.0,0,117
25,90,0.36,1.0,0,118
25,86,0.34,1.0,0,118
25,72,0.26,1.0,0,118
20,90,0.36,1.0,0,118
20,80,0.3,1.0,0,118
20,56,0.16,1.0,0,118
15,74,0.26,1.0,0,118
15,66,0.22,1.0,0,118
15,56,0.16,1.0,0,118
15,48,0.12,1.0,0,118
10,92,0.36,1.0,0,118
10,28,0.02,1.0,0,118
5,100,0.38,1.0,0,118
5,94,0.36,1.0,0,118
5,92,0.34,1.0,0,118
5,90,0.34,1.0,0,118
5,84,0.3,1.0,0,118
5,80,0.28,1.0,0,118
25,98,0.4,1.0,0,119
25,94,0.38,1.0,0,119
25,76,0.28,1.0,0,119
25,68,0.24,1.0,0,119
25,48,0.12,1.0,0,119
20,94,0.38,1.0,0,119
20,84,0.32,1.0,0,119
20,74,0.26,1.0,0,119
20,70,0.24,1.0,0,119
20,44,0.1,1.0,0,119
15,96,0.38,1.0,0,119
15,70,0.24,1.0,0,119
15,42,0.08,1.0,0,119
10,68,0.22,1.0,0,119
10,42,0.08,1.0,0,119
10,34,0.04,1.0,0,119
5,96,0.36,1.0,0,119
5,88,0.32,1.0,0,119
5,78,0.26,1.0,0,119
5,66,0.2,1.0,0,119
5,64,0.18,1.0,0,119
5,34,0.04,1.0,0,119
25,88,0.34,1.0,0,120
25,84,0.32,1.0,0,120
25,80,0.3,1.0,0,120
25,74,0.26,1.0,0,120
25,70,0.24,1.0,0,120
25,62,0.2,1.0,0,120
25,44,0.1,1.0,0,120
20,62,0.2,1.0,0,120
20,48,0.12,1.0,0,120
20,42,0.08,1.0,0,120
15,92,0.36,1.0,0,120
15,88,0.34,1.0,0,120
10,98,0.38,1.0,0,120
10,94,0.36,1.0,0,120
10,90,0.34,1.0,0,120
10,72,0.24,1.0,0,120
5,58,0.16,1.0,0,120
20,92,0.36,1.0,0,121
20,88,0.34,1.0,0,121
20,66,0.22,1.0,0,121
20,52,0.14,1.0,0,121
15,100,0.4,1.0,0,121
15,90,0.34,1.0,0,121
15,86,0.32,1.0,0,121
15,78,0.28,1.0,0,121
15,72,0.24,1.0,0,121
15,64,0.2,1.0,0,121
15,60,0.18,1.0,0,121
15,50,0.12,1.0,0,121
15,46,0.1,1.0,0,121
10,92,0.34,1.0,0,121
10,76,0.26,1.0,0,121
10,66,0.2,1.0,0,121
10,50,0.12,1.0,0,121
10,38,0.06,1.0,0,121
5,70,0.22,1.0,0,121
5,54,0.14,1.0,0,121
5,46,0.1,1.0,0,121
25,92,0.36,1.0,0,122
25,86,0.32,1.0,0,122
25,66,0.22,1.0,0,122
25,56,0.16,1.0,0,122
25,52,0.14,1.0,0,122
20,96,0.38,1.0,0,122
20,94,0.36,1.0,0,122
20,86,0.32,1.0,0,122
20,82,0.3,1.0,0,122
20,78,0.28,1.0,0,122
20,64,0.2,1.0,0,122
20,46,0.1,1.0,0,122
15,98,0.38,1.0,0,122
15,94,0.36,1.0,0,122
15,82,0.3,1.0,0,122
15,68,0.22,1.0,0,122
15,38,0.06,1.0,0,122
15,28,0.02,1.0,0,122
10,100,0.38,1.0,0,122
10,88,0.32,1.0,0,122
10,84,0.3,1.0,0,122
10,46,0.1,1.0,0,122
5,98,0.36,1.0,0,122
5,90,0.32,1.0,0,122
5,74,0.24,1.0,0,122
5,68,0.2,1.0,0,122
25,96,0.38,1.0,0,123
25,82,0.3,1.0,0,123
25,64,0.2,1.0,0,123
25,60,0.18,1.0,0,123
25,42,0.08,1.0,0,123
20,72,0.24,1.0,0,123
20,60,0.18,1.0,0,123
15,92,0.34,1.0,0,123
15,88,0.32,1.0,0,123
15,80,0.28,1.0,0,123
15,76,0.26,1.0,0,123
15,34,0.04,1.0,0,123
10,96,0.36,1.0,0,123
10,80,0.28,1.0,0,123
10,70,0.22,1.0,0,123
10,62,0.18,1.0,0,123
10,58,0.16,1.0,0,123
10,54,0.14,1.0,0,123
5,94,0.34,1.0,0,123
5,86,0.3,1.0,0,123
5,82,0.28,1.0,0,123
5,60,0.16,1.0,0,123
5,56,0.14,1.0,0,123
5,50,0.12,1.0,0,123
5,44,0.08,1.0,0,123
25,90,0.34,1.0,0,124
25,78,0.28,1.0,0,124
20,100,0.4,1.0,0,124
20,90,0.34,1.0,0,124
20,34,0.04,1.0,0,124
20,28,0.02,1.0,0,124
15,96,0.36,1.0,0,124
15,84,0.3,1.0,0,124
15,66,0.2,1.0,0,124
15,62,0.18,1.0,0,124
15,58,0.16,1.0,0,124
10,78,0.26,1.0,0,124
10,68,0.2,1.0,0,124
10,64,0.18,1.0,0,124
5,52,0.12,1.0,0,124
5,48,0.1,1.0,0,124
5,40,0.06,1.0,0,124
25,100,0.4,1.0,0,125
25,94,0.36,1.0,0,125
25,72,0.24,1.0,0,125
25,46,0.1,1.0,0,125
20,84,0.3,1.0,0,125
20,68,0.22,1.0,0,125
20,54,0.14,1.0,0,125
20,38,0.06,1.0,0,125
15,70,0.22,1.0,0,125
15,54,0.14,1.0,0,125
10,72,0.22,1.0,0,125
10,56,0.14,1.0,0,125
5,72,0.22,1.0,0,125
5,70,0.2,1.0,0,125
5,30,0.02,1.0,0,125
25,98,0.38,1.0,0,126
25,68,0.22,1.0,0,126
25,66,0.2,1.0,0,126
25,50,0.12,1.0,0,126
25,38,0.06,1.0,0,126
20,98,0.38,1.0,0,126
20,92,0.34,1.0,0,126
20,88,0.32,1.0,0,126
20,76,0.26,1.0,0,126
20,70,0.22,1.0,0,126
20,66,0.2,1.0,0,126
20,50,0.12,1.0,0,126
15,78,0.26,1.0,0,126
15,74,0.24,1.0,0,126
15,64,0.18,1.0,0,126
15,48,0.1,1.0,0,126
10,98,0.36,1.0,0,126
10,94,0.34,1.0,0,126
10,90,0.32,1.0,0,126
10,82,0.28,1.0,0,126
10,74,0.24,1.0,0,126
10,60,0.16,1.0,0,126
10,48,0.1,1.0,0,126
5,96,0.34,1.0,0,126
5,92,0.32,1.0,0,126
5,84,0.28,1.0,0,126
5,80,0.26,1.0,0,126
5,76,0.24,1.0,0,126
25,84,0.3,1.0,0,127
25,76,0.26,1.0,0,127
25,70,0.22,1.0,0,127
25,28,0.02,1.0,0,127
20,80,0.28,1.0,0,127
20,78,0.26,1.0,0,127
20,74,0.24,1.0,0,127
20,62,0.18,1.0,0,127
15,100,0.38,1.0,0,127
15,72,0.22,1.0,0,127
15,68,0.2,1.0,0,127
10,86,0.3,1.0,0,127
10,76,0.24,1.0,0,127
10,70,0.2,1.0,0,127
10,44,0.08,1.0,0,127
5,100,0.36,1.0,0,127
5,88,0.3,1.0,0,127
5,74,0.22,1.0,0,127
5,66,0.18,1.0,0,127
5,62,0.16,1.0,0,127
5,58,0.14,1.0,0,127
5,36,0.04,1.0,0,127
25,80,0.28,1.0,0,128
25,62,0.18,1.0,0,128
25,34,0.04,1.0,0,128
20,100,0.38,1.0,0,128
20,96,0.36,1.0,0,128
20,58,0.16,1.0,0,128
15,82,0.28,1.0,0,128
15,70,0.2,1.0,0,128
15,44,0.08,1.0,0,128
10,66,0.18,1.0,0,128
5,98,0.34,1.0,0,128
5,94,0.32,1.0,0,128
5,86,0.28,1.0,0,128
5,46,0.08,1.0,0,128
25,88,0.32,1.0,0,129
25,74,0.24,1.0,0,129
25,72,0.22,1.0,0,129
25,58,0.16,1.0,0,129
25,54,0.14,1.0,0,129
20,82,0.28,1.0,0,129
20,72,0.22,1.0,0,129
20,68,0.2,1.0,0,129
20,64,0.18,1.0,0,129
15,90,0.32,1.0,0,129
15,86,0.3,1.0,0,129
15,62,0.16,1.0,0,129
15,60,0.16,1.0,0,129
15,52,0.12,1.0,0,129
15,40,0.06,1.0,0,129
10,52,0.12,1.0,0,129
10,40,0.06,1.0,0,129
10,30,0.02,1.0,0,129
5,90,0.3,1.0,0,129
5,54,0.12,1.0,0,129
25,92,0.34,1.0,0,130
25,78,0.26,1.0,0,130
25,68,0.2,1.0,0,130
25,64,0.18,1.0,0,130
20,90,0.32,1.0,0,130
20,60,0.16,1.0,0,130
20,44,0.08,1.0,0,130
15,94,0.34,1.0,0,130
15,66,0.18,1.0,0,130
10,96,0.34,1.0,0,130
10,92,0.32,1.0,0,130
10,80,0.26,1.0,0,130
10,74,0.22,1.0,0,130
5,78,0.24,1.0,0,130
5,68,0.18,1.0,0,130
25,100,0.38,1.0,0,131
25,96,0.36,1.0,0,131
25,86,0.3,1.0,0,131
25,82,0.28,1.0,0,131
25,60,0.16,1.0,0,131
25,56,0.14,1.0,0,131
20,86,0.3,1.0,0,131
20,70,0.2,1.0,0,131
20,62,0.16,1.0,0,131
20,52,0.12,1.0,0,131
15,76,0.24,1.0,0,131
15,74,0.22,1.0,0,131
10,84,0.28,1.0,0,131
10,68,0.18,1.0,0,131
10,62,0.16,1.0,0,131
10,50,0.1,1.0,0,131
10,46,0.08,1.0,0,131
10,36,0.04,1.0,0,131
5,96,0.32,1.0,0,131
5,82,0.26,1.0,0,131
5,50,0.1,1.0,0,131
25,94,0.34,1.0,0,132
25,90,0.32,1.0,0,132
25,76,0.24,1.0,0,132
25,62,0.16,1.0,0,132
25,52,0.12,1.0,0,132
20,94,0.34,1.0,0,132
20,66,0.18,1.0,0,132
20,56,0.14,1.0,0,132
20,48,0.1,1.0,0,132
20,40,0.06,1.0,0,132
15,92,0.32,1.0,0,132
15,84,0.28,1.0,0,132
15,80,0.26,1.0,0,132
15,56,0.14,1.0,0,132
15,30,0.02,1.0,0,132
10,100,0.36,1.0,0,132
5,100,0.34,1.0,0,132
25,70,0.2,1.0,0,133
25,66,0.18,1.0,0,133
25,58,0.14,1.0,0,133
25,44,0.08,1.0,0,133
20,88,0.3,1.0,0,133
20,84,0.28,1.0,0,133
20,80,0.26,1.0,0,133
20,58,0.14,1.0,0,133
15,98,0.36,1.0,0,133
15,88,0.3,1.0,0,133
10,98,0.34,1.0,0,133
10,94,0.32,1.0,0,133
10,88,0.3,1.0,0,133
10,78,0.24,1.0,0,133
10,72,0.2,1.0,0,133
10,58,0.14,1.0,0,133
10,54,0.12,1.0,0,133
5,98,0.32,1.0,0,133
5,92,0.3,1.0,0,133
5,72,0.2,1.0,0,133
20,98,0.36,1.0,0,134
20,76,0.24,1.0,0,134
15,100,0.36,1.0,0,134
15,78,0.24,1.0,0,134
15,68,0.18,1.0,0,134
15,58,0.14,1.0,0,134
10,90,0.3,1.0,0,134
10,86,0.28,1.0,0,134
10,82,0.26,1.0,0,134
5,64,0.16,1.0,0,134
5,38,0.04,1.0,0,134
25,98,0.36,1.0,0,135
25,92,0.32,1.0,0,135
25,84,0.28,1.0,0,135
25,80,0.26,1.0,0,135
25,54,0.12,1.0,0,135
25,48,0.1,1.0,0,135
25,40,0.06,1.0,0,135
20,92,0.32,1.0,0,135
20,74,0.22,1.0,0,135
20,68,0.18,1.0,0,135
20,30,0.02,1.0,0,135
15,96,0.34,1.0,0,135
15,86,0.28,1.0,0,135
15,82,0.26,1.0,0,135
15,72,0.2,1.0,0,135
15,50,0.1,1.0,0,135
15,46,0.08,1.0,0,135
15,36,0.04,1.0,0,135
5,88,0.28,1.0,0,135
5,84,0.26,1.0,0,135
5,76,0.22,1.0,0,135
5,60,0.14,1.0,0,135
5,56,0.12,1.0,0,135
5,42,0.06,1.0,0,135
25,78,0.24,1.0,0,136
25,68,0.18,1.0,0,136
25,50,0.1,1.0,0,136
20,100,0.36,1.0,0,136
20,96,0.34,1.0,0,136
20,86,0.28,1.0,0,136
20,78,0.24,1.0,0,136
20,60,0.14,1.0,0,136
20,54,0.12,1.0,0,136
20,46,0.08,1.0,0,136
15,90,0.3,1.0,0,136
15,64,0.16,1.0,0,136
15,60,0.14,1.0,0,136
15,54,0.12,1.0,0,136
10,100,0.34,1.0,0,136
10,42,0.06,1.0,0,136
5,74,0.2,1.0,0,136
5,52,0.1,1.0,0,136
5,32,0.02,1.0,0,136
25,100,0.36,1.0,0,137
25,96,0.34,1.0,0,137
25,88,0.3,1.0,0,137
25,86,0.28,1.0,0,137
25,82,0.26,1.0,0,137
25,74,0.22,1.0,0,137
25,30,0.02,1.0,0,137
20,98,0.34,1.0,0,137
20,90,0.3,1.0,0,137
20,82,0.26,1.0,0,137
20,64,0.16,1.0,0,137
20,50,0.1,1.0,0,137
20,36,0.04,1.0,0,137
15,80,0.24,1.0,0,137
10,96,0.32,1.0,0,137
10,92,0.3,1.0,0,137
10,88,0.28,1.0,0,137
10,76,0.22,1.0,0,137
10,64,0.16,1.0,0,137
10,60,0.14,1.0,0,137
5,100,0.32,1.0,0,137
5,94,0.3,1.0,0,137
5,80,0.24,1.0,0,137
25,64,0.16,1.0,0,138
20,96,0.32,1.0,0,138
20,94,0.32,1.0,0,138
15,98,0.34,1.0,0,138
15,96,0.32,1.0,0,138
15,94,0.32,1.0,0,138
15,76,0.22,1.0,0,138
15,42,0.06,1.0,0,138
10,98,0.32,1.0,0,138
10,84,0.26,1.0,0,138
10,74,0.2,1.0,0,138
10,38,0.04,1.0,0,138
5,90,0.28,1.0,0,138
5,70,0.18,1.0,0,138
5,48,0.08,1.0,0,138
25,98,0.34,1.0,0,139
25,94,0.32,1.0,0,139
25,90,0.3,1.0,0,139
25,60,0.14,1.0,0,139
20,100,0.34,1.0,0,139
20,42,0.06,1.0,0,139
15,100,0.34,1.0,0,139
15,84,0.26,1.0,0,139
15,38,0.04,1.0,0,139
10,94,0.3,1.0,0,139
10,90,0.28,1.0,0,139
10,86,0.26,1.0,0,139
10,80,0.24,1.0,0,139
10,70,0.18,1.0,0,139
10,52,0.1,1.0,0,139
5,96,0.3,1.0,0,139
5,44,0.06,1.0,0,139
25,46,0.08,1.0,0,140
20,88,0.28,1.0,0,140
20,80,0.24,1.0,0,140
20,76,0.22,1.0,0,140
20,72,0.2,1.0,0,140
15,92,0.3,1.0,0,140
15,88,0.28,1.0,0,140
15,32,0.02,1.0,0,140
10,100,0.32,1.0,0,140
10,96,0.3,1.0,0,140
10,82,0.24,1.0,0,140
10,56,0.12,1.0,0,140
10,32,0.02,1.0,0,140
5,92,0.28,1.0,0,140
5,88,0.26,1.0,0,140
5,86,0.26,1.0,0,140
5,82,0.24,1.0,0,140
5,72,0.18,1.0,0,140
25,100,0.34,1.0,0,141
25,84,0.26,1.0,0,141
25,76,0.22,1.0,0,141
25,72,0.2,1.0,0,141
25,36,0.04,1.0,0,141
20,92,0.3,1.0,0,141
20,84,0.26,1.0,0,141
15,98,0.32,1.0,0,141
15,94,0.3,1.0,0,141
15,78,0.22,1.0,0,141
15,74,0.2,1.0,0,141
15,56,0.12,1.0,0,141
10,92,0.28,1.0,0,141
10,88,0.26,1.0,0,141
10,84,0.24,1.0,0,141
10,44,0.06,1.0,0,141
5,84,0.24,1.0,0,141
5,80,0.22,1.0,0,141
5,78,0.22,1.0,0,141
5,58,0.12,1.0,0,141
5,40,0.04,1.0,0,141
25,96,0.32,1.0,0,142
25,88,0.28,1.0,0,142
25,56,0.12,1.0,0,142
25,42,0.06,1.0,0,142
20,74,0.2,1.0,0,142
20,56,0.12,1.0,0,142
15,86,0.26,1.0,0,142
15,82,0.24,1.0,0,142
15,70,0.18,1.0,0,142
15,44,0.06,1.0,0,142
10,78,0.22,1.0,0,142
10,48,0.08,1.0,0,142
5,90,0.26,1.0,0,142
5,86,0.24,1.0,0,142
5,66,0.16,1.0,0,142
5,54,0.1,1.0,0,142
5,34,0.02,1.0,0,142
25,92,0.3,1.0,0,143
25,80,0.24,1.0,0,143
25,74,0.2,1.0,0,143
20,78,0.22,1.0,0,143
20,70,0.18,1.0,0,143
20,66,0.16,1.0,0,143
15,90,0.28,1.0,0,143
15,48,0.08,1.0,0,143
10,80,0.22,1.0,0,143
10,72,0.18,1.0,0,143
10,66,0.16,1.0,0,143
5,98,0.3,1.0,0,143
5,94,0.28,1.0,0,143
5,76,0.2,1.0,0,143
25,70,0.18,1.0,0,144
20,90,0.28,1.0,0,144
20,86,0.26,1.0,0,144
20,52,0.1,1.0,0,144
20,48,0.08,1.0,0,144
20,38,0.04,1.0,0,144
20,32,0.02,1.0,0,144
15,52,0.1,1.0,0,144
10,90,0.26,1.0,0,144
5,62,0.14,1.0,0,144
25,52,0.1,1.0,0,145
20,82,0.24,1.0,0,145
15,100,0.32,1.0,0,145
15,92,0.28,1.0,0,145
15,72,0.18,1.0,0,145
15,50,0.08,1.0,0,145
10,98,0.3,1.0,0,145
10,82,0.22,1.0,0,145
10,76,0.2,1.0,0,145
10,58,0.12,1.0,0,145
10,50,0.08,1.0,0,145
10,40,0.04,1.0,0,145
5,84,0.22,1.0,0,145
5,82,0.22,1.0,0,145
5,56,0.1,1.0,0,145
5,50,0.08,1.0,0,145
25,86,0.26,1.0,0,146
25,82,0.24,1.0,0,146
25,78,0.22,1.0,0,146
20,98,0.32,1.0,0,146
20,94,0.3,1.0,0,146
20,72,0.18,1.0,0,146
20,54,0.1,1.0,0,146
15,96,0.3,1.0,0,146
15,88,0.26,1.0,0,146
15,80,0.22,1.0,0,146
15,66,0.16,1.0,0,146
15,54,0.1,1.0,0,146
10,94,0.28,1.0,0,146
10,86,0.24,1.0,0,146
10,78,0.2,1.0,0,146
10,62,0.14,1.0,0,146
5,78,0.2,1.0,0,146
5,74,0.18,1.0,0,146
5,68,0.16,1.0,0,146
5,64,0.14,1.0,0,146
25,66,0.16,1.0,0,147
25,48,0.08,1.0,0,147
25,38,0.04,1.0,0,147
25,32,0.02,1.0,0,147
20,88,0.26,1.0,0,147
20,84,0.24,1.0,0,147
20,58,0.12,1.0,0,147
20,44,0.06,1.0,0,147
15,84,0.24,1.0,0,147
15,82,0.22,1.0,0,147
15,76,0.2,1.0,0,147
15,58,0.12,1.0,0,147
15,40,0.04,1.0,0,147
10,84,0.22,1.0,0,147
10,74,0.18,1.0,0,147
10,68,0.16,1.0,0,147
10,60,0.12,1.0,0,147
10,54,0.1,1.0,0,147
10,46,0.06,1.0,0,147
10,34,0.02,1.0,0,147
5,100,0.3,1.0,0,147
5,92,0.26,1.0,0,147
5,88,0.24,1.0,0,147
5,60,0.12,1.0,0,147
25,98,0.32,1.0,0,148
25,96,0.3,1.0,0,148
25,94,0.3,1.0,0,148
25,90,0.28,1.0,0,148
20,100,0.32,1.0,0,148
20,96,0.3,1.0,0,148
20,80,0.22,1.0,0,148
20,76,0.2,1.0,0,148
20,62,0.14,1.0,0,148
10,96,0.28,1.0,0,148
10,92,0.26,1.0,0,148
5,96,0.28,1.0,0,148
5,94,0.26,1.0,0,148
5,80,0.2,1.0,0,148
5,52,0.08,1.0,0,148
5,46,0.06,1.0,0,148
25,100,0.32,1.0,0,149
25,88,0.26,1.0,0,149
25,84,0.24,1.0,0,149
25,80,0.22,1.0,0,149
25,76,0.2,1.0,0,149
25,72,0.18,1.0,0,149
25,62,0.14,1.0,0,149
25,44,0.06,1.0,0,149
20,68,0.16,1.0,0,149
20,50,0.08,1.0,0,149
15,98,0.3,1.0,0,149
15,90,0.26,1.0,0,149
15,86,0.24,1.0,0,149
15,78,0.2,1.0,0,149
15,68,0.16,1.0,0,149
15,62,0.14,1.0,0,149
15,34,0.02,1.0,0,149
10,100,0.3,1.0,0,149
10,88,0.24,1.0,0,149
10,86,0.22,1.0,0,149
10,80,0.2,1.0,0,149
10,64,0.14,1.0,0,149
5,90,0.24,1.0,0,149
5,82,0.2,1.0,0,149
5,76,0.18,1.0,0,149
5,70,0.16,1.0,0,149
5,36,0.02,1.0,0,149
25,92,0.28,1.0,0,150
25,54,0.1,1.0,0,150
20,92,0.28,1.0,0,150
20,82,0.22,1.0,0,150
20,56,0.1,1.0,0,150
15,96,0.28,1.0,0,150
15,94,0.26,1.0,0,150
15,94,0.28,1.0,0,150
15,92,0.26,1.0,0,150
15,88,0.24,1.0,0,150
15,84,0.22,1.0,0,150
15,74,0.18,1.0,0,150
15,60,0.12,1.0,0,150
10,90,0.24,1.0,0,150
10,76,0.18,1.0,0,150
5,100,0.28,1.0,0,150
5,98,0.28,1.0,0,150
5,96,0.26,1.0,0,150
5,92,0.24,1.0,0,150
5,86,0.22,1.0,0,150
5,42,0.04,1.0,0,150
25,94,0.28,1.0,0,151
25,92,0.26,1.0,0,151
25,90,0.26,1.0,0,151
25,86,0.24,1.0,0,151
25,82,0.22,1.0,0,151
25,78,0.2,1.0,0,151
25,68,0.16,1.0,0,151
25,58,0.12,1.0,0,151
20,86,0.24,1.0,0,151
20,60,0.12,1.0,0,151
20,40,0.04,1.0,0,151
15,90,0.24,1.0,0,151
15,64,0.14,1.0,0,151
15,56,0.1,1.0,0,151
15,46,0.06,1.0,0,151
10,94,0.26,1.0,0,151
10,82,0.2,1.0,0,151
5,88,0.22,1.0,0,151
5,66,0.14,1.0,0,151
5,48,0.06,1.0,0,151
25,98,0.3,1.0,0,152
25,50,0.08,1.0,0,152
20,98,0.3,1.0,0,152
20,96,0.28,1.0,0,152
20,94,0.26,1.0,0,152
20,94,0.28,1.0,0,152
20,92,0.26,1.0,0,152
20,90,0.26,1.0,0,152
20,78,0.2,1.0,0,152
20,64,0.14,1.0,0,152
20,46,0.06,1.0,0,152
15,100,0.3,1.0,0,152
15,80,0.2,1.0,0,152
15,52,0.08,1.0,0,152
10,92,0.24,1.0,0,152
10,88,0.22,1.0,0,152
10,66,0.14,1.0,0,152
10,56,0.1,1.0,0,152
10,42,0.04,1.0,0,152
5,62,0.12,1.0,0,152
25,96,0.28,1.0,0,153
25,94,0.26,1.0,0,153
25,88,0.24,1.0,0,153
25,40,0.04,1.0,0,153
20,88,0.24,1.0,0,153
20,84,0.22,1.0,0,153
20,80,0.2,1.0,0,153
20,74,0.18,1.0,0,153
20,70,0.16,1.0,0,153
15,98,0.28,1.0,0,153
15,86,0.22,1.0,0,153
15,76,0.18,1.0,0,153
15,70,0.16,1.0,0,153
15,58,0.1,1.0,0,153
10,100,0.28,1.0,0,153
10,98,0.28,1.0,0,153
10,96,0.26,1.0,0,153
10,62,0.12,1.0,0,153
10,52,0.08,1.0,0,153
5,98,0.26,1.0,0,153
5,90,0.22,1.0,0,153
5,54,0.08,1.0,0,153
25,100,0.3,1.0,0,154
25,84,0.22,1.0,0,154
25,64,0.14,1.0,0,154
25,60,0.12,1.0,0,154
25,56,0.1,1.0,0,154
20,100,0.3,1.0,0,154
20,98,0.28,1.0,0,154
20,62,0.12,1.0,0,154
20,34,0.02,1.0,0,154
15,92,0.24,1.0,0,154
15,82,0.2,1.0,0,154
15,66,0.14,1.0,0,154
15,62,0.12,1.0,0,154
10,94,0.24,1.0,0,154
10,84,0.2,1.0,0,154
10,78,0.18,1.0,0,154
10,70,0.16,1.0,0,154
10,48,0.06,1.0,0,154
5,100,0.26,1.0,0,154
5,94,0.24,1.0,0,154
5,86,0.2,1.0,0,154
5,84,0.2,1.0,0,154
5,78,0.18,1.0,0,154
5,64,0.12,1.0,0,154
25,98,0.28,1.0,0,155
25,80,0.2,1.0,0,155
25,74,0.18,1.0,0,155
25,46,0.06,1.0,0,155
25,34,0.02,1.0,0,155
20,96,0.26,1.0,0,155
20,90,0.24,1.0,0,155
20,76,0.18,1.0,0,155
20,66,0.14,1.0,0,155
15,100,0.28,1.0,0,155
15,96,0.26,1.0,0,155
15,88,0.22,1.0,0,155
15,84,0.2,1.0,0,155
15,78,0.18,1.0,0,155
10,98,0.26,1.0,0,155
10,68,0.14,1.0,0,155
10,58,0.1,1.0,0,155
5,88,0.2,1.0,0,155
5,72,0.16,1.0,0,155
5,68,0.14,1.0,0,155
5,60,0.1,1.0,0,155
5,58,0.1,1.0,0,155
5,50,0.06,1.0,0,155
25,100,0.28,1.0,0,156
25,90,0.24,1.0,0,156
25,86,0.22,1.0,0,156
25,76,0.18,1.0,0,156
25,70,0.16,1.0,0,156
25,66,0.14,1.0,0,156
25,62,0.12,1.0,0,156
25,52,0.08,1.0,0,156
20,100,0.28,1.0,0,156
20,92,0.24,1.0,0,156
20,88,0.22,1.0,0,156
20,86,0.22,1.0,0,156
20,82,0.2,1.0,0,156
20,64,0.12,1.0,0,156
20,52,0.08,1.0,0,156
15,90,0.22,1.0,0,156
15,42,0.04,1.0,0,156
10,100,0.26,1.0,0,156
10,90,0.22,1.0,0,156
10,86,0.2,1.0,0,156
5,96,0.24,1.0,0,156
5,92,0.22,1.0,0,156
5,44,0.04,1.0,0,156
25,96,0.26,1.0,0,157
20,72,0.16,1.0,0,157
20,68,0.14,1.0,0,157
20,58,0.1,1.0,0,157
15,98,0.26,1.0,0,157
15,68,0.14,1.0,0,157
15,64,0.12,1.0,0,157
15,54,0.08,1.0,0,157
15,48,0.06,1.0,0,157
10,72,0.16,1.0,0,157
10,64,0.12,1.0,0,157
10,54,0.08,1.0,0,157
10,50,0.06,1.0,0,157
25,92,0.24,1.0,0,158
25,82,0.2,1.0,0,158
25,58,0.1,1.0,0,158
20,98,0.26,1.0,0,158
20,84,0.2,1.0,0,158
20,78,0.18,1.0,0,158
10,96,0.24,1.0,0,158
10,80,0.18,1.0,0,158
10,60,0.1,1.0,0,158
10,36,0.02,1.0,0,158
5,94,0.22,1.0,0,158
5,74,0.16,1.0,0,158
5,66,0.12,1.0,0,158
25,88,0.22,1.0,0,159
25,64,0.12,1.0,0,159
20,94,0.24,1.0,0,159
20,48,0.06,1.0,0,159
20,42,0.04,1.0,0,159
15,94,0.24,1.0,0,159
15,72,0.16,1.0,0,159
10,92,0.22,1.0,0,159
5,98,0.24,1.0,0,159
5,80,0.18,1.0,0,159
5,70,0.14,1.0,0,159
5,56,0.08,1.0,0,159
25,78,0.18,1.0,0,160
25,68,0.14,1.0,0,160
20,90,0.22,1.0,0,160
20,54,0.08,1.0,0,160
15,60,0.1,1.0,0,160
15,44,0.04,1.0,0,160
10,74,0.16,1.0,0,160
10,70,0.14,1.0,0,160
10,56,0.08,1.0,0,160
10,44,0.04,1.0,0,160
5,38,0.02,1.0,0,160
25,72,0.16,1.0,0,161
25,60,0.1,1.0,0,161
25,42,0.04,1.0,0,161
20,74,0.16,1.0,0,161
20,60,0.1,1.0,0,161
15,80,0.18,1.0,0,161
15,66,0.12,1.0,0,161
15,62,0.1,1.0,0,161
15,56,0.08,1.0,0,161
10,88,0.2,1.0,0,161
10,66,0.12,1.0,0,161
5,90,0.2,1.0,0,161
5,76,0.16,1.0,0,161
5,62,0.1,1.0,0,161
5,52,0.06,1.0,0,161
25,94,0.24,1.0,0,162
25,84,0.2,1.0,0,162
20,70,0.14,1.0,0,162
15,86,0.2,1.0,0,162
15,70,0.14,1.0,0,162
10,76,0.16,1.0,0,162
5,82,0.18,1.0,0,162
5,58,0.08,1.0,0,162
25,54,0.08,1.0,0,163
20,76,0.16,1.0,0,163
20,66,0.12,1.0,0,163
15,100,0.26,1.0,0,163
15,96,0.24,1.0,0,163
15,92,0.22,1.0,0,163
15,74,0.16,1.0,0,163
10,72,0.14,1.0,0,163
10,62,0.1,1.0,0,163
5,84,0.18,1.0,0,163
5,72,0.14,1.0,0,163
5,68,0.12,1.0,0,163
5,46,0.04,1.0,0,163
25,98,0.26,1.0,0,164
25,90,0.22,1.0,0,164
25,74,0.16,1.0,0,164
25,66,0.12,1.0,0,164
25,48,0.06,1.0,0,164
20,80,0.18,1.0,0,164
20,44,0.04,1.0,0,164
15,88,0.2,1.0,0,164
15,50,0.06,1.0,0,164
15,36,0.02,1.0,0,164
10,98,0.24,1.0,0,164
10,94,0.22,1.0,0,164
10,52,0.06,1.0,0,164
5,78,0.16,1.0,0,164
25,86,0.2,1.0,0,165
25,76,0.16,1.0,0,165
25,70,0.14,1.0,0,165
20,86,0.2,1.0,0,165
20,56,0.08,1.0,0,165
20,36,0.02,1.0,0,165
15,82,0.18,1.0,0,165
10,82,0.18,1.0,0,165
5,100,0.24,1.0,0,165
5,64,0.1,1.0,0,165
25,72,0.14,1.0,0,166
25,44,0.04,1.0,0,166
20,100,0.26,1.0,0,166
20,96,0.24,1.0,0,166
20,92,0.22,1.0,0,166
20,72,0.14,1.0,0,166
20,62,0.1,1.0,0,166
15,76,0.16,1.0,0,166
15,72,0.14,1.0,0,166
15,68,0.12,1.0,0,166
10,68,0.12,1.0,0,166
10,58,0.08,1.0,0,166
10,46,0.04,1.0,0,166
10,38,0.02,1.0,0,166
5,96,0.22,1.0,0,166
5,86,0.18,1.0,0,166
5,74,0.14,1.0,0,166
25,80,0.18,1.0,0,167
20,88,0.2,1.0,0,167
20,82,0.18,1.0,0,167
10,78,0.16,1.0,0,167
5,80,0.16,1.0,0,167
25,100,0.26,1.0,0,168
25,96,0.24,1.0,0,168
25,36,0.02,1.0,0,168
20,78,0.16,1.0,0,168
20,50,0.06,1.0,0,168
15,98,0.24,1.0,0,168
15,84,0.18,1.0,0,168
15,46,0.04,1.0,0,168
10,90,0.2,1.0,0,168
10,84,0.18,1.0,0,168
5,92,0.2,1.0,0,168
5,70,0.12,1.0,0,168
5,60,0.08,1.0,0,168
5,48,0.04,1.0,0,168
25,62,0.1,1.0,0,169
25,50,0.06,1.0,0,169
20,68,0.12,1.0,0,169
15,78,0.16,1.0,0,169
15,58,0.08,1.0,0,169
15,52,0.06,1.0,0,169
15,38,0.02,1.0,0,169
10,74,0.14,1.0,0,169
10,64,0.1,1.0,0,169
5,98,0.22,1.0,0,169
5,66,0.1,1.0,0,169
5,54,0.06,1.0,0,169
25,92,0.22,1.0,0,170
25,82,0.18,1.0,0,170
25,78,0.16,1.0,0,170
25,56,0.08,1.0,0,170
20,84,0.18,1.0,0,170
20,74,0.14,1.0,0,170
20,52,0.06,1.0,0,170
20,46,0.04,1.0,0,170
15,74,0.14,1.0,0,170
10,100,0.24,1.0,0,170
10,80,0.16,1.0,0,170
10,48,0.04,1.0,0,170
5,82,0.16,1.0,0,170
25,88,0.2,1.0,0,171
25,74,0.14,1.0,0,171
20,98,0.24,1.0,0,171
15,94,0.22,1.0,0,171
15,80,0.16,1.0,0,171
15,64,0.1,1.0,0,171
5,76,0.14,1.0,0,171
5,56,0.06,1.0,0,171
5,50,0.04,1.0,0,171
5,40,0.02,1.0,0,171
25,68,0.12,1.0,0,172
25,64,0.1,1.0,0,172
25,46,0.04,1.0,0,172
20,80,0.16,1.0,0,172
20,64,0.1,1.0,0,172
20,58,0.08,1.0,0,172
15,100,0.24,1.0,0,172
15,90,0.2,1.0,0,172
15,76,0.14,1.0,0,172
15,70,0.12,1.0,0,172
15,54,0.06,1.0,0,172
10,96,0.22,1.0,0,172
10,86,0.18,1.0,0,172
10,82,0.16,1.0,0,172
10,76,0.14,1.0,0,172
10,70,0.12,1.0,0,172
10,60,0.08,1.0,0,172
10,54,0.06,1.0,0,172
25,98,0.24,1.0,0,173
25,84,0.18,1.0,0,173
25,80,0.16,1.0,0,173
25,70,0.12,1.0,0,173
25,52,0.06,1.0,0,173
20,100,0.24,1.0,0,173
20,94,0.22,1.0,0,173
20,90,0.2,1.0,0,173
20,86,0.18,1.0,0,173
20,70,0.12,1.0,0,173
15,96,0.22,1.0,0,173
15,86,0.18,1.0,0,173
10,98,0.22,1.0,0,173
10,66,0.1,1.0,0,173
5,72,0.12,1.0,0,173
5,62,0.08,1.0,0,173
25,76,0.14,1.0,0,174
25,58,0.08,1.0,0,174
20,76,0.14,1.0,0,174
20,66,0.1,1.0,0,174
20,54,0.06,1.0,0,174
20,38,0.02,1.0,0,174
15,60,0.08,1.0,0,174
10,62,0.08,1.0,0,174
5,100,0.22,1.0,0,174
5,94,0.2,1.0,0,174
5,88,0.18,1.0,0,174
5,68,0.1,1.0,0,174
25,54,0.06,1.0,0,175
20,82,0.16,1.0,0,175
15,98,0.22,1.0,0,175
15,92,0.2,1.0,0,175
15,72,0.12,1.0,0,175
15,66,0.1,1.0,0,175
10,92,0.2,1.0,0,175
10,68,0.1,1.0,0,175
10,56,0.06,1.0,0,175
5,78,0.14,1.0,0,175
25,94,0.22,1.0,0,176
25,90,0.2,1.0,0,176
25,86,0.18,1.0,0,176
25,66,0.1,1.0,0,176
25,60,0.08,1.0,0,176
20,96,0.22,1.0,0,176
20,60,0.08,1.0,0,176
15,82,0.16,1.0,0,176
15,48,0.04,1.0,0,176
10,100,0.22,1.0,0,176
10,78,0.14,1.0,0,176
10,72,0.12,1.0,0,176
10,40,0.02,1.0,0,176
5,84,0.16,1.0,0,176
5,64,0.08,1.0,0,176
25,82,0.16,1.0,0,177
25,38,0.02,1.0,0,177
20,92,0.2,1.0,0,177
15,100,0.22,1.0,0,177
15,78,0.14,1.0,0,177
10,94,0.2,1.0,0,177
10,88,0.18,1.0,0,177
10,84,0.16,1.0,0,177
5,74,0.12,1.0,0,177
5,58,0.06,1.0,0,177
5,52,0.04,1.0,0,177
25,96,0.22,1.0,0,178
20,100,0.22,1.0,0,178
20,98,0.22,1.0,0,178
20,94,0.2,1.0,0,178
20,88,0.18,1.0,0,178
20,78,0.14,1.0,0,178
20,62,0.08,1.0,0,178
20,48,0.04,1.0,0,178
15,94,0.2,1.0,0,178
15,88,0.18,1.0,0,178
15,62,0.08,1.0,0,178
15,56,0.06,1.0,0,178
10,96,0.2,1.0,0,178
10,74,0.12,1.0,0,178
5,96,0.2,1.0,0,178
25,100,0.24,1.0,0,179
25,92,0.2,1.0,0,179
25,72,0.12,1.0,0,179
20,72,0.12,1.0,0,179
15,84,0.16,1.0,0,179
15,74,0.12,1.0,0,179
15,68,0.1,1.0,0,179
15,40,0.02,1.0,0,179
10,80,0.14,1.0,0,179
10,50,0.04,1.0,0,179
5,80,0.14,1.0,0,179
5,42,0.02,1.0,0,179
25,98,0.22,1.0,0,180
25,88,0.18,1.0,0,180
25,84,0.16,1.0,0,180
25,78,0.14,1.0,0,180
25,62,0.08,1.0,0,180
25,48,0.04,1.0,0,180
20,84,0.16,1.0,0,180
20,40,0.02,1.0,0,180
15,96,0.2,1.0,0,180
15,80,0.14,1.0,0,180
15,50,0.04,1.0,0,180
10,90,0.18,1.0,0,180
10,52,0.04,1.0,0,180
5,86,0.16,1.0,0,180
5,76,0.12,1.0,0,180
25,100,0.22,1.0,0,181
25,94,0.2,1.0,0,181
20,96,0.2,1.0,0,181
20,90,0.18,1.0,0,181
20,56,0.06,1.0,0,181
20,50,0.04,1.0,0,181
15,76,0.12,1.0,0,181
10,76,0.12,1.0,0,181
10,70,0.1,1.0,0,181
5,90,0.18,1.0,0,181
5,82,0.14,1.0,0,181
5,70,0.1,1.0,0,181
5,66,0.08,1.0,0,181
5,60,0.06,1.0,0,181
25,68,0.1,1.0,0,182
20,74,0.12,1.0,0,182
20,68,0.1,1.0,0,182
15,90,0.18,1.0,0,182
10,98,0.2,1.0,0,182
10,92,0.18,1.0,0,182
10,86,0.16,1.0,0,182
10,78,0.12,1.0,0,182
10,64,0.08,1.0,0,182
10,58,0.06,1.0,0,182
5,72,0.1,1.0,0,182
25,56,0.06,1.0,0,183
15,98,0.2,1.0,0,183
15,92,0.18,1.0,0,183
15,70,0.1,1.0,0,183
10,82,0.14,1.0,0,183
10,72,0.1,1.0,0,183
10,42,0.02,1.0,0,183
5,98,0.2,1.0,0,183
5,78,0.12,1.0,0,183
5,54,0.04,1.0,0,183
25,96,0.2,1.0,0,184
25,74,0.12,1.0,0,184
20,92,0.18,1.0,0,184
20,80,0.14,1.0,0,184
20,70,0.1,1.0,0,184
20,64,0.08,1.0,0,184
15,86,0.16,1.0,0,184
15,82,0.14,1.0,0,184
15,64,0.08,1.0,0,184
10,66,0.08,1.0,0,184
10,60,0.06,1.0,0,184
5,92,0.18,1.0,0,184
5,74,0.1,1.0,0,184
5,68,0.08,1.0,0,184
5,62,0.06,1.0,0,184
25,90,0.18,1.0,0,185
25,80,0.14,1.0,0,185
25,58,0.06,1.0,0,185
25,50,0.04,1.0,0,185
20,98,0.2,1.0,0,185
20,76,0.12,1.0,0,185
20,58,0.06,1.0,0,185
15,78,0.12,1.0,0,185
15,58,0.06,1.0,0,185
10,100,0.2,1.0,0,185
10,94,0.18,1.0,0,185
10,54,0.04,1.0,0,185
5,100,0.2,1.0,0,185
5,88,0.16,1.0,0,185
5,44,0.02,1.0,0,185
25,92,0.18,1.0,0,186
25,40,0.02,1.0,0,186
15,100,0.2,1.0,0,186
15,94,0.18,1.0,0,186
15,72,0.1,1.0,0,186
15,66,0.08,1.0,0,186
15,52,0.04,1.0,0,186
15,42,0.02,1.0,0,186
10,74,0.1,1.0,0,186
5,84,0.14,1.0,0,186
25,98,0.2,1.0,0,187
25,76,0.12,1.0,0,187
25,70,0.1,1.0,0,187
25,64,0.08,1.0,0,187
20,100,0.2,1.0,0,187
20,86,0.16,1.0,0,187
20,60,0.06,1.0,0,187
20,52,0.04,1.0,0,187
20,42,0.02,1.0,0,187
15,60,0.06,1.0,0,187
10,62,0.06,1.0,0,187
10,44,0.02,1.0,0,187
5,94,0.18,1.0,0,187
5,80,0.12,1.0,0,187
5,70,0.08,1.0,0,187
5,46,0.02,1.0,0,187
25,86,0.16,1.0,0,188
25,52,0.04,1.0,0,188
20,94,0.18,1.0,0,188
20,72,0.1,1.0,0,188
15,88,0.16,1.0,0,188
15,84,0.14,1.0,0,188
15,62,0.06,1.0,0,188
10,96,0.18,1.0,0,188
10,88,0.16,1.0,0,188
10,84,0.14,1.0,0,188
10,68,0.08,1.0,0,188
5,96,0.18,1.0,0,188
5,90,0.16,1.0,0,188
5,76,0.1,1.0,0,188
5,64,0.06,1.0,0,188
25,100,0.2,1.0,0,189
25,60,0.06,1.0,0,189
20,88,0.16,1.0,0,189
20,82,0.14,1.0,0,189
20,66,0.08,1.0,0,189
20,54,0.04,1.0,0,189
15,96,0.18,1.0,0,189
15,68,0.08,1.0,0,189
15,54,0.04,1.0,0,189
10,90,0.16,1.0,0,189
5,86,0.14,1.0,0,189
5,56,0.04,1.0,0,189
25,94,0.18,1.0,0,190
25,88,0.16,1.0,0,190
25,82,0.14,1.0,0,190
25,42,0.02,1.0,0,190
20,78,0.12,1.0,0,190
15,92,0.16,1.0,0,190
15,90,0.16,1.0,0,190
15,74,0.1,1.0,0,190
10,80,0.12,1.0,0,190
5,82,0.12,1.0,0,190
25,66,0.08,1.0,0,191
20,96,0.18,1.0,0,191
20,84,0.14,1.0,0,191
20,62,0.06,1.0,0,191
15,98,0.18,1.0,0,191
15,86,0.14,1.0,0,191
10,98,0.18,1.0,0,191
10,92,0.16,1.0,0,191
10,76,0.1,1.0,0,191
10,70,0.08,1.0,0,191
10,64,0.06,1.0,0,191
5,98,0.18,1.0,0,191
5,92,0.16,1.0,0,191
5,58,0.04,1.0,0,191
25,96,0.18,1.0,0,192
25,90,0.16,1.0,0,192
25,78,0.12,1.0,0,192
20,90,0.16,1.0,0,192
20,74,0.1,1.0,0,192
20,68,0.08,1.0,0,192
15,56,0.04,1.0,0,192
10,88,0.14,1.0,0,192
10,86,0.14,1.0,0,192
10,82,0.12,1.0,0,192
10,56,0.04,1.0,0,192
5,88,0.14,1.0,0,192
5,78,0.1,1.0,0,192
5,72,0.08,1.0,0,192
25,98,0.18,1.0,0,193
25,72,0.1,1.0,0,193
25,54,0.04,1.0,0,193
25,44,0.02,1.0,0,193
15,100,0.18,1.0,0,193
15,88,0.14,1.0,0,193
15,44,0.02,1.0,0,193
10,94,0.16,1.0,0,193
10,58,0.04,1.0,0,193
10,46,0.02,1.0,0,193
5,100,0.18,1.0,0,193
5,94,0.16,1.0,0,193
5,90,0.14,1.0,0,193
5,66,0.06,1.0,0,193
5,60,0.04,1.0,0,193
5,48,0.02,1.0,0,193
25,84,0.14,1.0,0,194
25,68,0.08,1.0,0,194
20,98,0.18,1.0,0,194
20,56,0.04,1.0,0,194
20,44,0.02,1.0,0,194
15,80,0.12,1.0,0,194
15,76,0.1,1.0,0,194
10,100,0.18,1.0,0,194
5,84,0.12,1.0,0,194
20,100,0.18,1.0,0,195
20,92,0.16,1.0,0,195
20,80,0.12,1.0,0,195
15,94,0.16,1.0,0,195
15,70,0.08,1.0,0,195
15,64,0.06,1.0,0,195
15,46,0.02,1.0,0,195
5,92,0.14,1.0,0,195
5,74,0.08,1.0,0,195
5,50,0.02,1.0,0,195
25,100,0.18,1.0,0,196
25,92,0.16,1.0,0,196
25,86,0.14,1.0,0,196
25,80,0.12,1.0,0,196
25,62,0.06,1.0,0,196
20,88,0.14,1.0,0,196
20,86,0.14,1.0,0,196
20,76,0.1,1.0,0,196
20,70,0.08,1.0,0,196
20,64,0.06,1.0,0,196
20,46,0.02,1.0,0,196
15,96,0.16,1.0,0,196
15,90,0.14,1.0,0,196
15,82,0.12,1.0,0,196
15,58,0.04,1.0,0,196
10,90,0.14,1.0,0,196
10,78,0.1,1.0,0,196
10,72,0.08,1.0,0,196
10,66,0.06,1.0,0,196
10,60,0.04,1.0,0,196
10,48,0.02,1.0,0,196
5,96,0.16,1.0,0,196
5,62,0.04,1.0,0,196
25,74,0.1,1.0,0,197
25,70,0.08,1.0,0,197
20,94,0.16,1.0,0,197
20,84,0.12,1.0,0,197
20,82,0.12,1.0,0,197
20,58,0.04,1.0,0,197
10,96,0.16,1.0,0,197
10,84,0.12,1.0,0,197
5,98,0.16,1.0,0,197
5,86,0.12,1.0,0,197
25,94,0.16,1.0,0,198
25,88,0.14,1.0,0,198
25,82,0.12,1.0,0,198
25,76,0.1,1.0,0,198
20,90,0.14,1.0,0,198
20,78,0.1,1.0,0,198
15,98,0.16,1.0,0,198
15,84,0.12,1.0,0,198
15,78,0.1,1.0,0,198
15,72,0.08,1.0,0,198
15,48,0.02,1.0,0,198
10,100,0.16,1.0,0,198
10,98,0.16,1.0,0,198
10,86,0.12,1.0,0,198
10,80,0.1,1.0,0,198
5,100,0.16,1.0,0,198
5,94,0.14,1.0,0,198
5,88,0.12,1.0,0,198
5,80,0.1,1.0,0,198
5,68,0.06,1.0,0,198
25,90,0.14,1.0,0,199
25,84,0.12,1.0,0,199
25,64,0.06,1.0,0,199
25,56,0.04,1.0,0,199
25,46,0.02,1.0,0,199
20,96,0.16,1.0,0,199
20,86,0.12,1.0,0,199
20,72,0.08,1.0,0,199
15,94,0.14,1.0,0,199
15,92,0.14,1.0,0,199
15,86,0.12,1.0,0,199
15,80,0.1,1.0,0,199
10,92,0.14,1.0,0,199
10,88,0.12,1.0,0,199
10,74,0.08,1.0,0,199
5,76,0.08,1.0,0,199
5,70,0.06,1.0,0,199
25,98,0.16,1.0,0,200
25,96,0.16,1.0,0,200
25,86,0.12,1.0,0,200
25,78,0.1,1.0,0,200
25,72,0.08,1.0,0,200
25,58,0.04,1.0,0,200
20,98,0.16,1.0,0,200
20,92,0.14,1.0,0,200
20,88,0.12,1.0,0,200
20,80,0.1,1.0,0,200
20,66,0.06,1.0,0,200
15,100,0.16,1.0,0,200
15,90,0.12,1.0,0,200
15,88,0.12,1.0,0,200
15,66,0.06,1.0,0,200
10,94,0.14,1.0,0,200
10,82,0.1,1.0,0,200
10,62,0.04,1.0,0,200
5,84,0.1,1.0,0,200
5,82,0.1,1.0,0,200
5,64,0.04,1.0,0,200
25,88,0.12,1.0,0,201
25,80,0.1,1.0,0,201
25,74,0.08,1.0,0,201
20,94,0.14,1.0,0,201
20,90,0.12,1.0,0,201
20,82,0.1,1.0,0,201
20,74,0.08,1.0,0,201
20,48,0.02,1.0,0,201
15,96,0.14,1.0,0,201
15,74,0.08,1.0,0,201
15,60,0.04,1.0,0,201
10,96,0.14,1.0,0,201
10,90,0.12,1.0,0,201
10,68,0.06,1.0,0,201
5,96,0.14,1.0,0,201
5,90,0.12,1.0,0,201
5,72,0.06,1.0,0,201
5,52,0.02,1.0,0,201
25,100,0.16,1.0,0,202
25,94,0.14,1.0,0,202
25,92,0.14,1.0,0,202
25,90,0.12,1.0,0,202
20,100,0.16,1.0,0,202
20,96,0.14,1.0,0,202
20,92,0.12,1.0,0,202
20,60,0.04,1.0,0,202
15,100,0.14,1.0,0,202
15,98,0.14,1.0,0,202
15,82,0.1,1.0,0,202
15,68,0.06,1.0,0,202
15,62,0.04,1.0,0,202
15,50,0.02,1.0,0,202
10,98,0.14,1.0,0,202
10,94,0.12,1.0,0,202
10,92,0.12,1.0,0,202
10,84,0.1,1.0,0,202
10,70,0.06,1.0,0,202
10,50,0.02,1.0,0,202
5,100,0.14,1.0,0,202
5,98,0.14,1.0,0,202
5,94,0.12,1.0,0,202
5,92,0.12,1.0,0,202
5,78,0.08,1.0,0,202
5,66,0.04,1.0,0,202
25,96,0.14,1.0,0,203
25,82,0.1,1.0,0,203
25,66,0.06,1.0,0,203
25,48,0.02,1.0,0,203
20,100,0.14,1.0,0,203
20,98,0.14,1.0,0,203
20,94,0.12,1.0,0,203
20,68,0.06,1.0,0,203
15,92,0.12,1.0,0,203
15,70,0.06,1.0,0,203
10,78,0.08,1.0,0,203
10,76,0.08,1.0,0,203
10,72,0.06,1.0,0,203
10,64,0.04,1.0,0,203
5,86,0.1,1.0,0,203
5,54,0.02,1.0,0,203
25,100,0.14,1.0,0,204
25,98,0.14,1.0,0,204
25,92,0.12,1.0,0,204
25,84,0.1,1.0,0,204
25,76,0.08,1.0,0,204
25,60,0.04,1.0,0,204
20,84,0.1,1.0,0,204
20,62,0.04,1.0,0,204
15,94,0.12,1.0,0,204
15,84,0.1,1.0,0,204
15,78,0.08,1.0,0,204
15,76,0.08,1.0,0,204
10,100,0.14,1.0,0,204
10,80,0.08,1.0,0,204
10,74,0.06,1.0,0,204
10,56,0.02,1.0,0,204
10,54,0.02,1.0,0,204
10,52,0.02,1.0,0,204
5,96,0.12,1.0,0,204
5,90,0.1,1.0,0,204
5,88,0.1,1.0,0,204
5,80,0.08,1.0,0,204
5,74,0.06,1.0,0,204
5,68,0.04,1.0,0,204
5,56,0.02,1.0,0,204
25,94,0.12,1.0,0,205
20,76,0.08,1.0,0,205
20,50,0.02,1.0,0,205
15,96,0.12,1.0,0,205
15,86,0.1,1.0,0,205
15,74,0.06,1.0,0,205
15,72,0.06,1.0,0,205
15,54,0.02,1.0,0,205
15,52,0.02,1.0,0,205
10,96,0.12,1.0,0,205
10,86,0.1,1.0,0,205
10,76,0.06,1.0,0,205
10,66,0.04,1.0,0,205
5,98,0.12,1.0,0,205
5,92,0.1,1.0,0,205
5,82,0.08,1.0,0,205
5,76,0.06,1.0,0,205
25,68,0.06,1.0,0,206
25,50,0.02,1.0,0,206
20,96,0.12,1.0,0,206
20,78,0.08,1.0,0,206
20,74,0.06,1.0,0,206
20,72,0.06,1.0,0,206
20,70,0.06,1.0,0,206
20,64,0.04,1.0,0,206
20,54,0.02,1.0,0,206
20,52,0.02,1.0,0,206
15,80,0.08,1.0,0,206
15,64,0.04,1.0,0,206
10,92,0.1,1.0,0,206
10,90,0.1,1.0,0,206
10,88,0.1,1.0,0,206
10,82,0.08,1.0,0,206
10,68,0.04,1.0,0,206
5,100,0.12,1.0,0,206
5,94,0.1,1.0,0,206
5,84,0.08,1.0,0,206
5,70,0.04,1.0,0,206
25,86,0.1,1.0,0,207
25,80,0.08,1.0,0,207
25,78,0.08,1.0,0,207
25,72,0.06,1.0,0,207
25,70,0.06,1.0,0,207
25,62,0.04,1.0,0,207
25,52,0.02,1.0,0,207
20,86,0.1,1.0,0,207
20,66,0.04,1.0,0,207
15,98,0.12,1.0,0,207
15,88,0.1,1.0,0,207
15,82,0.08,1.0,0,207
15,78,0.06,1.0,0,207
15,76,0.06,1.0,0,207
15,66,0.04,1.0,0,207
10,98,0.12,1.0,0,207
10,78,0.06,1.0,0,207
10,70,0.04,1.0,0,207
5,58,0.02,1.0,0,207
25,100,0.12,1.0,0,208
25,98,0.12,1.0,0,208
25,96,0.12,1.0,0,208
25,74,0.06,1.0,0,208
25,64,0.04,1.0,0,208
20,98,0.12,1.0,0,208
20,88,0.1,1.0,0,208
20,80,0.08,1.0,0,208
20,76,0.06,1.0,0,208
15,90,0.1,1.0,0,208
15,56,0.02,1.0,0,208
10,100,0.12,1.0,0,208
10,88,0.08,1.0,0,208
10,86,0.08,1.0,0,208
10,84,0.08,1.0,0,208
10,82,0.06,1.0,0,208
10,80,0.06,1.0,0,208
10,60,0.02,1.0,0,208
10,58,0.02,1.0,0,208
5,96,0.1,1.0,0,208
5,86,0.08,1.0,0,208
5,78,0.06,1.0,0,208
25,94,0.1,1.0,0,209
25,92,0.1,1.0,0,209
25,90,0.1,1.0,0,209
25,88,0.1,1.0,0,209
25,82,0.08,1.0,0,209
25,76,0.06,1.0,0,209
25,66,0.04,1.0,0,209
25,54,0.02,1.0,0,209
20,82,0.08,1.0,0,209
20,78,0.06,1.0,0,209
15,94,0.1,1.0,0,209
15,92,0.1,1.0,0,209
15,90,0.08,1.0,0,209
15,88,0.08,1.0,0,209
15,86,0.08,1.0,0,209
15,84,0.08,1.0,0,209
15,68,0.04,1.0,0,209
10,98,0.1,1.0,0,209
10,96,0.1,1.0,0,209
10,94,0.1,1.0,0,209
10,92,0.08,1.0,0,209
10,90,0.08,1.0,0,209
10,84,0.06,1.0,0,209
10,72,0.04,1.0,0,209
5,98,0.1,1.0,0,209
5,92,0.08,1.0,0,209
5,90,0.08,1.0,0,209
5,88,0.08,1.0,0,209
5,84,0.06,1.0,0,209
5,82,0.06,1.0,0,209
5,80,0.06,1.0,0,209
5,72,0.04,1.0,0,209
5,62,0.02,1.0,0,209
5,60,0.02,1.0,0,209
25,98,0.1,1.0,0,210
25,96,0.1,1.0,0,210
25,88,0.08,1.0,0,210
25,86,0.08,1.0,0,210
25,84,0.08,1.0,0,210
25,78,0.06,1.0,0,210
25,68,0.04,1.0,0,210
20,100,0.12,1.0,0,210
20,96,0.1,1.0,0,210
20,94,0.1,1.0,0,210
20,92,0.1,1.0,0,210
20,90,0.1,1.0,0,210
20,88,0.08,1.0,0,210
20,86,0.08,1.0,0,210
20,84,0.08,1.0,0,210
20,80,0.06,1.0,0,210
15,100,0.12,1.0,0,210
15,98,0.1,1.0,0,210
15,96,0.1,1.0,0,210
15,80,0.06,1.0,0,210
15,70,0.04,1.0,0,210
15,60,0.02,1.0,0,210
15,58,0.02,1.0,0,210
10,62,0.02,1.0,0,210
5,100,0.1,1.0,0,210
5,94,0.08,1.0,0,210
5,86,0.06,1.0,0,210
5,74,0.04,1.0,0,210
25,90,0.08,1.0,0,211
25,80,0.06,1.0,0,211
25,70,0.04,1.0,0,211
20,92,0.08,1.0,0,211
20,90,0.08,1.0,0,211
20,82,0.06,1.0,0,211
20,68,0.04,1.0,0,211
15,84,0.06,1.0,0,211
15,82,0.06,1.0,0,211
10,100,0.1,1.0,0,211
10,96,0.08,1.0,0,211
10,94,0.08,1.0,0,211
10,86,0.06,1.0,0,211
5,96,0.08,1.0,0,211
25,100,0.1,1.0,0,212
25,92,0.08,1.0,0,212
25,56,0.02,1.0,0,212
20,98,0.1,1.0,0,212
20,70,0.04,1.0,0,212
20,58,0.02,1.0,0,212
20,56,0.02,1.0,0,212
15,72,0.04,1.0,0,212
15,62,0.02,1.0,0,212
10,92,0.06,1.0,0,212
10,90,0.06,1.0,0,212
10,88,0.06,1.0,0,212
10,74,0.04,1.0,0,212
10,64,0.02,1.0,0,212
5,98,0.08,1.0,0,212
5,94,0.06,1.0,0,212
5,92,0.06,1.0,0,212
5,90,0.06,1.0,0,212
5,88,0.06,1.0,0,212
25,82,0.06,1.0,0,213
25,72,0.04,1.0,0,213
25,58,0.02,1.0,0,213
20,88,0.06,1.0,0,213
20,86,0.06,1.0,0,213
20,84,0.06,1.0,0,213
20,72,0.04,1.0,0,213
15,100,0.1,1.0,0,213
15,96,0.08,1.0,0,213
15,94,0.08,1.0,0,213
15,92,0.08,1.0,0,213
15,86,0.06,1.0,0,213
15,64,0.02,1.0,0,213
10,98,0.08,1.0,0,213
10,94,0.06,1.0,0,213
10,66,0.02,1.0,0,213
5,76,0.04,1.0,0,213
5,64,0.02,1.0,0,213
5,22,0.0,1.0,0,213
25,94,0.08,1.0,0,214
25,90,0.06,1.0,0,214
25,88,0.06,1.0,0,214
25,86,0.06,1.0,0,214
25,84,0.06,1.0,0,214
25,60,0.02,1.0,0,214
20,100,0.1,1.0,0,214
20,96,0.08,1.0,0,214
20,94,0.08,1.0,0,214
20,92,0.06,1.0,0,214
20,90,0.06,1.0,0,214
20,60,0.02,1.0,0,214
15,90,0.06,1.0,0,214
15,88,0.06,1.0,0,214
15,74,0.04,1.0,0,214
15,66,0.02,1.0,0,214
10,100,0.08,1.0,0,214
5,100,0.08,1.0,0,214
5,98,0.06,1.0,0,214
5,96,0.06,1.0,0,214
25,96,0.08,1.0,0,215
25,62,0.02,1.0,0,215
20,74,0.04,1.0,0,215
20,64,0.02,1.0,0,215
20,62,0.02,1.0,0,215
15,92,0.06,1.0,0,215
10,76,0.04,1.0,0,215
5,100,0.06,1.0,0,215
5,82,0.04,1.0,0,215
5,80,0.04,1.0,0,215
5,78,0.04,1.0,0,215
5,66,0.02,1.0,0,215
5,24,0.0,1.0,0,215
25,74,0.04,1.0,0,216
25,64,0.02,1.0,0,216
20,100,0.08,1.0,0,216
20,98,0.08,1.0,0,216
20,94,0.06,1.0,0,216
15,100,0.08,1.0,0,216
15,98,0.08,1.0,0,216
15,94,0.06,1.0,0,216
10,98,0.06,1.0,0,216
10,96,0.06,1.0,0,216
10,80,0.04,1.0,0,216
10,78,0.04,1.0,0,216
5,88,0.04,1.0,0,216
5,86,0.04,1.0,0,216
5,84,0.04,1.0,0,216
25,98,0.08,1.0,0,217
25,78,0.04,1.0,0,217
25,76,0.04,1.0,0,217
20,82,0.04,1.0,0,217
20,80,0.04,1.0,0,217
20,78,0.04,1.0,0,217
20,76,0.04,1.0,0,217
20,66,0.02,1.0,0,217
15,98,0.06,1.0,0,217
15,96,0.06,1.0,0,217
15,78,0.04,1.0,0,217
15,76,0.04,1.0,0,217
15,20,0.0,1.0,0,217
10,100,0.06,1.0,0,217
10,88,0.04,1.0,0,217
10,86,0.04,1.0,0,217
10,84,0.04,1.0,0,217
10,82,0.04,1.0,0,217
10,70,0.02,1.0,0,217
10,68,0.02,1.0,0,217
10,22,0.0,1.0,0,217
5,68,0.02,1.0,0,217
5,26,0.0,1.0,0,217
25,100,0.08,1.0,0,218
25,92,0.06,1.0,0,218
25,82,0.04,1.0,0,218
25,80,0.04,1.0,0,218
25,66,0.02,1.0,0,218
15,86,0.04,1.0,0,218
15,84,0.04,1.0,0,218
15,82,0.04,1.0,0,218
15,80,0.04,1.0,0,218
15,68,0.02,1.0,0,218
10,90,0.04,1.0,0,218
10,72,0.02,1.0,0,218
5,90,0.04,1.0,0,218
5,72,0.02,1.0,0,218
5,70,0.02,1.0,0,218
25,94,0.06,1.0,0,219
25,84,0.04,1.0,0,219
20,98,0.06,1.0,0,219
20,96,0.06,1.0,0,219
20,86,0.04,1.0,0,219
20,84,0.04,1.0,0,219
20,68,0.02,1.0,0,219
15,100,0.06,1.0,0,219
10,24,0.0,1.0,0,219
25,96,0.06,1.0,0,220
25,86,0.04,1.0,0,220
25,70,0.02,1.0,0,220
25,68,0.02,1.0,0,220
20,100,0.06,1.0,0,220
20,90,0.04,1.0,0,220
20,88,0.04,1.0,0,220
20,70,0.02,1.0,0,220
15,90,0.04,1.0,0,220
15,88,0.04,1.0,0,220
15,76,0.02,1.0,0,220
15,74,0.02,1.0,0,220
15,72,0.02,1.0,0,220
15,70,0.02,1.0,0,220
15,22,0.0,1.0,0,220
10,92,0.04,1.0,0,220
10,78,0.02,1.0,0,220
10,76,0.02,1.0,0,220
10,74,0.02,1.0,0,220
5,92,0.04,1.0,0,220
5,76,0.02,1.0,0,220
5,74,0.02,1.0,0,220
25,98,0.06,1.0,0,221
25,90,0.04,1.0,0,221
25,88,0.04,1.0,0,221
25,72,0.02,1.0,0,221
20,92,0.04,1.0,0,221
20,76,0.02,1.0,0,221
20,74,0.02,1.0,0,221
20,72,0.02,1.0,0,221
15,92,0.04,1.0,0,221
15,78,0.02,1.0,0,221
5,28,0.0,1.0,0,221
25,100,0.06,1.0,0,222
25,74,0.02,1.0,0,222
20,94,0.04,1.0,0,222
20,78,0.02,1.0,0,222
15,96,0.04,1.0,0,222
15,94,0.04,1.0,0,222
15,80,0.02,1.0,0,222
15,24,0.0,1.0,0,222
10,98,0.04,1.0,0,222
10,96,0.04,1.0,0,222
10,94,0.04,1.0,0,222
10,80,0.02,1.0,0,222
5,94,0.04,1.0,0,222
5,78,0.02,1.0,0,222
5,30,0.0,1.0,0,222
25,78,0.02,1.0,0,223
25,76,0.02,1.0,0,223
25,18,0.0,1.0,0,223
20,96,0.04,1.0,0,223
15,98,0.04,1.0,0,223
10,100,0.04,1.0,0,223
10,26,0.0,1.0,0,223
5,100,0.04,1.0,0,223
5,98,0.04,1.0,0,223
5,96,0.04,1.0,0,223
5,80,0.02,1.0,0,223
5,32,0.0,1.0,0,223
25,92,0.04,1.0,0,224
20,98,0.04,1.0,0,224
20,80,0.02,1.0,0,224
20,20,0.0,1.0,0,224
15,100,0.04,1.0,0,224
15,84,0.02,1.0,0,224
15,82,0.02,1.0,0,224
15,26,0.0,1.0,0,224
10,28,0.0,1.0,0,224
5,34,0.0,1.0,0,224
25,96,0.04,1.0,0,225
25,94,0.04,1.0,0,225
25,80,0.02,1.0,0,225
20,100,0.04,1.0,0,225
20,84,0.02,1.0,0,225
20,82,0.02,1.0,0,225
15,86,0.02,1.0,0,225
10,86,0.02,1.0,0,225
10,84,0.02,1.0,0,225
10,82,0.02,1.0,0,225
10,30,0.0,1.0,0,225
25,98,0.04,1.0,0,226
25,82,0.02,1.0,0,226
25,20,0.0,1.0,0,226
20,86,0.02,1.0,0,226
20,22,0.0,1.0,0,226
15,88,0.02,1.0,0,226
10,88,0.02,1.0,0,226
10,32,0.0,1.0,0,226
5,88,0.02,1.0,0,226
5,86,0.02,1.0,0,226
5,84,0.02,1.0,0,226
5,82,0.02,1.0,0,226
5,36,0.0,1.0,0,226
25,100,0.04,1.0,0,227
25,86,0.02,1.0,0,227
25,84,0.02,1.0,0,227
20,88,0.02,1.0,0,227
15,28,0.0,1.0,0,227
10,92,0.02,1.0,0,227
10,90,0.02,1.0,0,227
10,34,0.0,1.0,0,227
5,92,0.02,1.0,0,227
5,90,0.02,1.0,0,227
25,90,0.02,1.0,0,228
25,88,0.02,1.0,0,228
25,22,0.0,1.0,0,228
20,24,0.0,1.0,0,228
15,90,0.02,1.0,0,228
15,30,0.0,1.0,0,228
20,90,0.02,1.0,0,229
20,26,0.0,1.0,0,229
15,32,0.0,1.0,0,229
10,36,0.0,1.0,0,229
5,96,0.02,1.0,0,229
5,94,0.02,1.0,0,229
5,38,0.0,1.0,0,229
25,92,0.02,1.0,0,230
25,24,0.0,1.0,0,230
20,92,0.02,1.0,0,230
15,92,0.02,1.0,0,230
5,98,0.02,1.0,0,230
25,26,0.0,1.0,0,231
20,28,0.0,1.0,0,231
15,96,0.02,1.0,0,231
15,94,0.02,1.0,0,231
15,34,0.0,1.0,0,231
10,96,0.02,1.0,0,231
10,94,0.02,1.0,0,231
5,44,0.0,1.0,0,231
5,42,0.0,1.0,0,231
5,40,0.0,1.0,0,231
25,96,0.02,1.0,0,232
25,94,0.02,1.0,0,232
25,28,0.0,1.0,0,232
20,96,0.02,1.0,0,232
20,94,0.02,1.0,0,232
20,30,0.0,1.0,0,232
15,100,0.02,1.0,0,232
15,98,0.02,1.0,0,232
10,100,0.02,1.0,0,232
10,98,0.02,1.0,0,232
5,100,0.02,1.0,0,232
25,98,0.02,1.0,0,233
20,98,0.02,1.0,0,233
15,36,0.0,1.0,0,233
25,100,0.02,1.0,0,234
25,30,0.0,1.0,0,234
20,100,0.02,1.0,0,234
20,32,0.0,1.0,0,234
10,38,0.0,1.0,0,234
10,40,0.0,1.0,0,235
5,48,0.0,1.0,0,235
5,46,0.0,1.0,0,235
10,44,0.0,1.0,0,236
10,42,0.0,1.0,0,236
20,34,0.0,1.0,0,237
15,38,0.0,1.0,0,237
10,46,0.0,1.0,0,237
5,52,0.0,1.0,0,237
5,50,0.0,1.0,0,237
25,32,0.0,1.0,0,238
20,36,0.0,1.0,0,238
15,40,0.0,1.0,0,238
5,60,0.0,1.0,0,238
5,58,0.0,1.0,0,238
5,56,0.0,1.0,0,238
5,54,0.0,1.0,0,238
25,36,0.0,1.0,0,239
25,34,0.0,1.0,0,239
10,48,0.0,1.0,0,239
5,66,0.0,1.0,0,239
5,64,0.0,1.0,0,239
5,62,0.0,1.0,0,239
25,40,0.0,1.0,0,240
25,38,0.0,1.0,0,240
20,40,0.0,1.0,0,240
20,38,0.0,1.0,0,240
10,50,0.0,1.0,0,240
5,68,0.0,1.0,0,240
25,46,0.0,1.0,0,241
25,44,0.0,1.0,0,241
25,42,0.0,1.0,0,241
20,48,0.0,1.0,0,241
20,46,0.0,1.0,0,241
20,44,0.0,1.0,0,241
20,42,0.0,1.0,0,241
15,48,0.0,1.0,0,241
15,46,0.0,1.0,0,241
15,44,0.0,1.0,0,241
15,42,0.0,1.0,0,241
10,60,0.0,1.0,0,241
10,58,0.0,1.0,0,241
10,56,0.0,1.0,0,241
10,54,0.0,1.0,0,241
10,52,0.0,1.0,0,241
5,70,0.0,1.0,0,241
25,52,0.0,1.0,0,242
25,50,0.0,1.0,0,242
25,48,0.0,1.0,0,242
20,56,0.0,1.0,0,242
20,54,0.0,1.0,0,242
20,52,0.0,1.0,0,242
20,50,0.0,1.0,0,242
15,56,0.0,1.0,0,242
15,54,0.0,1.0,0,242
15,52,0.0,1.0,0,242
15,50,0.0,1.0,0,242
10,68,0.0,1.0,0,242
10,66,0.0,1.0,0,242
10,64,0.0,1.0,0,242
10,62,0.0,1.0,0,242
5,72,0.0,1.0,0,242
25,56,0.0,1.0,0,243
25,54,0.0,1.0,0,243
20,60,0.0,1.0,0,243
20,58,0.0,1.0,0,243
15,60,0.0,1.0,0,243
15,58,0.0,1.0,0,243
10,70,0.0,1.0,0,243
5,80,0.0,1.0,0,243
5,78,0.0,1.0,0,243
5,76,0.0,1.0,0,243
5,74,0.0,1.0,0,243
25,60,0.0,1.0,0,244
25,58,0.0,1.0,0,244
15,66,0.0,1.0,0,244
15,64,0.0,1.0,0,244
15,62,0.0,1.0,0,244
10,74,0.0,1.0,0,244
10,72,0.0,1.0,0,244
5,100,0.0,1.0,0,244
5,98,0.0,1.0,0,244
5,96,0.0,1.0,0,244
5,94,0.0,1.0,0,244
5,92,0.0,1.0,0,244
5,90,0.0,1.0,0,244
5,88,0.0,1.0,0,244
5,86,0.0,1.0,0,244
5,84,0.0,1.0,0,244
5,82,0.0,1.0,0,244
25,62,0.0,1.0,0,245
20,62,0.0,1.0,0,245
15,70,0.0,1.0,0,245
15,68,0.0,1.0,0,245
10,78,0.0,1.0,0,245
10,76,0.0,1.0,0,245
25,70,0.0,1.0,0,246
25,68,0.0,1.0,0,246
25,66,0.0,1.0,0,246
25,64,0.0,1.0,0,246
20,70,0.0,1.0,0,246
20,68,0.0,1.0,0,246
20,66,0.0,1.0,0,246
20,64,0.0,1.0,0,246
15,78,0.0,1.0,0,246
15,76,0.0,1.0,0,246
15,74,0.0,1.0,0,246
15,72,0.0,1.0,0,246
10,80,0.0,1.0,0,246
25,86,0.0,1.0,0,247
25,84,0.0,1.0,0,247
25,82,0.0,1.0,0,247
25,80,0.0,1.0,0,247
25,78,0.0,1.0,0,247
25,76,0.0,1.0,0,247
25,74,0.0,1.0,0,247
25,72,0.0,1.0,0,247
20,86,0.0,1.0,0,247
20,84,0.0,1.0,0,247
20,82,0.0,1.0,0,247
20,80,0.0,1.0,0,247
20,78,0.0,1.0,0,247
20,76,0.0,1.0,0,247
20,74,0.0,1.0,0,247
20,72,0.0,1.0,0,247
15,100,0.0,1.0,0,247
15,98,0.0,1.0,0,247
15,96,0.0,1.0,0,247
15,94,0.0,1.0,0,247
15,92,0.0,1.0,0,247
15,90,0.0,1.0,0,247
15,88,0.0,1.0,0,247
15,86,0.0,1.0,0,247
15,84,0.0,1.0,0,247
15,82,0.0,1.0,0,247
15,80,0.0,1.0,0,247
10,100,0.0,1.0,0,247
10,98,0.0,1.0,0,247
10,96,0.0,1.0,0,247
10,94,0.0,1.0,0,247
10,92,0.0,1.0,0,247
10,90,0.0,1.0,0,247
10,88,0.0,1.0,0,247
10,86,0.0,1.0,0,247
10,84,0.0,1.0,0,247
10,82,0.0,1.0,0,247
25,100,0.0,1.0,0,248
25,98,0.0,1.0,0,248
25,96,0.0,1.0,0,248
25,94,0.0,1.0,0,248
25,92,0.0,1.0,0,248
25,90,0.0,1.0,0,248
25,88,0.0,1.0,0,248
20,100,0.0,1.0,0,248
20,98,0.0,1.0,0,248
20,96,0.0,1.0,0,248
20,94,0.0,1.0,0,248
20,92,0.0,1.0,0,248
20,90,0.0,1.0,0,248
20,88,0.0,1.0,0,248
15,42,0.86,0.996,1,2
15,36,0.74,0.996,1,2
15,36,0.76,0.996,1,2
10,52,0.92,0.996,1,2
10,50,0.92,0.996,1,2
10,48,0.9,0.996,1,2
10,48,0.92,0.996,1,2
10,46,0.9,0.996,1,2
10,46,0.92,0.996,1,2
10,44,0.88,0.996,1,2
10,44,0.9,0.996,1,2
10,44,0.92,0.996,1,2
10,42,0.88,0.996,1,2
10,42,0.9,0.996,1,2
10,38,0.84,0.996,1,2
10,36,0.76,0.996,1,2
5,56,0.92,0.996,1,2
5,42,0.88,0.996,1,2
5,38,0.84,0.996,1,2
20,46,0.8200000000000001,0.996,1,3
20,38,0.76,0.996,1,3
20,38,0.78,0.996,1,3
20,36,0.72,0.996,1,3
20,36,0.74,0.996,1,3
10,56,0.92,0.996,1,3
10,54,0.92,0.996,1,3
10,52,0.9,0.996,1,3
10,50,0.9,0.996,1,3
10,36,0.74,0.996,1,3
5,36,0.72,0.996,1,3
5,36,0.74,0.996,1,3
25,40,0.7000000000000001,0.996,1,4
25,40,0.72,0.996,1,4
25,38,0.68,0.996,1,4
25,38,0.7000000000000001,0.996,1,4
20,52,0.84,0.996,1,4
20,50,0.8200000000000001,0.996,1,4
20,48,0.8200000000000001,0.996,1,4
20,36,0.68,0.996,1,4
20,36,0.7000000000000001,0.996,1,4
15,60,0.9,0.996,1,4
15,58,0.9,0.996,1,4
15,56,0.9,0.996,1,4
15,50,0.88,0.996,1,4
10,62,0.92,0.996,1,4
10,60,0.92,0.996,1,4
10,58,0.92,0.996,1,4
10,56,0.9,0.996,1,4
10,54,0.9,0.996,1,4
5,58,0.92,0.996,1,4
5,52,0.9,0.996,1,4
20,54,0.8200000000000001,0.996,1,5
20,54,0.84,0.996,1,5
20,52,0.8200000000000001,0.996,1,5
10,64,0.92,0.996,1,5
25,48,0.76,0.996,1,6
25,46,0.74,0.996,1,6
25,36,0.64,0.996,1,6
20,56,0.84,0.996,1,6
20,36,0.66,0.996,1,6
15,62,0.9,0.996,1,6
15,34,0.62,0.996,1,6
15,34,0.64,0.996,1,6
25,50,0.74,0.996,1,7
25,50,0.76,0.996,1,7
25,48,0.74,0.996,1,7
25,38,0.64,0.996,1,7
25,38,0.66,0.996,1,7
25,36,0.62,0.996,1,7
20,60,0.84,0.996,1,7
20,58,0.84,0.996,1,7
10,34,0.62,0.996,1,7
10,34,0.64,0.996,1,7
5,34,0.62,0.996,1,7
5,34,0.64,0.996,1,7
25,36,0.6,0.996,1,8
20,62,0.84,0.996,1,8
20,58,0.8200000000000001,0.996,1,8
20,56,0.8200000000000001,0.996,1,8
15,78,0.92,0.996,1,8
15,32,0.56,0.996,1,8
10,32,0.56,0.996,1,8
5,34,0.6,0.996,1,8
5,32,0.54,0.996,1,8
5,32,0.56,0.996,1,8
25,54,0.76,0.996,1,9
25,52,0.74,0.996,1,9
25,52,0.76,0.996,1,9
25,36,0.54,0.996,1,9
25,36,0.56,0.996,1,9
25,36,0.58,0.996,1,9
25,34,0.5,0.996,1,9
20,66,0.86,0.996,1,9
20,60,0.8200000000000001,0.996,1,9
20,34,0.58,0.996,1,9
15,80,0.92,0.996,1,9
15,32,0.54,0.996,1,9
15,30,0.46,0.996,1,9
10,32,0.54,0.996,1,9
25,56,0.76,0.996,1,10
25,54,0.74,0.996,1,10
25,34,0.48,0.996,1,10
20,68,0.86,0.996,1,10
20,64,0.84,0.996,1,10
20,62,0.8200000000000001,0.996,1,10
15,86,0.92,0.996,1,10
15,84,0.92,0.996,1,10
15,82,0.92,0.996,1,10
15,30,0.44,0.996,1,10
10,30,0.42,0.996,1,10
10,30,0.44,0.996,1,10
5,30,0.42,0.996,1,10
5,30,0.44,0.996,1,10
25,60,0.76,0.996,1,11
25,60,0.78,0.996,1,11
25,58,0.74,0.996,1,11
25,58,0.76,0.996,1,11
25,56,0.74,0.996,1,11
25,32,0.42,0.996,1,11
20,74,0.86,0.996,1,11
20,72,0.86,0.996,1,11
20,70,0.86,0.996,1,11
20,68,0.84,0.996,1,11
20,66,0.84,0.996,1,11
20,30,0.4,0.996,1,11
15,88,0.92,0.996,1,11
25,68,0.78,0.996,1,12
25,66,0.76,0.996,1,12
25,66,0.78,0.996,1,12
25,64,0.74,0.996,1,12
25,64,0.76,0.996,1,12
25,64,0.78,0.996,1,12
25,62,0.74,0.996,1,12
25,62,0.76,0.996,1,12
25,62,0.78,0.996,1,12
25,60,0.74,0.996,1,12
20,76,0.86,0.996,1,12
20,74,0.84,0.996,1,12
20,72,0.8200000000000001,0.996,1,12
20,72,0.84,0.996,1,12
20,70,0.8200000000000001,0.996,1,12
20,70,0.84,0.996,1,12
20,68,0.8200000000000001,0.996,1,12
20,66,0.8200000000000001,0.996,1,12
20,64,0.8200000000000001,0.996,1,12
25,70,0.78,0.996,1,13
20,84,0.86,0.996,1,13
20,82,0.84,0.996,1,13
20,82,0.86,0.996,1,13
20,80,0.84,0.996,1,13
20,80,0.86,0.996,1,13
20,78,0.8200000000000001,0.996,1,13
20,78,0.84,0.996,1,13
20,78,0.86,0.996,1,13
20,76,0.8200000000000001,0.996,1,13
20,76,0.84,0.996,1,13
20,74,0.8200000000000001,0.996,1,13
25,80,0.8,0.996,1,14
25,78,0.8,0.996,1,14
25,76,0.78,0.996,1,14
25,76,0.8,0.996,1,14
25,74,0.78,0.996,1,14
25,74,0.8,0.996,1,14
25,72,0.78,0.996,1,14
25,68,0.76,0.996,1,14
20,98,0.88,0.996,1,14
20,96,0.88,0.996,1,14
20,90,0.86,0.996,1,14
20,88,0.86,0.996,1,14
20,86,0.86,0.996,1,14
20,84,0.84,0.996,1,14
20,82,0.8200000000000001,0.996,1,14
20,80,0.8200000000000001,0.996,1,14
20,28,0.28,0.996,1,14
15,28,0.3,0.996,1,14
15,28,0.32,0.996,1,14
10,28,0.3,0.996,1,14
5,28,0.3,0.996,1,14
25,82,0.8,0.996,1,15
25,80,0.78,0.996,1,15
25,78,0.78,0.996,1,15
25,76,0.76,0.996,1,15
25,74,0.76,0.996,1,15
25,72,0.76,0.996,1,15
25,70,0.74,0.996,1,15
25,70,0.76,0.996,1,15
25,68,0.74,0.996,1,15
25,66,0.74,0.996,1,15
20,96,0.86,0.996,1,15
20,94,0.86,0.996,1,15
20,92,0.84,0.996,1,15
20,92,0.86,0.996,1,15
20,90,0.84,0.996,1,15
20,88,0.8200000000000001,0.996,1,15
20,88,0.84,0.996,1,15
20,86,0.8200000000000001,0.996,1,15
20,86,0.84,0.996,1,15
20,84,0.8200000000000001,0.996,1,15
20,28,0.26,0.996,1,15
15,28,0.26,0.996,1,15
15,28,0.28,0.996,1,15
10,28,0.28,0.996,1,15
5,28,0.26,0.996,1,15
5,28,0.28,0.996,1,15
25,84,0.8,0.996,1,16
25,78,0.76,0.996,1,16
25,74,0.74,0.996,1,16
25,72,0.74,0.996,1,16
20,100,0.88,0.996,1,16
10,28,0.26,0.996,1,16
25,88,0.8,0.996,1,17
25,86,0.8,0.996,1,17
25,84,0.78,0.996,1,17
25,82,0.78,0.996,1,17
25,76,0.74,0.996,1,17
20,94,0.84,0.996,1,17
20,90,0.8200000000000001,0.996,1,17
25,90,0.8,0.996,1,18
25,86,0.78,0.996,1,18
25,80,0.76,0.996,1,18
20,98,0.86,0.996,1,18
20,92,0.8200000000000001,0.996,1,18
20,28,0.24,0.996,1,18
15,26,0.2,0.996,1,18
25,84,0.76,0.996,1,19
25,82,0.74,0.996,1,19
25,82,0.76,0.996,1,19
25,80,0.74,0.996,1,19
25,78,0.74,0.996,1,19
20,96,0.84,0.996,1,19
25,88,0.78,0.996,1,20
20,100,0.86,0.996,1,20
20,94,0.8200000000000001,0.996,1,20
15,24,0.16,0.996,1,20
10,26,0.2,0.996,1,20
25,92,0.8,0.996,1,21
25,86,0.76,0.996,1,21
10,24,0.16,0.996,1,21
25,100,0.8200000000000001,0.996,1,22
25,98,0.8200000000000001,0.996,1,22
25,84,0.74,0.996,1,22
25,28,0.22,0.996,1,22
20,100,0.84,0.996,1,22
20,98,0.8200000000000001,0.996,1,22
20,98,0.84,0.996,1,22
20,96,0.8200000000000001,0.996,1,22
25,94,0.8,0.996,1,23
25,88,0.76,0.996,1,23
20,100,0.8200000000000001,0.996,1,23
25,98,0.8,0.996,1,24
25,96,0.8,0.996,1,24
25,92,0.78,0.996,1,24
25,90,0.78,0.996,1,24
20,26,0.18,0.996,1,24
15,26,0.18,0.996,1,24
10,26,0.18,0.996,1,24
5,26,0.18,0.996,1,24
25,94,0.78,0.996,1,25
25,90,0.76,0.996,1,26
25,86,0.74,0.996,1,26
25,28,0.2,0.996,1,26
20,24,0.14,0.996,1,26
15,24,0.14,0.996,1,26
25,92,0.76,0.996,1,27
25,100,0.8,0.996,1,28
25,98,0.78,0.996,1,28
25,96,0.78,0.996,1,28
10,24,0.14,0.996,1,28
25,100,0.78,0.996,1,29
25,94,0.76,0.996,1,29
25,90,0.74,0.996,1,29
25,88,0.74,0.996,1,29
15,26,0.16,0.996,1,29
10,26,0.16,0.996,1,29
5,24,0.14,0.996,1,29
25,98,0.76,0.996,1,30
25,96,0.76,0.996,1,30
25,92,0.74,0.996,1,30
5,26,0.16,0.996,1,30
20,26,0.16,0.996,1,31
25,94,0.74,0.996,1,32
25,24,0.12,0.996,1,32
5,24,0.12,0.996,1,33
25,100,0.76,0.996,1,34
25,96,0.74,0.996,1,34
20,26,0.14,0.996,1,34
20,24,0.12,0.996,1,34
15,22,0.1,0.996,1,34
10,24,0.12,0.996,1,34
25,98,0.74,0.996,1,35
25,26,0.14,0.996,1,35
15,24,0.12,0.996,1,35
25,100,0.74,0.996,1,37
25,26,0.12,0.996,1,40
25,24,0.1,0.996,1,41
10,24,0.1,0.996,1,41
10,22,0.08,0.996,1,41
5,24,0.1,0.996,1,41
5,22,0.08,0.996,1,41
20,24,0.1,0.996,1,42
20,22,0.08,0.996,1,42
15,24,0.1,0.996,1,42
15,22,0.08,0.996,1,42
10,24,0.08,0.996,1,44
5,24,0.08,0.996,1,46
25,24,0.08,0.996,1,50
20,24,0.08,0.996,1,50
15,22,0.06,0.996,1,51
10,22,0.06,0.996,1,51
20,22,0.06,0.996,1,52
5,22,0.06,0.996,1,53
25,22,0.06,0.996,1,54
5,22,0.04,0.996,1,57
10,22,0.04,0.996,1,58
25,24,0.06,0.996,1,60
15,22,0.04,0.996,1,62
20,22,0.04,0.996,1,63
25,22,0.04,0.996,1,65
5,22,0.02,0.996,1,90
20,22,0.02,0.996,1,92
15,22,0.02,0.996,1,92
10,22,0.02,0.996,1,92
25,22,0.02,0.996,1,95
5,20,0.0,0.996,1,205
15,18,0.0,0.996,1,213
10,20,0.0,0.996,1,214
20,18,0.0,0.996,1,222
20,36,0.76,0.992,2,2
20,36,0.78,0.992,2,2
20,34,0.72,0.992,2,2
20,34,0.74,0.992,2,2
20,34,0.76,0.992,2,2
20,32,0.7000000000000001,0.992,2,2
20,32,0.72,0.992,2,2
20,32,0.74,0.992,2,2
15,46,0.9,0.992,2,2
15,44,0.88,0.992,2,2
15,44,0.9,0.992,2,2
15,42,0.88,0.992,2,2
15,42,0.9,0.992,2,2
15,40,0.86,0.992,2,2
15,40,0.88,0.992,2,2
15,36,0.78,0.992,2,2
15,36,0.8,0.992,2,2
15,36,0.8200000000000001,0.992,2,2
15,36,0.84,0.992,2,2
15,34,0.72,0.992,2,2
15,34,0.74,0.992,2,2
15,34,0.76,0.992,2,2
15,34,0.78,0.992,2,2
15,34,0.8,0.992,2,2
15,34,0.8200000000000001,0.992,2,2
15,32,0.7000000000000001,0.992,2,2
15,32,0.72,0.992,2,2
15,32,0.74,0.992,2,2
15,32,0.76,0.992,2,2
15,32,0.78,0.992,2,2
10,40,0.88,0.992,2,2
10,38,0.86,0.992,2,2
10,36,0.78,0.992,2,2
10,36,0.8,0.992,2,2
10,36,0.8200000000000001,0.992,2,2
10,36,0.84,0.992,2,2
10,34,0.7000000000000001,0.992,2,2
10,34,0.72,0.992,2,2
10,34,0.74,0.992,2,2
10,34,0.76,0.992,2,2
10,34,0.78,0.992,2,2
10,34,0.8,0.992,2,2
10,34,0.8200000000000001,0.992,2,2
10,34,0.84,0.992,2,2
10,32,0.7000000000000001,0.992,2,2
10,32,0.72,0.992,2,2
10,32,0.74,0.992,2,2
10,32,0.76,0.992,2,2
10,32,0.78,0.992,2,2
5,54,0.92,0.992,2,2
5,50,0.9,0.992,2,2
5,48,0.9,0.992,2,2
5,46,0.9,0.992,2,2
5,40,0.88,0.992,2,2
5,38,0.86,0.992,2,2
5,36,0.76,0.992,2,2
5,36,0.78,0.992,2,2
5,36,0.8,0.992,2,2
5,36,0.8200000000000001,0.992,2,2
5,36,0.84,0.992,2,2
5,34,0.7000000000000001,0.992,2,2
5,34,0.72,0.992,2,2
5,34,0.74,0.992,2,2
5,34,0.76,0.992,2,2
5,34,0.78,0.992,2,2
5,34,0.8,0.992,2,2
5,34,0.8200000000000001,0.992,2,2
5,34,0.84,0.992,2,2
5,32,0.7000000000000001,0.992,2,2
5,32,0.72,0.992,2,2
5,32,0.74,0.992,2,2
5,32,0.76,0.992,2,2
25,38,0.72,0.992,2,3
20,44,0.8200000000000001,0.992,2,3
20,42,0.8200000000000001,0.992,2,3
20,40,0.8,0.992,2,3
20,38,0.8,0.992,2,3
20,34,0.7000000000000001,0.992,2,3
20,32,0.68,0.992,2,3
15,50,0.9,0.992,2,3
15,48,0.88,0.992,2,3
15,48,0.9,0.992,2,3
15,46,0.88,0.992,2,3
15,34,0.68,0.992,2,3
15,34,0.7000000000000001,0.992,2,3
15,32,0.68,0.992,2,3
10,32,0.68,0.992,2,3
5,32,0.66,0.992,2,3
5,32,0.68,0.992,2,3
25,36,0.68,0.992,2,4
25,32,0.64,0.992,2,4
25,30,0.6,0.992,2,4
20,50,0.84,0.992,2,4
20,34,0.68,0.992,2,4
20,32,0.64,0.992,2,4
20,32,0.66,0.992,2,4
20,30,0.6,0.992,2,4
15,54,0.9,0.992,2,4
15,52,0.9,0.992,2,4
15,32,0.62,0.992,2,4
15,32,0.64,0.992,2,4
15,32,0.66,0.992,2,4
10,34,0.68,0.992,2,4
10,32,0.62,0.992,2,4
10,32,0.64,0.992,2,4
10,32,0.66,0.992,2,4
5,34,0.68,0.992,2,4
5,32,0.62,0.992,2,4
5,32,0.64,0.992,2,4
25,44,0.74,0.992,2,5
25,34,0.66,0.992,2,5
25,32,0.62,0.992,2,5
25,30,0.58,0.992,2,5
20,34,0.66,0.992,2,5
20,32,0.6,0.992,2,5
20,32,0.62,0.992,2,5
20,30,0.56,0.992,2,5
20,30,0.58,0.992,2,5
15,34,0.66,0.992,2,5
15,32,0.6,0.992,2,5
15,30,0.56,0.992,2,5
15,30,0.58,0.992,2,5
10,34,0.66,0.992,2,5
10,30,0.54,0.992,2,5
10,30,0.56,0.992,2,5
10,30,0.58,0.992,2,5
5,30,0.54,0.992,2,5
5,30,0.56,0.992,2,5
25,36,0.66,0.992,2,6
25,34,0.62,0.992,2,6
25,34,0.64,0.992,2,6
25,32,0.6,0.992,2,6
25,30,0.54,0.992,2,6
25,30,0.56,0.992,2,6
25,26,0.38,0.992,2,6
20,34,0.62,0.992,2,6
20,34,0.64,0.992,2,6
20,32,0.58,0.992,2,6
20,30,0.52,0.992,2,6
20,30,0.54,0.992,2,6
15,32,0.58,0.992,2,6
15,30,0.52,0.992,2,6
15,30,0.54,0.992,2,6
10,32,0.6,0.992,2,6
5,34,0.66,0.992,2,6
5,30,0.52,0.992,2,6
25,34,0.6,0.992,2,7
25,32,0.58,0.992,2,7
25,30,0.52,0.992,2,7
25,28,0.44,0.992,2,7
20,62,0.86,0.992,2,7
20,60,0.86,0.992,2,7
20,34,0.6,0.992,2,7
20,28,0.44,0.992,2,7
20,26,0.38,0.992,2,7
15,26,0.38,0.992,2,7
10,32,0.58,0.992,2,7
10,30,0.52,0.992,2,7
5,32,0.58,0.992,2,7
5,32,0.6,0.992,2,7
25,34,0.56,0.992,2,8
25,34,0.58,0.992,2,8
25,32,0.52,0.992,2,8
25,32,0.54,0.992,2,8
25,32,0.56,0.992,2,8
25,30,0.48,0.992,2,8
25,30,0.5,0.992,2,8
25,28,0.42,0.992,2,8
25,26,0.36,0.992,2,8
20,64,0.86,0.992,2,8
20,32,0.54,0.992,2,8
20,32,0.56,0.992,2,8
20,30,0.5,0.992,2,8
20,28,0.42,0.992,2,8
20,26,0.36,0.992,2,8
15,76,0.92,0.992,2,8
15,74,0.92,0.992,2,8
15,72,0.92,0.992,2,8
15,30,0.5,0.992,2,8
15,28,0.42,0.992,2,8
15,28,0.44,0.992,2,8
15,26,0.36,0.992,2,8
10,28,0.44,0.992,2,8
10,26,0.38,0.992,2,8
5,30,0.5,0.992,2,8
5,28,0.44,0.992,2,8
5,26,0.38,0.992,2,8
25,56,0.78,0.992,2,9
25,34,0.52,0.992,2,9
25,34,0.54,0.992,2,9
25,32,0.46,0.992,2,9
25,32,0.48,0.992,2,9
25,32,0.5,0.992,2,9
25,30,0.44,0.992,2,9
25,30,0.46,0.992,2,9
25,28,0.4,0.992,2,9
20,32,0.52,0.992,2,9
20,30,0.44,0.992,2,9
20,30,0.46,0.992,2,9
20,30,0.48,0.992,2,9
15,30,0.48,0.992,2,9
15,28,0.4,0.992,2,9
10,30,0.48,0.992,2,9
10,30,0.5,0.992,2,9
10,28,0.42,0.992,2,9
10,26,0.36,0.992,2,9
5,28,0.4,0.992,2,9
5,28,0.42,0.992,2,9
5,26,0.34,0.992,2,9
5,26,0.36,0.992,2,9
25,58,0.78,0.992,2,10
25,28,0.38,0.992,2,10
20,28,0.38,0.992,2,10
20,28,0.4,0.992,2,10
20,26,0.32,0.992,2,10
20,26,0.34,0.992,2,10
15,28,0.38,0.992,2,10
15,26,0.32,0.992,2,10
15,26,0.34,0.992,2,10
10,30,0.46,0.992,2,10
10,28,0.38,0.992,2,10
10,28,0.4,0.992,2,10
10,26,0.32,0.992,2,10
10,26,0.34,0.992,2,10
5,30,0.46,0.992,2,10
5,30,0.48,0.992,2,10
5,28,0.38,0.992,2,10
5,26,0.3,0.992,2,10
5,26,0.32,0.992,2,10
25,32,0.44,0.992,2,11
25,30,0.38,0.992,2,11
25,30,0.4,0.992,2,11
25,30,0.42,0.992,2,11
25,28,0.36,0.992,2,11
25,26,0.34,0.992,2,11
20,30,0.42,0.992,2,11
20,28,0.36,0.992,2,11
15,28,0.36,0.992,2,11
10,28,0.36,0.992,2,11
10,26,0.3,0.992,2,11
5,28,0.36,0.992,2,11
25,70,0.8,0.992,2,12
15,28,0.34,0.992,2,12
10,28,0.32,0.992,2,12
10,28,0.34,0.992,2,12
5,28,0.32,0.992,2,12
5,28,0.34,0.992,2,12
25,72,0.8,0.992,2,13
25,30,0.36,0.992,2,13
25,26,0.32,0.992,2,13
25,24,0.24,0.992,2,13
20,86,0.88,0.992,2,13
20,84,0.88,0.992,2,13
20,28,0.34,0.992,2,13
20,24,0.24,0.992,2,13
25,30,0.34,0.992,2,14
25,28,0.28,0.992,2,14
25,28,0.3,0.992,2,14
25,28,0.32,0.992,2,14
25,28,0.34,0.992,2,14
25,26,0.26,0.992,2,14
25,26,0.28,0.992,2,14
25,26,0.3,0.992,2,14
20,94,0.88,0.992,2,14
20,92,0.88,0.992,2,14
20,90,0.88,0.992,2,14
20,88,0.88,0.992,2,14
20,28,0.3,0.992,2,14
20,28,0.32,0.992,2,14
20,26,0.28,0.992,2,14
20,26,0.3,0.992,2,14
15,26,0.28,0.992,2,14
15,26,0.3,0.992,2,14
15,24,0.22,0.992,2,14
10,24,0.22,0.992,2,14
5,26,0.28,0.992,2,14
25,28,0.26,0.992,2,15
25,26,0.22,0.992,2,15
25,26,0.24,0.992,2,15
25,24,0.2,0.992,2,15
25,24,0.22,0.992,2,15
20,26,0.24,0.992,2,15
20,26,0.26,0.992,2,15
15,26,0.26,0.992,2,15
10,26,0.24,0.992,2,15
10,26,0.26,0.992,2,15
10,26,0.28,0.992,2,15
5,26,0.24,0.992,2,15
5,26,0.26,0.992,2,15
25,24,0.18,0.992,2,16
20,26,0.22,0.992,2,16
20,24,0.18,0.992,2,16
20,24,0.2,0.992,2,16
20,24,0.22,0.992,2,16
15,26,0.22,0.992,2,16
15,26,0.24,0.992,2,16
15,24,0.2,0.992,2,16
10,26,0.22,0.992,2,16
10,24,0.2,0.992,2,16
25,26,0.2,0.992,2,17
15,24,0.18,0.992,2,17
10,24,0.18,0.992,2,17
5,26,0.22,0.992,2,17
5,24,0.2,0.992,2,17
25,28,0.24,0.992,2,18
20,26,0.2,0.992,2,18
5,26,0.2,0.992,2,19
5,24,0.18,0.992,2,19
25,94,0.8200000000000001,0.992,2,20
25,96,0.8200000000000001,0.992,2,21
25,24,0.16,0.992,2,21
20,24,0.16,0.992,2,21
5,24,0.16,0.992,2,22
25,26,0.18,0.992,2,24
20,22,0.12,0.992,2,24
15,22,0.12,0.992,2,24
25,22,0.12,0.992,2,26
10,22,0.12,0.992,2,26
25,24,0.14,0.992,2,27
25,26,0.16,0.992,2,32
20,22,0.1,0.992,2,32
5,22,0.1,0.992,2,32
25,22,0.1,0.992,2,33
10,22,0.1,0.992,2,34
25,22,0.08,0.992,2,41
15,20,0.02,0.992,2,75
20,20,0.02,0.992,2,77
25,20,0.02,0.992,2,81
5,18,0.0,0.992,2,197
10,18,0.0,0.992,2,204
15,16,0.0,0.992,2,208
20,14,0.0,0.992,2,210
25,14,0.0,0.992,2,214
20,16,0.0,0.992,2,216
25,16,0.0,0.992,2,219
25,32,0.7000000000000001,0.988,3,2
25,22,0.56,0.988,3,2
25,20,0.44,0.988,3,2
25,20,0.46,0.988,3,2
25,20,0.48,0.988,3,2
25,20,0.5,0.988,3,2
25,18,0.3,0.988,3,2
25,18,0.32,0.988,3,2
25,18,0.34,0.988,3,2
20,34,0.78,0.988,3,2
20,32,0.76,0.988,3,2
20,30,0.68,0.988,3,2
20,30,0.7000000000000001,0.988,3,2
20,30,0.72,0.988,3,2
20,28,0.66,0.988,3,2
20,28,0.68,0.988,3,2
20,28,0.7000000000000001,0.988,3,2
20,28,0.72,0.988,3,2
20,26,0.64,0.988,3,2
20,26,0.66,0.988,3,2
20,26,0.68,0.988,3,2
20,26,0.7000000000000001,0.988,3,2
20,26,0.72,0.988,3,2
20,24,0.6,0.988,3,2
20,24,0.62,0.988,3,2
20,24,0.64,0.988,3,2
20,24,0.66,0.988,3,2
20,24,0.68,0.988,3,2
20,22,0.54,0.988,3,2
20,22,0.56,0.988,3,2
20,22,0.58,0.988,3,2
20,22,0.6,0.988,3,2
20,20,0.44,0.988,3,2
20,20,0.46,0.988,3,2
20,20,0.48,0.988,3,2
20,20,0.5,0.988,3,2
20,18,0.3,0.988,3,2
20,18,0.32,0.988,3,2
20,18,0.34,0.988,3,2
15,34,0.84,0.988,3,2
15,32,0.8,0.988,3,2
15,32,0.8200000000000001,0.988,3,2
15,30,0.68,0.988,3,2
15,30,0.7000000000000001,0.988,3,2
15,30,0.72,0.988,3,2
15,30,0.74,0.988,3,2
15,30,0.76,0.988,3,2
15,30,0.78,0.988,3,2
15,30,0.8,0.988,3,2
15,28,0.66,0.988,3,2
15,28,0.68,0.988,3,2
15,28,0.7000000000000001,0.988,3,2
15,28,0.72,0.988,3,2
15,28,0.74,0.988,3,2
15,28,0.76,0.988,3,2
15,26,0.64,0.988,3,2
15,26,0.66,0.988,3,2
15,26,0.68,0.988,3,2
15,26,0.7000000000000001,0.988,3,2
15,26,0.72,0.988,3,2
15,24,0.6,0.988,3,2
15,24,0.62,0.988,3,2
15,24,0.64,0.988,3,2
15,24,0.66,0.988,3,2
15,24,0.68,0.988,3,2
15,22,0.54,0.988,3,2
15,22,0.56,0.988,3,2
15,22,0.58,0.988,3,2
15,22,0.6,0.988,3,2
15,20,0.44,0.988,3,2
15,20,0.46,0.988,3,2
15,20,0.48,0.988,3,2
15,20,0.5,0.988,3,2
15,18,0.3,0.988,3,2
15,18,0.32,0.988,3,2
10,42,0.92,0.988,3,2
10,40,0.9,0.988,3,2
10,40,0.92,0.988,3,2
10,38,0.88,0.988,3,2
10,38,0.9,0.988,3,2
10,38,0.92,0.988,3,2
10,36,0.86,0.988,3,2
10,36,0.88,0.988,3,2
10,36,0.9,0.988,3,2
10,36,0.92,0.988,3,2
10,32,0.8,0.988,3,2
10,32,0.8200000000000001,0.988,3,2
10,30,0.68,0.988,3,2
10,30,0.7000000000000001,0.988,3,2
10,30,0.72,0.988,3,2
10,30,0.74,0.988,3,2
10,30,0.76,0.988,3,2
10,30,0.78,0.988,3,2
10,30,0.8,0.988,3,2
10,28,0.66,0.988,3,2
10,28,0.68,0.988,3,2
10,28,0.7000000000000001,0.988,3,2
10,28,0.72,0.988,3,2
10,28,0.74,0.988,3,2
10,28,0.76,0.988,3,2
10,28,0.78,0.988,3,2
10,26,0.62,0.988,3,2
10,26,0.64,0.988,3,2
10,26,0.66,0.988,3,2
10,26,0.68,0.988,3,2
10,26,0.7000000000000001,0.988,3,2
10,26,0.72,0.988,3,2
10,26,0.74,0.988,3,2
10,24,0.6,0.988,3,2
10,24,0.62,0.988,3,2
10,24,0.64,0.988,3,2
10,24,0.66,0.988,3,2
10,24,0.68,0.988,3,2
10,22,0.54,0.988,3,2
10,22,0.56,0.988,3,2
10,22,0.58,0.988,3,2
10,22,0.6,0.988,3,2
10,20,0.42,0.988,3,2
10,20,0.44,0.988,3,2
10,20,0.46,0.988,3,2
10,20,0.48,0.988,3,2
10,20,0.5,0.988,3,2
10,18,0.3,0.988,3,2
10,18,0.32,0.988,3,2
5,52,0.92,0.988,3,2
5,50,0.92,0.988,3,2
5,48,0.92,0.988,3,2
5,46,0.92,0.988,3,2
5,44,0.9,0.988,3,2
5,44,0.92,0.988,3,2
5,42,0.9,0.988,3,2
5,38,0.88,0.988,3,2
5,36,0.86,0.988,3,2
5,32,0.78,0.988,3,2
5,32,0.8,0.988,3,2
5,32,0.8200000000000001,0.988,3,2
5,30,0.68,0.988,3,2
5,30,0.7000000000000001,0.988,3,2
5,30,0.72,0.988,3,2
5,30,0.74,0.988,3,2
5,30,0.76,0.988,3,2
5,30,0.78,0.988,3,2
5,30,0.8,0.988,3,2
5,30,0.8200000000000001,0.988,3,2
5,28,0.66,0.988,3,2
5,28,0.68,0.988,3,2
5,28,0.7000000000000001,0.988,3,2
5,28,0.72,0.988,3,2
5,28,0.74,0.988,3,2
5,28,0.76,0.988,3,2
5,28,0.78,0.988,3,2
5,26,0.62,0.988,3,2
5,26,0.64,0.988,3,2
5,26,0.66,0.988,3,2
5,26,0.68,0.988,3,2
5,26,0.7000000000000001,0.988,3,2
5,26,0.72,0.988,3,2
5,26,0.74,0.988,3,2
5,26,0.76,0.988,3,2
5,24,0.58,0.988,3,2
5,24,0.6,0.988,3,2
5,24,0.62,0.988,3,2
5,24,0.64,0.988,3,2
5,24,0.66,0.988,3,2
5,24,0.68,0.988,3,2
5,24,0.7000000000000001,0.988,3,2
5,24,0.72,0.988,3,2
5,22,0.52,0.988,3,2
5,22,0.54,0.988,3,2
5,22,0.56,0.988,3,2
5,22,0.58,0.988,3,2
5,22,0.6,0.988,3,2
5,22,0.62,0.988,3,2
5,22,0.64,0.988,3,2
5,20,0.42,0.988,3,2
5,20,0.44,0.988,3,2
5,20,0.46,0.988,3,2
5,20,0.48,0.988,3,2
5,20,0.5,0.988,3,2
5,20,0.52,0.988,3,2
5,20,0.54,0.988,3,2
5,20,0.56,0.988,3,2
5,18,0.3,0.988,3,2
5,18,0.32,0.988,3,2
25,36,0.72,0.988,3,3
25,34,0.7000000000000001,0.988,3,3
25,32,0.68,0.988,3,3
25,24,0.58,0.988,3,3
25,22,0.46,0.988,3,3
25,22,0.48,0.988,3,3
25,22,0.5,0.988,3,3
25,22,0.52,0.988,3,3
25,22,0.54,0.988,3,3
25,20,0.36,0.988,3,3
25,20,0.38,0.988,3,3
25,20,0.4,0.988,3,3
25,20,0.42,0.988,3,3
25,18,0.28,0.988,3,3
20,30,0.66,0.988,3,3
20,24,0.56,0.988,3,3
20,24,0.58,0.988,3,3
20,22,0.46,0.988,3,3
20,22,0.48,0.988,3,3
20,22,0.5,0.988,3,3
20,22,0.52,0.988,3,3
20,20,0.34,0.988,3,3
20,20,0.36,0.988,3,3
20,20,0.38,0.988,3,3
20,20,0.4,0.988,3,3
20,20,0.42,0.988,3,3
20,18,0.26,0.988,3,3
20,18,0.28,0.988,3,3
20,16,0.22,0.988,3,3
15,30,0.66,0.988,3,3
15,24,0.56,0.988,3,3
15,24,0.58,0.988,3,3
15,22,0.46,0.988,3,3
15,22,0.48,0.988,3,3
15,22,0.5,0.988,3,3
15,22,0.52,0.988,3,3
15,20,0.32,0.988,3,3
15,20,0.34,0.988,3,3
15,20,0.36,0.988,3,3
15,20,0.38,0.988,3,3
15,20,0.4,0.988,3,3
15,20,0.42,0.988,3,3
15,18,0.26,0.988,3,3
15,18,0.28,0.988,3,3
15,16,0.22,0.988,3,3
15,16,0.24,0.988,3,3
10,30,0.66,0.988,3,3
10,24,0.56,0.988,3,3
10,24,0.58,0.988,3,3
10,22,0.44,0.988,3,3
10,22,0.46,0.988,3,3
10,22,0.48,0.988,3,3
10,22,0.5,0.988,3,3
10,22,0.52,0.988,3,3
10,20,0.32,0.988,3,3
10,20,0.34,0.988,3,3
10,20,0.36,0.988,3,3
10,20,0.38,0.988,3,3
10,20,0.4,0.988,3,3
10,18,0.26,0.988,3,3
10,18,0.28,0.988,3,3
10,16,0.24,0.988,3,3
5,30,0.66,0.988,3,3
5,28,0.64,0.988,3,3
5,24,0.54,0.988,3,3
5,24,0.56,0.988,3,3
5,22,0.42,0.988,3,3
5,22,0.44,0.988,3,3
5,22,0.46,0.988,3,3
5,22,0.48,0.988,3,3
5,22,0.5,0.988,3,3
5,20,0.3,0.988,3,3
5,20,0.32,0.988,3,3
5,20,0.34,0.988,3,3
5,20,0.36,0.988,3,3
5,20,0.38,0.988,3,3
5,20,0.4,0.988,3,3
5,18,0.26,0.988,3,3
5,18,0.28,0.988,3,3
5,16,0.24,0.988,3,3
25,42,0.74,0.988,3,4
25,36,0.7000000000000001,0.988,3,4
25,34,0.68,0.988,3,4
25,32,0.66,0.988,3,4
25,30,0.62,0.988,3,4
25,28,0.56,0.988,3,4
25,28,0.58,0.988,3,4
25,28,0.6,0.988,3,4
25,26,0.54,0.988,3,4
25,26,0.56,0.988,3,4
25,26,0.58,0.988,3,4
25,26,0.6,0.988,3,4
25,24,0.5,0.988,3,4
25,24,0.52,0.988,3,4
25,24,0.54,0.988,3,4
25,24,0.56,0.988,3,4
25,22,0.44,0.988,3,4
25,20,0.32,0.988,3,4
25,20,0.34,0.988,3,4
25,18,0.24,0.988,3,4
25,18,0.26,0.988,3,4
20,30,0.62,0.988,3,4
20,30,0.64,0.988,3,4
20,28,0.56,0.988,3,4
20,28,0.58,0.988,3,4
20,28,0.6,0.988,3,4
20,28,0.62,0.988,3,4
20,28,0.64,0.988,3,4
20,26,0.52,0.988,3,4
20,26,0.54,0.988,3,4
20,26,0.56,0.988,3,4
20,26,0.58,0.988,3,4
20,26,0.6,0.988,3,4
20,26,0.62,0.988,3,4
20,24,0.48,0.988,3,4
20,24,0.5,0.988,3,4
20,24,0.52,0.988,3,4
20,24,0.54,0.988,3,4
20,22,0.42,0.988,3,4
20,22,0.44,0.988,3,4
20,20,0.32,0.988,3,4
20,18,0.24,0.988,3,4
20,16,0.2,0.988,3,4
15,64,0.92,0.988,3,4
15,62,0.92,0.988,3,4
15,60,0.92,0.988,3,4
15,30,0.6,0.988,3,4
15,30,0.62,0.988,3,4
15,30,0.64,0.988,3,4
15,28,0.54,0.988,3,4
15,28,0.56,0.988,3,4
15,28,0.58,0.988,3,4
15,28,0.6,0.988,3,4
15,28,0.62,0.988,3,4
15,28,0.64,0.988,3,4
15,26,0.52,0.988,3,4
15,26,0.54,0.988,3,4
15,26,0.56,0.988,3,4
15,26,0.58,0.988,3,4
15,26,0.6,0.988,3,4
15,26,0.62,0.988,3,4
15,24,0.48,0.988,3,4
15,24,0.5,0.988,3,4
15,24,0.52,0.988,3,4
15,24,0.54,0.988,3,4
15,22,0.42,0.988,3,4
15,22,0.44,0.988,3,4
15,18,0.24,0.988,3,4
10,30,0.6,0.988,3,4
10,30,0.62,0.988,3,4
10,30,0.64,0.988,3,4
10,28,0.54,0.988,3,4
10,28,0.56,0.988,3,4
10,28,0.58,0.988,3,4
10,28,0.6,0.988,3,4
10,28,0.62,0.988,3,4
10,28,0.64,0.988,3,4
10,26,0.5,0.988,3,4
10,26,0.52,0.988,3,4
10,26,0.54,0.988,3,4
10,26,0.56,0.988,3,4
10,26,0.58,0.988,3,4
10,26,0.6,0.988,3,4
10,24,0.46,0.988,3,4
10,24,0.48,0.988,3,4
10,24,0.5,0.988,3,4
10,24,0.52,0.988,3,4
10,24,0.54,0.988,3,4
10,22,0.38,0.988,3,4
10,22,0.4,0.988,3,4
10,22,0.42,0.988,3,4
10,20,0.28,0.988,3,4
10,20,0.3,0.988,3,4
10,18,0.24,0.988,3,4
10,16,0.2,0.988,3,4
10,16,0.22,0.988,3,4
5,30,0.6,0.988,3,4
5,30,0.62,0.988,3,4
5,30,0.64,0.988,3,4
5,28,0.54,0.988,3,4
5,28,0.56,0.988,3,4
5,28,0.58,0.988,3,4
5,28,0.6,0.988,3,4
5,28,0.62,0.988,3,4
5,26,0.48,0.988,3,4
5,26,0.5,0.988,3,4
5,26,0.52,0.988,3,4
5,26,0.54,0.988,3,4
5,26,0.56,0.988,3,4
5,26,0.58,0.988,3,4
5,26,0.6,0.988,3,4
5,24,0.42,0.988,3,4
5,24,0.44,0.988,3,4
5,24,0.46,0.988,3,4
5,24,0.48,0.988,3,4
5,24,0.5,0.988,3,4
5,24,0.52,0.988,3,4
5,22,0.34,0.988,3,4
5,22,0.36,0.988,3,4
5,22,0.38,0.988,3,4
5,22,0.4,0.988,3,4
5,18,0.24,0.988,3,4
5,16,0.2,0.988,3,4
5,16,0.22,0.988,3,4
25,28,0.54,0.988,3,5
25,26,0.48,0.988,3,5
25,26,0.5,0.988,3,5
25,26,0.52,0.988,3,5
25,24,0.4,0.988,3,5
25,24,0.42,0.988,3,5
25,24,0.44,0.988,3,5
25,24,0.46,0.988,3,5
25,24,0.48,0.988,3,5
25,22,0.34,0.988,3,5
25,22,0.36,0.988,3,5
25,22,0.38,0.988,3,5
25,22,0.4,0.988,3,5
25,22,0.42,0.988,3,5
25,16,0.16,0.988,3,5
20,28,0.54,0.988,3,5
20,26,0.48,0.988,3,5
20,26,0.5,0.988,3,5
20,24,0.4,0.988,3,5
20,24,0.42,0.988,3,5
20,24,0.44,0.988,3,5
20,24,0.46,0.988,3,5
20,22,0.32,0.988,3,5
20,22,0.34,0.988,3,5
20,22,0.36,0.988,3,5
20,22,0.38,0.988,3,5
20,22,0.4,0.988,3,5
20,18,0.22,0.988,3,5
15,26,0.48,0.988,3,5
15,26,0.5,0.988,3,5
15,24,0.4,0.988,3,5
15,24,0.42,0.988,3,5
15,24,0.44,0.988,3,5
15,24,0.46,0.988,3,5
15,22,0.32,0.988,3,5
15,22,0.34,0.988,3,5
15,22,0.36,0.988,3,5
15,22,0.38,0.988,3,5
15,22,0.4,0.988,3,5
15,20,0.3,0.988,3,5
15,16,0.2,0.988,3,5
10,26,0.48,0.988,3,5
10,24,0.38,0.988,3,5
10,24,0.4,0.988,3,5
10,24,0.42,0.988,3,5
10,24,0.44,0.988,3,5
10,22,0.32,0.988,3,5
10,22,0.34,0.988,3,5
10,22,0.36,0.988,3,5
10,16,0.18,0.988,3,5
5,30,0.58,0.988,3,5
5,28,0.5,0.988,3,5
5,28,0.52,0.988,3,5
5,26,0.46,0.988,3,5
5,24,0.38,0.988,3,5
5,24,0.4,0.988,3,5
5,20,0.28,0.988,3,5
5,16,0.18,0.988,3,5
25,28,0.46,0.988,3,6
25,28,0.48,0.988,3,6
25,28,0.5,0.988,3,6
25,28,0.52,0.988,3,6
25,26,0.4,0.988,3,6
25,26,0.42,0.988,3,6
25,26,0.44,0.988,3,6
25,26,0.46,0.988,3,6
25,24,0.34,0.988,3,6
25,24,0.36,0.988,3,6
25,24,0.38,0.988,3,6
25,22,0.32,0.988,3,6
25,20,0.28,0.988,3,6
25,20,0.3,0.988,3,6
25,18,0.22,0.988,3,6
20,58,0.86,0.988,3,6
20,28,0.46,0.988,3,6
20,28,0.48,0.988,3,6
20,28,0.5,0.988,3,6
20,28,0.52,0.988,3,6
20,26,0.4,0.988,3,6
20,26,0.42,0.988,3,6
20,26,0.44,0.988,3,6
20,26,0.46,0.988,3,6
20,24,0.36,0.988,3,6
20,24,0.38,0.988,3,6
20,20,0.28,0.988,3,6
20,20,0.3,0.988,3,6
20,16,0.18,0.988,3,6
15,66,0.92,0.988,3,6
15,28,0.46,0.988,3,6
15,28,0.48,0.988,3,6
15,28,0.5,0.988,3,6
15,28,0.52,0.988,3,6
15,26,0.42,0.988,3,6
15,26,0.44,0.988,3,6
15,26,0.46,0.988,3,6
15,24,0.36,0.988,3,6
15,24,0.38,0.988,3,6
15,20,0.28,0.988,3,6
15,16,0.18,0.988,3,6
10,28,0.48,0.988,3,6
10,28,0.5,0.988,3,6
10,28,0.52,0.988,3,6
10,26,0.42,0.988,3,6
10,26,0.44,0.988,3,6
10,26,0.46,0.988,3,6
10,24,0.36,0.988,3,6
10,18,0.22,0.988,3,6
5,28,0.48,0.988,3,6
5,26,0.42,0.988,3,6
5,26,0.44,0.988,3,6
5,24,0.36,0.988,3,6
5,22,0.32,0.988,3,6
5,20,0.26,0.988,3,6
5,18,0.22,0.988,3,6
25,22,0.3,0.988,3,7
25,20,0.26,0.988,3,7
20,24,0.34,0.988,3,7
20,22,0.3,0.988,3,7
20,20,0.26,0.988,3,7
20,16,0.16,0.988,3,7
15,70,0.92,0.988,3,7
15,68,0.92,0.988,3,7
15,26,0.4,0.988,3,7
15,18,0.22,0.988,3,7
10,28,0.46,0.988,3,7
10,26,0.4,0.988,3,7
10,20,0.26,0.988,3,7
10,18,0.2,0.988,3,7
5,28,0.46,0.988,3,7
5,26,0.4,0.988,3,7
5,22,0.3,0.988,3,7
25,22,0.28,0.988,3,8
25,20,0.24,0.988,3,8
25,18,0.2,0.988,3,8
25,16,0.14,0.988,3,8
20,22,0.28,0.988,3,8
20,20,0.24,0.988,3,8
20,18,0.2,0.988,3,8
15,24,0.34,0.988,3,8
15,22,0.28,0.988,3,8
15,22,0.3,0.988,3,8
15,20,0.24,0.988,3,8
15,20,0.26,0.988,3,8
15,18,0.2,0.988,3,8
15,16,0.16,0.988,3,8
10,24,0.34,0.988,3,8
10,22,0.28,0.988,3,8
10,22,0.3,0.988,3,8
10,16,0.16,0.988,3,8
5,24,0.34,0.988,3,8
5,22,0.28,0.988,3,8
5,20,0.24,0.988,3,8
5,18,0.2,0.988,3,8
25,54,0.78,0.988,3,9
25,24,0.32,0.988,3,9
25,18,0.18,0.988,3,9
25,16,0.12,0.988,3,9
20,24,0.3,0.988,3,9
20,24,0.32,0.988,3,9
20,16,0.12,0.988,3,9
20,16,0.14,0.988,3,9
15,24,0.3,0.988,3,9
15,24,0.32,0.988,3,9
15,22,0.26,0.988,3,9
15,18,0.18,0.988,3,9
15,16,0.12,0.988,3,9
15,16,0.14,0.988,3,9
10,86,0.9400000000000001,0.988,3,9
10,84,0.9400000000000001,0.988,3,9
10,24,0.28,0.988,3,9
10,24,0.3,0.988,3,9
10,24,0.32,0.988,3,9
10,22,0.26,0.988,3,9
10,20,0.24,0.988,3,9
10,18,0.18,0.988,3,9
10,16,0.14,0.988,3,9
5,94,0.96,0.988,3,9
5,92,0.96,0.988,3,9
5,90,0.96,0.988,3,9
5,86,0.9400000000000001,0.988,3,9
5,84,0.9400000000000001,0.988,3,9
5,24,0.3,0.988,3,9
5,24,0.32,0.988,3,9
5,20,0.22,0.988,3,9
5,18,0.18,0.988,3,9
5,16,0.14,0.988,3,9
5,16,0.16,0.988,3,9
25,24,0.3,0.988,3,10
25,22,0.26,0.988,3,10
25,20,0.22,0.988,3,10
25,18,0.16,0.988,3,10
25,16,0.1,0.988,3,10
20,22,0.26,0.988,3,10
20,20,0.22,0.988,3,10
20,18,0.16,0.988,3,10
20,18,0.18,0.988,3,10
20,16,0.1,0.988,3,10
15,24,0.28,0.988,3,10
15,18,0.16,0.988,3,10
10,90,0.9400000000000001,0.988,3,10
10,88,0.9400000000000001,0.988,3,10
10,20,0.22,0.988,3,10
10,18,0.16,0.988,3,10
5,98,0.96,0.988,3,10
5,96,0.96,0.988,3,10
5,92,0.9400000000000001,0.988,3,10
5,90,0.9400000000000001,0.988,3,10
5,88,0.9400000000000001,0.988,3,10
5,24,0.28,0.988,3,10
5,22,0.26,0.988,3,10
5,18,0.16,0.988,3,10
25,24,0.28,0.988,3,11
25,22,0.24,0.988,3,11
25,20,0.18,0.988,3,11
25,20,0.2,0.988,3,11
20,80,0.88,0.988,3,11
20,78,0.88,0.988,3,11
20,24,0.28,0.988,3,11
20,22,0.24,0.988,3,11
15,20,0.22,0.988,3,11
10,94,0.9400000000000001,0.988,3,11
10,92,0.9400000000000001,0.988,3,11
10,16,0.12,0.988,3,11
5,94,0.9400000000000001,0.988,3,11
25,68,0.8,0.988,3,12
25,66,0.8,0.988,3,12
25,24,0.26,0.988,3,12
25,22,0.2,0.988,3,12
25,22,0.22,0.988,3,12
20,24,0.26,0.988,3,12
20,22,0.22,0.988,3,12
20,20,0.18,0.988,3,12
20,20,0.2,0.988,3,12
15,24,0.26,0.988,3,12
15,22,0.24,0.988,3,12
15,20,0.18,0.988,3,12
15,20,0.2,0.988,3,12
15,18,0.14,0.988,3,12
15,16,0.1,0.988,3,12
10,100,0.9400000000000001,0.988,3,12
10,98,0.9400000000000001,0.988,3,12
10,96,0.9400000000000001,0.988,3,12
10,24,0.26,0.988,3,12
10,22,0.22,0.988,3,12
10,22,0.24,0.988,3,12
10,20,0.18,0.988,3,12
10,20,0.2,0.988,3,12
10,18,0.14,0.988,3,12
10,16,0.1,0.988,3,12
5,100,0.9400000000000001,0.988,3,12
5,100,0.96,0.988,3,12
5,98,0.9400000000000001,0.988,3,12
5,96,0.9400000000000001,0.988,3,12
5,22,0.22,0.988,3,12
5,22,0.24,0.988,3,12
5,20,0.2,0.988,3,12
5,18,0.14,0.988,3,12
5,16,0.12,0.988,3,12
25,22,0.18,0.988,3,13
25,20,0.16,0.988,3,13
25,18,0.14,0.988,3,13
20,82,0.88,0.988,3,13
20,22,0.18,0.988,3,13
20,22,0.2,0.988,3,13
20,18,0.14,0.988,3,13
15,22,0.18,0.988,3,13
15,22,0.2,0.988,3,13
15,22,0.22,0.988,3,13
10,24,0.24,0.988,3,13
10,22,0.2,0.988,3,13
5,24,0.24,0.988,3,13
5,24,0.26,0.988,3,13
5,20,0.18,0.988,3,13
5,16,0.1,0.988,3,13
25,88,0.8200000000000001,0.988,3,14
25,20,0.14,0.988,3,14
25,18,0.12,0.988,3,14
20,22,0.16,0.988,3,14
20,20,0.14,0.988,3,14
20,20,0.16,0.988,3,14
20,18,0.12,0.988,3,14
15,24,0.24,0.988,3,14
15,22,0.16,0.988,3,14
15,20,0.14,0.988,3,14
15,20,0.16,0.988,3,14
15,18,0.12,0.988,3,14
10,22,0.16,0.988,3,14
10,22,0.18,0.988,3,14
10,20,0.16,0.988,3,14
5,22,0.2,0.988,3,14
10,16,0.08,0.988,3,15
5,24,0.22,0.988,3,15
5,22,0.18,0.988,3,15
5,20,0.16,0.988,3,15
25,90,0.8200000000000001,0.988,3,16
25,22,0.16,0.988,3,16
20,16,0.08,0.988,3,16
15,16,0.08,0.988,3,16
10,20,0.14,0.988,3,16
10,18,0.12,0.988,3,16
5,22,0.16,0.988,3,16
25,92,0.8200000000000001,0.988,3,17
25,20,0.12,0.988,3,17
25,16,0.08,0.988,3,17
20,20,0.12,0.988,3,17
20,18,0.1,0.988,3,17
15,14,0.06,0.988,3,17
10,14,0.06,0.988,3,17
5,18,0.12,0.988,3,17
25,18,0.1,0.988,3,18
15,22,0.14,0.988,3,18
15,20,0.12,0.988,3,18
15,18,0.1,0.988,3,18
5,20,0.14,0.988,3,18
5,18,0.1,0.988,3,18
5,16,0.08,0.988,3,18
25,22,0.14,0.988,3,19
20,22,0.14,0.988,3,19
10,22,0.14,0.988,3,19
10,20,0.12,0.988,3,19
10,18,0.1,0.988,3,19
5,20,0.12,0.988,3,19
5,14,0.06,0.988,3,19
5,22,0.14,0.988,3,20
25,20,0.1,0.988,3,23
15,16,0.06,0.988,3,23
10,16,0.06,0.988,3,23
5,20,0.1,0.988,3,23
25,16,0.06,0.988,3,24
25,14,0.04,0.988,3,24
20,20,0.1,0.988,3,24
20,16,0.06,0.988,3,24
15,20,0.1,0.988,3,24
15,18,0.08,0.988,3,24
15,14,0.04,0.988,3,24
10,20,0.1,0.988,3,24
10,14,0.04,0.988,3,24
25,18,0.08,0.988,3,25
20,18,0.08,0.988,3,25
20,14,0.04,0.988,3,25
10,18,0.08,0.988,3,25
5,22,0.12,0.988,3,25
5,18,0.08,0.988,3,25
5,16,0.06,0.988,3,25
5,14,0.04,0.988,3,25
5,20,0.08,0.988,3,29
10,20,0.08,0.988,3,30
10,18,0.06,0.988,3,30
5,18,0.06,0.988,3,30
20,20,0.08,0.988,3,31
20,18,0.06,0.988,3,31
15,20,0.08,0.988,3,31
15,18,0.06,0.988,3,31
25,18,0.06,0.988,3,32
25,20,0.08,0.988,3,33
10,16,0.04,0.988,3,34
15,16,0.04,0.988,3,35
5,16,0.04,0.988,3,35
25,16,0.04,0.988,3,36
20,16,0.04,0.988,3,36
15,14,0.02,0.988,3,40
20,14,0.02,0.988,3,41
25,14,0.02,0.988,3,42
10,20,0.06,0.988,3,42
10,14,0.02,0.988,3,42
5,20,0.06,0.988,3,42
25,20,0.06,0.988,3,43
20,20,0.06,0.988,3,43
15,20,0.06,0.988,3,43
15,18,0.04,0.988,3,43
10,18,0.04,0.988,3,44
5,18,0.04,0.988,3,44
5,14,0.02,0.988,3,45
20,18,0.04,0.988,3,46
25,18,0.04,0.988,3,48
10,20,0.04,0.988,3,54
5,20,0.04,0.988,3,54
20,20,0.04,0.988,3,55
15,20,0.04,0.988,3,55
10,16,0.02,0.988,3,55
25,20,0.04,0.988,3,56
5,16,0.02,0.988,3,56
20,16,0.02,0.988,3,58
15,16,0.02,0.988,3,59
25,16,0.02,0.988,3,60
5,18,0.02,0.988,3,63
10,18,0.02,0.988,3,64
25,18,0.02,0.988,3,68
20,18,0.02,0.988,3,68
15,18,0.02,0.988,3,68
10,20,0.02,0.988,3,76
5,20,0.02,0.988,3,79
5,12,0.0,0.988,3,172
10,10,0.0,0.988,3,178
5,14,0.0,0.988,3,181
10,12,0.0,0.988,3,182
15,10,0.0,0.988,3,187
5,16,0.0,0.988,3,188
10,14,0.0,0.988,3,189
20,8,0.0,0.988,3,190
15,12,0.0,0.988,3,193
25,8,0.0,0.988,3,194
20,10,0.0,0.988,3,194
10,16,0.0,0.988,3,198
15,14,0.0,0.988,3,199
25,10,0.0,0.988,3,200
20,12,0.0,0.988,3,203
25,12,0.0,0.988,3,208
25,34,0.72,0.984,4,2
25,32,0.72,0.984,4,2
25,30,0.68,0.984,4,2
25,28,0.66,0.984,4,2
25,26,0.64,0.984,4,2
25,24,0.6,0.984,4,2
25,22,0.58,0.984,4,2
25,20,0.52,0.984,4,2
25,18,0.36,0.984,4,2
25,18,0.38,0.984,4,2
20,36,0.8,0.984,4,2
20,34,0.8,0.984,4,2
20,32,0.78,0.984,4,2
20,30,0.74,0.984,4,2
20,28,0.74,0.984,4,2
20,24,0.7000000000000001,0.984,4,2
20,22,0.62,0.984,4,2
20,22,0.64,0.984,4,2
20,22,0.66,0.984,4,2
20,22,0.68,0.984,4,2
20,20,0.52,0.984,4,2
20,20,0.54,0.984,4,2
20,20,0.56,0.984,4,2
20,20,0.58,0.984,4,2
20,20,0.6,0.984,4,2
20,18,0.36,0.984,4,2
20,18,0.38,0.984,4,2
15,50,0.92,0.984,4,2
15,48,0.92,0.984,4,2
15,38,0.86,0.984,4,2
15,38,0.88,0.984,4,2
15,36,0.86,0.984,4,2
15,36,0.88,0.984,4,2
15,30,0.8200000000000001,0.984,4,2
15,28,0.78,0.984,4,2
15,28,0.8,0.984,4,2
15,28,0.8200000000000001,0.984,4,2
15,26,0.74,0.984,4,2
15,26,0.76,0.984,4,2
15,26,0.78,0.984,4,2
15,26,0.8,0.984,4,2
15,24,0.7000000000000001,0.984,4,2
15,24,0.72,0.984,4,2
15,24,0.74,0.984,4,2
15,24,0.76,0.984,4,2
15,22,0.62,0.984,4,2
15,22,0.64,0.984,4,2
15,22,0.66,0.984,4,2
15,22,0.68,0.984,4,2
15,22,0.7000000000000001,0.984,4,2
15,20,0.52,0.984,4,2
15,20,0.54,0.984,4,2
15,20,0.56,0.984,4,2
15,20,0.58,0.984,4,2
15,18,0.34,0.984,4,2
15,18,0.36,0.984,4,2
10,34,0.86,0.984,4,2
10,34,0.88,0.984,4,2
10,34,0.9,0.984,4,2
10,32,0.84,0.984,4,2
10,32,0.86,0.984,4,2
10,32,0.88,0.984,4,2
10,32,0.9,0.984,4,2
10,30,0.8200000000000001,0.984,4,2
10,30,0.84,0.984,4,2
10,30,0.86,0.984,4,2
10,28,0.8,0.984,4,2
10,28,0.8200000000000001,0.984,4,2
10,28,0.84,0.984,4,2
10,26,0.76,0.984,4,2
10,26,0.78,0.984,4,2
10,26,0.8,0.984,4,2
10,26,0.8200000000000001,0.984,4,2
10,24,0.7000000000000001,0.984,4,2
10,24,0.72,0.984,4,2
10,24,0.74,0.984,4,2
10,24,0.76,0.984,4,2
10,22,0.62,0.984,4,2
10,22,0.64,0.984,4,2
10,22,0.66,0.984,4,2
10,22,0.68,0.984,4,2
10,22,0.7000000000000001,0.984,4,2
10,20,0.52,0.984,4,2
10,20,0.54,0.984,4,2
10,20,0.56,0.984,4,2
10,20,0.58,0.984,4,2
10,18,0.34,0.984,4,2
10,18,0.36,0.984,4,2
10,18,0.38,0.984,4,2
10,18,0.4,0.984,4,2
5,36,0.88,0.984,4,2
5,34,0.86,0.984,4,2
5,32,0.84,0.984,4,2
5,28,0.8,0.984,4,2
5,26,0.78,0.984,4,2
5,26,0.8,0.984,4,2
5,24,0.74,0.984,4,2
5,24,0.76,0.984,4,2
5,22,0.66,0.984,4,2
5,22,0.68,0.984,4,2
5,22,0.7000000000000001,0.984,4,2
5,20,0.58,0.984,4,2
5,18,0.34,0.984,4,2
5,18,0.36,0.984,4,2
5,18,0.38,0.984,4,2
5,18,0.4,0.984,4,2
5,18,0.42,0.984,4,2
5,18,0.44,0.984,4,2
5,18,0.46,0.984,4,2
5,18,0.48,0.984,4,2
25,44,0.76,0.984,4,3
25,42,0.76,0.984,4,3
25,40,0.74,0.984,4,3
25,40,0.76,0.984,4,3
25,30,0.66,0.984,4,3
25,16,0.22,0.984,4,3
25,16,0.24,0.984,4,3
20,40,0.8200000000000001,0.984,4,3
20,16,0.24,0.984,4,3
15,54,0.92,0.984,4,3
15,52,0.92,0.984,4,3
15,16,0.26,0.984,4,3
10,16,0.26,0.984,4,3
25,30,0.64,0.984,4,4
25,28,0.62,0.984,4,4
25,28,0.64,0.984,4,4
25,26,0.62,0.984,4,4
25,16,0.18,0.984,4,4
25,16,0.2,0.984,4,4
25,14,0.16,0.984,4,4
20,54,0.86,0.984,4,4
20,48,0.84,0.984,4,4
20,14,0.18,0.984,4,4
15,58,0.92,0.984,4,4
15,56,0.92,0.984,4,4
10,14,0.18,0.984,4,4
5,14,0.18,0.984,4,4
25,50,0.78,0.984,4,5
25,46,0.76,0.984,4,5
20,56,0.86,0.984,4,5
20,14,0.16,0.984,4,5
20,12,0.14,0.984,4,5
15,14,0.16,0.984,4,5
15,14,0.18,0.984,4,5
15,12,0.14,0.984,4,5
10,14,0.16,0.984,4,5
10,12,0.14,0.984,4,5
5,14,0.16,0.984,4,5
25,14,0.14,0.984,4,6
20,14,0.14,0.984,4,6
15,14,0.14,0.984,4,6
5,14,0.14,0.984,4,6
5,12,0.14,0.984,4,6
25,52,0.78,0.984,4,7
25,12,0.1,0.984,4,7
25,12,0.12,0.984,4,7
20,12,0.1,0.984,4,7
20,12,0.12,0.984,4,7
15,12,0.12,0.984,4,7
10,14,0.14,0.984,4,7
10,12,0.12,0.984,4,7
5,98,0.98,0.984,4,7
5,96,0.98,0.984,4,7
5,12,0.12,0.984,4,7
25,14,0.1,0.984,4,8
25,14,0.12,0.984,4,8
20,14,0.1,0.984,4,8
20,14,0.12,0.984,4,8
15,14,0.12,0.984,4,8
5,80,0.96,0.984,4,8
5,78,0.96,0.984,4,8
15,12,0.1,0.984,4,9
10,96,0.96,0.984,4,9
10,94,0.96,0.984,4,9
10,92,0.96,0.984,4,9
10,82,0.9400000000000001,0.984,4,9
10,80,0.9400000000000001,0.984,4,9
10,78,0.9400000000000001,0.984,4,9
10,76,0.9400000000000001,0.984,4,9
10,74,0.9400000000000001,0.984,4,9
10,14,0.12,0.984,4,9
10,12,0.1,0.984,4,9
5,100,0.98,0.984,4,9
5,88,0.96,0.984,4,9
5,86,0.96,0.984,4,9
5,84,0.96,0.984,4,9
5,82,0.9400000000000001,0.984,4,9
5,82,0.96,0.984,4,9
5,80,0.9400000000000001,0.984,4,9
5,78,0.9400000000000001,0.984,4,9
5,76,0.9400000000000001,0.984,4,9
5,74,0.9400000000000001,0.984,4,9
5,12,0.1,0.984,4,9
25,12,0.08,0.984,4,10
15,14,0.1,0.984,4,10
5,14,0.12,0.984,4,10
20,76,0.88,0.984,4,11
20,12,0.08,0.984,4,11
15,12,0.08,0.984,4,11
10,98,0.96,0.984,4,11
10,12,0.08,0.984,4,11
5,12,0.08,0.984,4,11
25,76,0.8200000000000001,0.984,4,12
25,74,0.8200000000000001,0.984,4,12
25,64,0.8,0.984,4,12
25,14,0.08,0.984,4,12
25,12,0.06,0.984,4,12
20,14,0.08,0.984,4,12
15,14,0.08,0.984,4,12
15,12,0.06,0.984,4,12
10,100,0.96,0.984,4,12
10,14,0.08,0.984,4,12
10,14,0.1,0.984,4,12
10,12,0.06,0.984,4,12
5,14,0.1,0.984,4,12
25,82,0.8200000000000001,0.984,4,13
25,80,0.8200000000000001,0.984,4,13
25,78,0.8200000000000001,0.984,4,13
20,12,0.06,0.984,4,13
5,14,0.08,0.984,4,13
5,12,0.06,0.984,4,13
25,86,0.8200000000000001,0.984,4,14
25,84,0.8200000000000001,0.984,4,14
20,14,0.06,0.984,4,18
25,14,0.06,0.984,4,20
25,100,0.84,0.984,4,22
10,12,0.04,0.984,4,22
25,12,0.04,0.984,4,23
20,12,0.04,0.984,4,23
15,12,0.04,0.984,4,23
5,12,0.04,0.984,4,23
10,12,0.02,0.984,4,30
5,12,0.02,0.984,4,31
20,12,0.02,0.984,4,32
15,12,0.02,0.984,4,32
25,12,0.02,0.984,4,35
5,10,0.0,0.984,4,165
25,6,0.0,0.984,4,180
15,8,0.0,0.984,4,183
25,34,0.74,0.98,5,2
25,30,0.7000000000000001,0.98,5,2
25,28,0.68,0.98,5,2
25,24,0.62,0.98,5,2
25,20,0.54,0.98,5,2
25,18,0.4,0.98,5,2
20,40,0.84,0.98,5,2
20,38,0.8200000000000001,0.98,5,2
20,30,0.76,0.98,5,2
20,28,0.76,0.98,5,2
20,20,0.62,0.98,5,2
20,20,0.64,0.98,5,2
20,18,0.4,0.98,5,2
20,18,0.42,0.98,5,2
20,18,0.44,0.98,5,2
20,18,0.46,0.98,5,2
20,18,0.48,0.98,5,2
20,18,0.5,0.98,5,2
20,16,0.28,0.98,5,2
15,46,0.92,0.98,5,2
15,40,0.9,0.98,5,2
15,38,0.9,0.98,5,2
15,36,0.9,0.98,5,2
15,34,0.86,0.98,5,2
15,34,0.88,0.98,5,2
15,32,0.84,0.98,5,2
15,32,0.86,0.98,5,2
15,32,0.88,0.98,5,2
15,30,0.84,0.98,5,2
15,30,0.86,0.98,5,2
15,28,0.84,0.98,5,2
15,26,0.8200000000000001,0.98,5,2
15,24,0.78,0.98,5,2
15,24,0.8,0.98,5,2
15,22,0.72,0.98,5,2
15,20,0.6,0.98,5,2
15,20,0.62,0.98,5,2
15,20,0.64,0.98,5,2
15,20,0.66,0.98,5,2
15,18,0.38,0.98,5,2
15,18,0.4,0.98,5,2
15,18,0.42,0.98,5,2
15,18,0.44,0.98,5,2
15,18,0.46,0.98,5,2
15,18,0.48,0.98,5,2
15,18,0.5,0.98,5,2
15,18,0.52,0.98,5,2
15,16,0.28,0.98,5,2
10,34,0.92,0.98,5,2
10,30,0.88,0.98,5,2
10,28,0.86,0.98,5,2
10,28,0.88,0.98,5,2
10,26,0.84,0.98,5,2
10,26,0.86,0.98,5,2
10,26,0.88,0.98,5,2
10,24,0.78,0.98,5,2
10,24,0.8,0.98,5,2
10,24,0.8200000000000001,0.98,5,2
10,24,0.84,0.98,5,2
10,24,0.86,0.98,5,2
10,20,0.6,0.98,5,2
10,20,0.62,0.98,5,2
10,20,0.64,0.98,5,2
10,18,0.42,0.98,5,2
10,18,0.44,0.98,5,2
10,18,0.46,0.98,5,2
10,18,0.48,0.98,5,2
10,18,0.5,0.98,5,2
10,18,0.52,0.98,5,2
10,16,0.28,0.98,5,2
5,42,0.92,0.98,5,2
5,40,0.9,0.98,5,2
5,40,0.92,0.98,5,2
5,38,0.9,0.98,5,2
5,38,0.92,0.98,5,2
5,36,0.9,0.98,5,2
5,36,0.92,0.98,5,2
5,34,0.88,0.98,5,2
5,32,0.86,0.98,5,2
5,32,0.88,0.98,5,2
5,30,0.84,0.98,5,2
5,30,0.86,0.98,5,2
5,28,0.8200000000000001,0.98,5,2
5,28,0.84,0.98,5,2
5,24,0.78,0.98,5,2
5,20,0.6,0.98,5,2
5,20,0.62,0.98,5,2
5,20,0.64,0.98,5,2
5,18,0.5,0.98,5,2
5,18,0.52,0.98,5,2
5,16,0.28,0.98,5,2
25,38,0.74,0.98,5,3
25,36,0.74,0.98,5,3
25,16,0.26,0.98,5,3
20,46,0.84,0.98,5,3
20,44,0.84,0.98,5,3
20,42,0.84,0.98,5,3
20,16,0.26,0.98,5,3
5,16,0.26,0.98,5,3
25,14,0.18,0.98,5,4
25,12,0.14,0.98,5,4
20,14,0.2,0.98,5,4
15,14,0.2,0.98,5,4
10,14,0.2,0.98,5,4
5,66,0.9400000000000001,0.98,5,4
5,14,0.2,0.98,5,4
25,52,0.8,0.98,5,5
25,50,0.8,0.98,5,5
25,48,0.78,0.98,5,5
5,92,0.98,0.98,5,5
5,90,0.98,0.98,5,5
5,88,0.98,0.98,5,5
5,86,0.98,0.98,5,5
5,84,0.98,0.98,5,5
5,74,0.96,0.98,5,5
5,72,0.96,0.98,5,5
5,68,0.9400000000000001,0.98,5,5
25,54,0.8,0.98,5,6
5,76,0.96,0.98,5,6
5,94,0.98,0.98,5,7
5,70,0.9400000000000001,0.98,5,7
10,82,0.96,0.98,5,8
10,80,0.96,0.98,5,8
10,78,0.96,0.98,5,8
5,72,0.9400000000000001,0.98,5,8
25,58,0.8,0.98,5,9
25,56,0.8,0.98,5,9
10,90,0.96,0.98,5,9
10,88,0.96,0.98,5,9
10,86,0.96,0.98,5,9
10,84,0.96,0.98,5,9
25,72,0.8200000000000001,0.98,5,11
25,70,0.8200000000000001,0.98,5,11
25,68,0.8200000000000001,0.98,5,11
25,62,0.8,0.98,5,11
25,60,0.8,0.98,5,11
25,92,0.84,0.98,5,14
25,94,0.84,0.98,5,16
25,96,0.84,0.98,5,19
25,98,0.84,0.98,5,20
25,10,0.02,0.98,5,28
5,8,0.0,0.98,5,156
10,8,0.0,0.98,5,170
25,32,0.74,0.976,6,2
25,30,0.72,0.976,6,2
25,28,0.7000000000000001,0.976,6,2
25,28,0.72,0.976,6,2
25,26,0.66,0.976,6,2
25,26,0.68,0.976,6,2
25,26,0.7000000000000001,0.976,6,2
25,24,0.64,0.976,6,2
25,24,0.66,0.976,6,2
25,22,0.6,0.976,6,2
25,20,0.56,0.976,6,2
25,20,0.58,0.976,6,2
25,18,0.42,0.976,6,2
25,18,0.44,0.976,6,2
25,18,0.46,0.976,6,2
25,18,0.48,0.976,6,2
25,18,0.5,0.976,6,2
25,16,0.28,0.976,6,2
20,38,0.84,0.976,6,2
20,36,0.8200000000000001,0.976,6,2
20,34,0.8200000000000001,0.976,6,2
20,30,0.78,0.976,6,2
20,22,0.7000000000000001,0.976,6,2
20,20,0.66,0.976,6,2
20,18,0.52,0.976,6,2
20,16,0.3,0.976,6,2
15,44,0.92,0.976,6,2
15,30,0.88,0.976,6,2
15,28,0.86,0.976,6,2
15,26,0.84,0.976,6,2
15,24,0.8200000000000001,0.976,6,2
15,24,0.84,0.976,6,2
15,22,0.74,0.976,6,2
15,22,0.76,0.976,6,2
15,22,0.78,0.976,6,2
15,22,0.8,0.976,6,2
15,20,0.68,0.976,6,2
15,20,0.7000000000000001,0.976,6,2
15,20,0.72,0.976,6,2
15,20,0.74,0.976,6,2
15,20,0.76,0.976,6,2
15,20,0.78,0.976,6,2
15,18,0.54,0.976,6,2
15,18,0.56,0.976,6,2
15,18,0.58,0.976,6,2
15,18,0.6,0.976,6,2
10,32,0.92,0.976,6,2
10,30,0.9,0.976,6,2
10,30,0.92,0.976,6,2
10,28,0.9,0.976,6,2
10,28,0.92,0.976,6,2
10,26,0.9,0.976,6,2
10,26,0.92,0.976,6,2
10,22,0.72,0.976,6,2
10,22,0.74,0.976,6,2
10,22,0.76,0.976,6,2
10,22,0.78,0.976,6,2
10,22,0.8,0.976,6,2
10,22,0.8200000000000001,0.976,6,2
10,22,0.84,0.976,6,2
10,20,0.66,0.976,6,2
10,20,0.68,0.976,6,2
10,20,0.7000000000000001,0.976,6,2
10,20,0.72,0.976,6,2
10,20,0.74,0.976,6,2
10,20,0.76,0.976,6,2
10,18,0.54,0.976,6,2
10,18,0.56,0.976,6,2
10,18,0.58,0.976,6,2
10,18,0.6,0.976,6,2
10,18,0.62,0.976,6,2
10,16,0.3,0.976,6,2
10,14,0.26,0.976,6,2
5,70,0.96,0.976,6,2
5,34,0.9,0.976,6,2
5,34,0.92,0.976,6,2
5,32,0.9,0.976,6,2
5,30,0.88,0.976,6,2
5,28,0.86,0.976,6,2
5,28,0.88,0.976,6,2
5,26,0.8200000000000001,0.976,6,2
5,26,0.84,0.976,6,2
5,26,0.86,0.976,6,2
5,26,0.88,0.976,6,2
5,24,0.8,0.976,6,2
5,24,0.8200000000000001,0.976,6,2
5,24,0.84,0.976,6,2
5,24,0.86,0.976,6,2
5,22,0.72,0.976,6,2
5,22,0.74,0.976,6,2
5,22,0.76,0.976,6,2
5,20,0.66,0.976,6,2
5,20,0.68,0.976,6,2
5,20,0.7000000000000001,0.976,6,2
5,20,0.72,0.976,6,2
5,20,0.74,0.976,6,2
5,20,0.76,0.976,6,2
5,18,0.54,0.976,6,2
5,18,0.56,0.976,6,2
5,18,0.58,0.976,6,2
5,18,0.6,0.976,6,2
5,16,0.3,0.976,6,2
5,16,0.32,0.976,6,2
5,16,0.34,0.976,6,2
5,16,0.36,0.976,6,2
5,16,0.38,0.976,6,2
5,16,0.4,0.976,6,2
5,14,0.26,0.976,6,2
25,44,0.78,0.976,6,3
25,42,0.78,0.976,6,3
25,38,0.76,0.976,6,3
25,14,0.2,0.976,6,3
10,70,0.96,0.976,6,3
10,14,0.22,0.976,6,3
10,14,0.24,0.976,6,3
5,64,0.9400000000000001,0.976,6,3
5,14,0.24,0.976,6,3
25,54,0.8200000000000001,0.976,6,4
25,52,0.8200000000000001,0.976,6,4
25,46,0.78,0.976,6,4
20,52,0.86,0.976,6,4
20,50,0.86,0.976,6,4
20,48,0.86,0.976,6,4
10,66,0.9400000000000001,0.976,6,4
5,14,0.22,0.976,6,4
10,72,0.96,0.976,6,5
10,68,0.9400000000000001,0.976,6,5
5,82,0.98,0.976,6,5
5,80,0.98,0.976,6,5
25,56,0.8200000000000001,0.976,6,6
10,74,0.96,0.976,6,6
10,70,0.9400000000000001,0.976,6,7
25,60,0.8200000000000001,0.976,6,8
25,58,0.8200000000000001,0.976,6,8
20,66,0.88,0.976,6,8
15,84,0.9400000000000001,0.976,6,8
10,98,0.98,0.976,6,8
10,76,0.96,0.976,6,8
10,72,0.9400000000000001,0.976,6,8
25,62,0.8200000000000001,0.976,6,9
20,72,0.88,0.976,6,9
20,70,0.88,0.976,6,9
20,68,0.88,0.976,6,9
15,88,0.9400000000000001,0.976,6,9
15,86,0.9400000000000001,0.976,6,9
10,100,0.98,0.976,6,9
15,90,0.9400000000000001,0.976,6,10
25,66,0.8200000000000001,0.976,6,11
25,64,0.8200000000000001,0.976,6,11
20,74,0.88,0.976,6,11
15,94,0.9400000000000001,0.976,6,11
15,92,0.9400000000000001,0.976,6,11
25,82,0.84,0.976,6,12
25,80,0.84,0.976,6,12
20,100,0.9,0.976,6,12
20,98,0.9,0.976,6,12
20,96,0.9,0.976,6,12
20,94,0.9,0.976,6,12
20,92,0.9,0.976,6,12
15,100,0.9400000000000001,0.976,6,12
15,98,0.9400000000000001,0.976,6,12
15,96,0.9400000000000001,0.976,6,12
25,84,0.84,0.976,6,13
25,90,0.84,0.976,6,14
25,88,0.84,0.976,6,14
25,86,0.84,0.976,6,14
20,10,0.02,0.976,6,29
10,10,0.02,0.976,6,29
15,10,0.02,0.976,6,30
5,10,0.02,0.976,6,30
20,6,0.0,0.976,6,172
25,30,0.74,0.972,7,2
25,26,0.72,0.972,7,2
25,24,0.68,0.972,7,2
25,24,0.7000000000000001,0.972,7,2
25,24,0.72,0.972,7,2
25,22,0.62,0.972,7,2
25,22,0.64,0.972,7,2
25,22,0.66,0.972,7,2
25,22,0.68,0.972,7,2
25,22,0.7000000000000001,0.972,7,2
25,22,0.72,0.972,7,2
25,20,0.6,0.972,7,2
25,18,0.52,0.972,7,2
25,18,0.54,0.972,7,2
25,16,0.3,0.972,7,2
25,16,0.32,0.972,7,2
25,16,0.34,0.972,7,2
25,16,0.36,0.972,7,2
25,16,0.38,0.972,7,2
25,16,0.4,0.972,7,2
25,16,0.42,0.972,7,2
25,14,0.26,0.972,7,2
25,14,0.28,0.972,7,2
25,14,0.3,0.972,7,2
20,36,0.84,0.972,7,2
20,32,0.8,0.972,7,2
20,30,0.8,0.972,7,2
20,28,0.78,0.972,7,2
20,26,0.74,0.972,7,2
20,26,0.76,0.972,7,2
20,26,0.78,0.972,7,2
20,24,0.72,0.972,7,2
20,24,0.74,0.972,7,2
20,24,0.76,0.972,7,2
20,22,0.72,0.972,7,2
20,18,0.54,0.972,7,2
20,18,0.56,0.972,7,2
20,18,0.58,0.972,7,2
20,18,0.6,0.972,7,2
20,18,0.62,0.972,7,2
20,18,0.64,0.972,7,2
20,16,0.32,0.972,7,2
20,16,0.34,0.972,7,2
20,16,0.36,0.972,7,2
20,16,0.38,0.972,7,2
20,16,0.4,0.972,7,2
20,16,0.42,0.972,7,2
20,14,0.26,0.972,7,2
20,14,0.28,0.972,7,2
15,42,0.92,0.972,7,2
15,34,0.9,0.972,7,2
15,26,0.86,0.972,7,2
15,24,0.86,0.972,7,2
15,22,0.8200000000000001,0.972,7,2
15,18,0.62,0.972,7,2
15,16,0.3,0.972,7,2
15,16,0.32,0.972,7,2
15,16,0.34,0.972,7,2
15,16,0.36,0.972,7,2
15,16,0.38,0.972,7,2
15,16,0.4,0.972,7,2
15,16,0.42,0.972,7,2
15,14,0.26,0.972,7,2
10,68,0.96,0.972,7,2
10,66,0.96,0.972,7,2
10,24,0.88,0.972,7,2
10,24,0.9,0.972,7,2
10,24,0.92,0.972,7,2
10,22,0.86,0.972,7,2
10,20,0.78,0.972,7,2
10,16,0.32,0.972,7,2
10,16,0.34,0.972,7,2
10,16,0.36,0.972,7,2
10,16,0.38,0.972,7,2
10,16,0.4,0.972,7,2
10,16,0.42,0.972,7,2
5,76,0.98,0.972,7,2
5,68,0.96,0.972,7,2
5,62,0.9400000000000001,0.972,7,2
5,60,0.9400000000000001,0.972,7,2
5,32,0.92,0.972,7,2
5,30,0.9,0.972,7,2
5,30,0.92,0.972,7,2
5,28,0.9,0.972,7,2
5,28,0.92,0.972,7,2
5,26,0.9,0.972,7,2
5,26,0.92,0.972,7,2
5,24,0.88,0.972,7,2
5,22,0.78,0.972,7,2
5,22,0.8,0.972,7,2
5,22,0.8200000000000001,0.972,7,2
5,22,0.84,0.972,7,2
5,22,0.86,0.972,7,2
5,18,0.62,0.972,7,2
5,16,0.42,0.972,7,2
5,14,0.28,0.972,7,2
5,14,0.3,0.972,7,2
25,50,0.8200000000000001,0.972,7,3
25,48,0.8200000000000001,0.972,7,3
25,14,0.22,0.972,7,3
25,14,0.24,0.972,7,3
20,46,0.86,0.972,7,3
20,44,0.86,0.972,7,3
20,14,0.22,0.972,7,3
20,14,0.24,0.972,7,3
15,14,0.22,0.972,7,3
15,14,0.24,0.972,7,3
10,64,0.9400000000000001,0.972,7,3
10,62,0.9400000000000001,0.972,7,3
25,48,0.8,0.972,7,4
25,46,0.8,0.972,7,4
5,78,0.98,0.972,7,4
5,12,0.16,0.972,7,5
20,64,0.88,0.972,7,6
20,62,0.88,0.972,7,6
10,92,0.98,0.972,7,6
10,90,0.98,0.972,7,6
10,88,0.98,0.972,7,6
10,86,0.98,0.972,7,6
10,84,0.98,0.972,7,6
20,76,0.9,0.972,7,7
20,74,0.9,0.972,7,7
20,72,0.9,0.972,7,7
20,70,0.9,0.972,7,7
10,96,0.98,0.972,7,7
10,94,0.98,0.972,7,7
20,80,0.9,0.972,7,8
20,78,0.9,0.972,7,8
15,82,0.9400000000000001,0.972,7,8
15,80,0.9400000000000001,0.972,7,8
25,64,0.84,0.972,7,9
20,82,0.9,0.972,7,9
25,68,0.84,0.972,7,10
25,66,0.84,0.972,7,10
20,86,0.9,0.972,7,10
20,84,0.9,0.972,7,10
25,74,0.84,0.972,7,11
25,72,0.84,0.972,7,11
25,70,0.84,0.972,7,11
20,88,0.9,0.972,7,11
25,78,0.84,0.972,7,12
25,76,0.84,0.972,7,12
20,90,0.9,0.972,7,12
25,96,0.86,0.972,7,16
25,98,0.86,0.972,7,17
25,10,0.04,0.972,7,17
20,10,0.04,0.972,7,17
25,100,0.86,0.972,7,18
5,10,0.04,0.972,7,18
20,4,0.0,0.972,7,159
25,4,0.0,0.972,7,167
25,44,0.8,0.968,8,2
25,42,0.8,0.968,8,2
25,36,0.78,0.968,8,2
25,34,0.76,0.968,8,2
25,34,0.78,0.968,8,2
25,32,0.76,0.968,8,2
25,32,0.78,0.968,8,2
25,28,0.74,0.968,8,2
25,20,0.62,0.968,8,2
25,20,0.64,0.968,8,2
25,20,0.66,0.968,8,2
25,18,0.56,0.968,8,2
25,16,0.44,0.968,8,2
25,16,0.46,0.968,8,2
25,14,0.32,0.968,8,2
20,40,0.86,0.968,8,2
20,34,0.84,0.968,8,2
20,32,0.8200000000000001,0.968,8,2
20,30,0.8200000000000001,0.968,8,2
20,28,0.8,0.968,8,2
20,28,0.8200000000000001,0.968,8,2
20,26,0.8,0.968,8,2
20,26,0.8200000000000001,0.968,8,2
20,24,0.78,0.968,8,2
20,20,0.68,0.968,8,2
20,16,0.44,0.968,8,2
20,14,0.3,0.968,8,2
20,14,0.32,0.968,8,2
15,40,0.92,0.968,8,2
15,38,0.92,0.968,8,2
15,36,0.92,0.968,8,2
15,28,0.88,0.968,8,2
15,26,0.88,0.968,8,2
15,22,0.84,0.968,8,2
15,18,0.64,0.968,8,2
15,14,0.28,0.968,8,2
15,14,0.3,0.968,8,2
15,14,0.32,0.968,8,2
10,64,0.96,0.968,8,2
10,62,0.96,0.968,8,2
10,60,0.96,0.968,8,2
10,58,0.9400000000000001,0.968,8,2
10,56,0.9400000000000001,0.968,8,2
10,54,0.9400000000000001,0.968,8,2
10,52,0.9400000000000001,0.968,8,2
10,50,0.9400000000000001,0.968,8,2
10,48,0.9400000000000001,0.968,8,2
10,20,0.8,0.968,8,2
10,20,0.8200000000000001,0.968,8,2
10,18,0.64,0.968,8,2
10,18,0.66,0.968,8,2
10,14,0.28,0.968,8,2
10,14,0.3,0.968,8,2
5,74,0.98,0.968,8,2
5,72,0.98,0.968,8,2
5,70,0.98,0.968,8,2
5,66,0.96,0.968,8,2
5,24,0.9,0.968,8,2
5,20,0.78,0.968,8,2
5,18,0.64,0.968,8,2
5,18,0.66,0.968,8,2
5,16,0.44,0.968,8,2
5,14,0.32,0.968,8,2
25,40,0.78,0.968,8,3
25,38,0.78,0.968,8,3
25,36,0.76,0.968,8,3
20,60,0.9,0.968,8,3
20,42,0.86,0.968,8,3
10,76,0.98,0.968,8,3
10,60,0.9400000000000001,0.968,8,3
25,12,0.16,0.968,8,4
20,56,0.88,0.968,8,4
10,78,0.98,0.968,8,4
10,12,0.16,0.968,8,4
10,12,0.18,0.968,8,4
5,12,0.18,0.968,8,4
25,56,0.84,0.968,8,5
20,66,0.9,0.968,8,5
20,64,0.9,0.968,8,5
20,62,0.9,0.968,8,5
20,58,0.88,0.968,8,5
20,12,0.16,0.968,8,5
15,12,0.16,0.968,8,5
10,80,0.98,0.968,8,5
25,62,0.84,0.968,8,6
25,60,0.84,0.968,8,6
25,58,0.84,0.968,8,6
20,68,0.9,0.968,8,6
20,60,0.88,0.968,8,6
10,82,0.98,0.968,8,6
25,10,0.08,0.968,8,7
25,10,0.1,0.968,8,7
20,80,0.92,0.968,8,7
20,78,0.92,0.968,8,7
20,76,0.92,0.968,8,7
20,10,0.1,0.968,8,7
20,86,0.92,0.968,8,8
20,84,0.92,0.968,8,8
20,82,0.92,0.968,8,8
15,92,0.96,0.968,8,8
15,90,0.96,0.968,8,8
15,78,0.9400000000000001,0.968,8,8
15,76,0.9400000000000001,0.968,8,8
15,74,0.9400000000000001,0.968,8,8
20,88,0.92,0.968,8,9
20,10,0.08,0.968,8,9
15,94,0.96,0.968,8,9
15,10,0.08,0.968,8,9
10,10,0.08,0.968,8,9
5,10,0.08,0.968,8,9
25,10,0.06,0.968,8,10
20,90,0.92,0.968,8,10
20,10,0.06,0.968,8,10
15,98,0.96,0.968,8,10
15,96,0.96,0.968,8,10
15,10,0.06,0.968,8,10
20,94,0.92,0.968,8,11
20,92,0.92,0.968,8,11
15,100,0.96,0.968,8,11
10,10,0.06,0.968,8,11
5,10,0.06,0.968,8,11
25,84,0.86,0.968,8,12
20,100,0.92,0.968,8,12
20,98,0.92,0.968,8,12
20,96,0.92,0.968,8,12
25,90,0.86,0.968,8,13
25,88,0.86,0.968,8,13
25,86,0.86,0.968,8,13
10,10,0.04,0.968,8,13
25,94,0.86,0.968,8,14
25,92,0.86,0.968,8,14
15,10,0.04,0.968,8,15
25,8,0.02,0.968,8,25
15,8,0.02,0.968,8,25
20,8,0.02,0.968,8,26
10,8,0.02,0.968,8,26
15,6,0.0,0.968,8,163
25,44,0.8200000000000001,0.964,9,2
25,40,0.8,0.964,9,2
25,38,0.8,0.964,9,2
25,30,0.76,0.964,9,2
25,26,0.74,0.964,9,2
25,24,0.74,0.964,9,2
25,20,0.68,0.964,9,2
25,20,0.7000000000000001,0.964,9,2
25,20,0.72,0.964,9,2
25,18,0.58,0.964,9,2
25,18,0.6,0.964,9,2
25,16,0.48,0.964,9,2
25,16,0.5,0.964,9,2
20,38,0.86,0.964,9,2
20,32,0.84,0.964,9,2
20,30,0.84,0.964,9,2
20,28,0.84,0.964,9,2
20,24,0.8,0.964,9,2
20,24,0.8200000000000001,0.964,9,2
20,22,0.74,0.964,9,2
20,22,0.76,0.964,9,2
20,22,0.78,0.964,9,2
20,20,0.7000000000000001,0.964,9,2
20,20,0.72,0.964,9,2
20,20,0.74,0.964,9,2
20,20,0.76,0.964,9,2
20,20,0.78,0.964,9,2
20,16,0.46,0.964,9,2
20,16,0.48,0.964,9,2
20,16,0.5,0.964,9,2
20,16,0.52,0.964,9,2
15,32,0.9,0.964,9,2
15,24,0.88,0.964,9,2
15,22,0.86,0.964,9,2
15,20,0.8,0.964,9,2
15,18,0.66,0.964,9,2
15,16,0.44,0.964,9,2
15,16,0.46,0.964,9,2
15,16,0.48,0.964,9,2
15,16,0.5,0.964,9,2
10,74,0.98,0.964,9,2
10,58,0.96,0.964,9,2
10,56,0.96,0.964,9,2
10,46,0.9400000000000001,0.964,9,2
10,44,0.9400000000000001,0.964,9,2
10,42,0.9400000000000001,0.964,9,2
10,40,0.9400000000000001,0.964,9,2
10,38,0.9400000000000001,0.964,9,2
10,36,0.9400000000000001,0.964,9,2
10,22,0.88,0.964,9,2
10,22,0.9,0.964,9,2
10,22,0.92,0.964,9,2
10,20,0.84,0.964,9,2
10,20,0.86,0.964,9,2
10,20,0.88,0.964,9,2
10,16,0.44,0.964,9,2
10,16,0.46,0.964,9,2
10,16,0.48,0.964,9,2
10,16,0.5,0.964,9,2
10,14,0.32,0.964,9,2
5,64,0.96,0.964,9,2
5,62,0.96,0.964,9,2
5,60,0.96,0.964,9,2
5,58,0.9400000000000001,0.964,9,2
5,58,0.96,0.964,9,2
5,56,0.9400000000000001,0.964,9,2
5,56,0.96,0.964,9,2
5,24,0.92,0.964,9,2
5,22,0.88,0.964,9,2
5,20,0.8,0.964,9,2
5,20,0.8200000000000001,0.964,9,2
5,20,0.84,0.964,9,2
5,20,0.86,0.964,9,2
5,20,0.88,0.964,9,2
5,18,0.68,0.964,9,2
5,16,0.46,0.964,9,2
5,16,0.48,0.964,9,2
5,14,0.34,0.964,9,2
5,14,0.36,0.964,9,2
25,46,0.8200000000000001,0.964,9,3
20,58,0.9,0.964,9,3
20,56,0.9,0.964,9,3
20,48,0.88,0.964,9,3
20,46,0.88,0.964,9,3
25,54,0.84,0.964,9,4
25,12,0.18,0.964,9,4
20,54,0.88,0.964,9,4
20,52,0.88,0.964,9,4
20,50,0.88,0.964,9,4
20,12,0.18,0.964,9,4
15,66,0.9400000000000001,0.964,9,4
10,12,0.2,0.964,9,4
5,12,0.2,0.964,9,4
5,10,0.14,0.964,9,4
25,10,0.12,0.964,9,5
20,10,0.12,0.964,9,5
15,12,0.18,0.964,9,5
15,68,0.9400000000000001,0.964,9,6
15,10,0.12,0.964,9,6
10,10,0.12,0.964,9,6
20,74,0.92,0.964,9,7
15,72,0.9400000000000001,0.964,9,7
15,70,0.9400000000000001,0.964,9,7
15,10,0.1,0.964,9,7
5,10,0.12,0.964,9,7
15,88,0.96,0.964,9,8
15,86,0.96,0.964,9,8
15,84,0.96,0.964,9,8
15,82,0.96,0.964,9,8
15,80,0.96,0.964,9,8
15,78,0.96,0.964,9,8
5,10,0.1,0.964,9,8
10,10,0.1,0.964,9,9
25,74,0.86,0.964,9,10
25,72,0.86,0.964,9,10
25,70,0.86,0.964,9,10
25,76,0.86,0.964,9,11
25,82,0.86,0.964,9,12
25,80,0.86,0.964,9,12
25,78,0.86,0.964,9,12
25,100,0.88,0.964,9,15
5,6,0.0,0.964,9,145
15,4,0.0,0.964,9,150
10,6,0.0,0.964,9,155
25,36,0.8,0.96,10,1
20,46,0.9,0.96,10,1
20,44,0.9,0.96,10,1
25,30,0.78,0.96,10,2
25,28,0.76,0.96,10,2
25,26,0.76,0.96,10,2
25,24,0.76,0.96,10,2
25,18,0.62,0.96,10,2
25,18,0.64,0.96,10,2
25,16,0.52,0.96,10,2
25,14,0.34,0.96,10,2
25,14,0.36,0.96,10,2
25,14,0.38,0.96,10,2
25,14,0.4,0.96,10,2
25,14,0.42,0.96,10,2
20,50,0.9,0.96,10,2
20,48,0.9,0.96,10,2
20,42,0.88,0.96,10,2
20,36,0.86,0.96,10,2
20,34,0.86,0.96,10,2
20,26,0.84,0.96,10,2
20,22,0.8,0.96,10,2
20,22,0.8200000000000001,0.96,10,2
20,18,0.66,0.96,10,2
20,14,0.34,0.96,10,2
20,14,0.36,0.96,10,2
20,14,0.38,0.96,10,2
20,14,0.4,0.96,10,2
20,14,0.42,0.96,10,2
15,34,0.92,0.96,10,2
15,30,0.9,0.96,10,2
15,28,0.9,0.96,10,2
15,26,0.9,0.96,10,2
15,22,0.88,0.96,10,2
15,20,0.8200000000000001,0.96,10,2
15,18,0.68,0.96,10,2
15,18,0.7000000000000001,0.96,10,2
15,18,0.72,0.96,10,2
15,18,0.74,0.96,10,2
15,18,0.76,0.96,10,2
15,16,0.52,0.96,10,2
15,14,0.34,0.96,10,2
15,14,0.36,0.96,10,2
15,14,0.38,0.96,10,2
15,14,0.4,0.96,10,2
15,14,0.42,0.96,10,2
10,72,0.98,0.96,10,2
10,54,0.96,0.96,10,2
10,52,0.96,0.96,10,2
10,50,0.96,0.96,10,2
10,34,0.9400000000000001,0.96,10,2
10,20,0.9,0.96,10,2
10,20,0.92,0.96,10,2
10,18,0.68,0.96,10,2
10,18,0.7000000000000001,0.96,10,2
10,18,0.72,0.96,10,2
10,18,0.74,0.96,10,2
10,18,0.76,0.96,10,2
10,16,0.52,0.96,10,2
10,14,0.34,0.96,10,2
10,14,0.36,0.96,10,2
10,14,0.38,0.96,10,2
10,14,0.4,0.96,10,2
5,68,0.98,0.96,10,2
5,66,0.98,0.96,10,2
5,64,0.98,0.96,10,2
5,62,0.98,0.96,10,2
5,60,0.98,0.96,10,2
5,58,0.98,0.96,10,2
5,54,0.9400000000000001,0.96,10,2
5,54,0.96,0.96,10,2
5,52,0.9400000000000001,0.96,10,2
5,52,0.96,0.96,10,2
5,50,0.9400000000000001,0.96,10,2
5,50,0.96,0.96,10,2
5,48,0.9400000000000001,0.96,10,2
5,48,0.96,0.96,10,2
5,46,0.9400000000000001,0.96,10,2
5,46,0.96,0.96,10,2
5,44,0.9400000000000001,0.96,10,2
5,42,0.9400000000000001,0.96,10,2
5,40,0.9400000000000001,0.96,10,2
5,38,0.9400000000000001,0.96,10,2
5,36,0.9400000000000001,0.96,10,2
5,22,0.9,0.96,10,2
5,20,0.9,0.96,10,2
5,18,0.7000000000000001,0.96,10,2
5,18,0.72,0.96,10,2
5,18,0.74,0.96,10,2
5,16,0.5,0.96,10,2
5,16,0.52,0.96,10,2
5,14,0.38,0.96,10,2
5,14,0.4,0.96,10,2
5,12,0.24,0.96,10,2
25,52,0.84,0.96,10,3
25,12,0.2,0.96,10,3
20,54,0.9,0.96,10,3
20,52,0.9,0.96,10,3
20,44,0.88,0.96,10,3
20,12,0.2,0.96,10,3
10,12,0.22,0.96,10,3
20,64,0.92,0.96,10,4
15,12,0.2,0.96,10,4
10,10,0.14,0.96,10,4
5,12,0.22,0.96,10,4
20,68,0.92,0.96,10,5
20,66,0.92,0.96,10,5
15,10,0.14,0.96,10,5
20,70,0.92,0.96,10,6
15,98,0.98,0.96,10,6
25,64,0.86,0.96,10,7
20,72,0.92,0.96,10,7
15,100,0.98,0.96,10,7
25,66,0.86,0.96,10,8
15,76,0.96,0.96,10,8
25,80,0.88,0.96,10,10
25,68,0.86,0.96,10,10
25,86,0.88,0.96,10,12
25,84,0.88,0.96,10,12
25,82,0.88,0.96,10,12
25,8,0.04,0.96,10,12
25,96,0.88,0.96,10,13
25,94,0.88,0.96,10,13
25,92,0.88,0.96,10,13
25,90,0.88,0.96,10,13
25,88,0.88,0.96,10,13
25,98,0.88,0.96,10,14
5,8,0.02,0.96,10,29
5,4,0.0,0.96,10,136
10,4,0.0,0.96,10,142
25,38,0.8200000000000001,0.956,11,1
25,34,0.8,0.956,11,1
20,42,0.9,0.956,11,1
20,40,0.9,0.956,11,1
25,42,0.8200000000000001,0.956,11,2
25,40,0.8200000000000001,0.956,11,2
25,28,0.78,0.956,11,2
25,22,0.74,0.956,11,2
25,20,0.74,0.956,11,2
25,18,0.66,0.956,11,2
25,14,0.44,0.956,11,2
25,12,0.24,0.956,11,2
25,12,0.26,0.956,11,2
20,40,0.88,0.956,11,2
20,38,0.88,0.956,11,2
20,36,0.88,0.956,11,2
20,32,0.86,0.956,11,2
20,30,0.86,0.956,11,2
20,24,0.84,0.956,11,2
20,20,0.8,0.956,11,2
20,18,0.68,0.956,11,2
20,16,0.54,0.956,11,2
20,16,0.56,0.956,11,2
20,16,0.58,0.956,11,2
20,12,0.24,0.956,11,2
20,12,0.26,0.956,11,2
15,32,0.92,0.956,11,2
15,24,0.9,0.956,11,2
15,20,0.84,0.956,11,2
15,20,0.86,0.956,11,2
15,20,0.88,0.956,11,2
15,18,0.78,0.956,11,2
15,16,0.54,0.956,11,2
15,16,0.56,0.956,11,2
15,12,0.24,0.956,11,2
15,12,0.26,0.956,11,2
10,70,0.98,0.956,11,2
10,68,0.98,0.956,11,2
10,48,0.96,0.956,11,2
10,32,0.9400000000000001,0.956,11,2
10,30,0.9400000000000001,0.956,11,2
10,28,0.9400000000000001,0.956,11,2
10,26,0.9400000000000001,0.956,11,2
10,18,0.78,0.956,11,2
10,18,0.8,0.956,11,2
10,18,0.8200000000000001,0.956,11,2
10,16,0.54,0.956,11,2
10,16,0.56,0.956,11,2
10,14,0.42,0.956,11,2
10,12,0.24,0.956,11,2
5,56,0.98,0.956,11,2
5,44,0.96,0.956,11,2
5,42,0.96,0.956,11,2
5,34,0.9400000000000001,0.956,11,2
5,22,0.92,0.956,11,2
5,16,0.54,0.956,11,2
5,16,0.56,0.956,11,2
5,16,0.58,0.956,11,2
5,12,0.26,0.956,11,2
5,12,0.28,0.956,11,2
5,12,0.3,0.956,11,2
25,50,0.84,0.956,11,3
25,12,0.22,0.956,11,3
20,12,0.22,0.956,11,3
15,12,0.22,0.956,11,3
25,62,0.86,0.956,11,6
15,96,0.98,0.956,11,6
25,78,0.88,0.956,11,10
20,100,0.9400000000000001,0.956,11,10
20,98,0.9400000000000001,0.956,11,10
25,36,0.8200000000000001,0.952,12,1
25,34,0.8200000000000001,0.952,12,1
25,32,0.8,0.952,12,1
25,30,0.8,0.952,12,1
20,38,0.9,0.952,12,1
20,36,0.9,0.952,12,1
25,26,0.78,0.952,12,2
25,22,0.76,0.952,12,2
25,20,0.76,0.952,12,2
25,18,0.68,0.952,12,2
25,18,0.7000000000000001,0.952,12,2
25,16,0.54,0.952,12,2
25,14,0.46,0.952,12,2
25,14,0.48,0.952,12,2
25,14,0.5,0.952,12,2
25,12,0.28,0.952,12,2
20,28,0.86,0.952,12,2
20,26,0.86,0.952,12,2
20,22,0.84,0.952,12,2
20,18,0.7000000000000001,0.952,12,2
20,18,0.72,0.952,12,2
20,18,0.74,0.952,12,2
20,18,0.76,0.952,12,2
20,16,0.6,0.952,12,2
20,16,0.62,0.952,12,2
20,14,0.44,0.952,12,2
20,14,0.46,0.952,12,2
20,14,0.48,0.952,12,2
20,14,0.5,0.952,12,2
20,14,0.52,0.952,12,2
20,12,0.28,0.952,12,2
20,12,0.3,0.952,12,2
15,30,0.92,0.952,12,2
15,28,0.92,0.952,12,2
15,18,0.8,0.952,12,2
15,16,0.58,0.952,12,2
15,16,0.6,0.952,12,2
15,16,0.62,0.952,12,2
15,16,0.64,0.952,12,2
15,16,0.66,0.952,12,2
15,16,0.68,0.952,12,2
15,14,0.44,0.952,12,2
15,14,0.46,0.952,12,2
15,14,0.48,0.952,12,2
15,14,0.5,0.952,12,2
15,14,0.52,0.952,12,2
15,12,0.28,0.952,12,2
15,12,0.3,0.952,12,2
10,66,0.98,0.952,12,2
10,46,0.96,0.952,12,2
10,44,0.96,0.952,12,2
10,24,0.9400000000000001,0.952,12,2
10,18,0.84,0.952,12,2
10,16,0.58,0.952,12,2
10,16,0.6,0.952,12,2
10,16,0.62,0.952,12,2
10,16,0.64,0.952,12,2
10,16,0.66,0.952,12,2
10,16,0.68,0.952,12,2
10,14,0.44,0.952,12,2
10,14,0.46,0.952,12,2
10,14,0.48,0.952,12,2
10,14,0.5,0.952,12,2
10,14,0.52,0.952,12,2
10,12,0.26,0.952,12,2
10,12,0.28,0.952,12,2
10,12,0.3,0.952,12,2
5,54,0.98,0.952,12,2
5,40,0.96,0.952,12,2
5,38,0.96,0.952,12,2
5,36,0.96,0.952,12,2
5,32,0.9400000000000001,0.952,12,2
5,30,0.9400000000000001,0.952,12,2
5,28,0.9400000000000001,0.952,12,2
5,26,0.9400000000000001,0.952,12,2
5,18,0.76,0.952,12,2
5,18,0.78,0.952,12,2
5,18,0.8,0.952,12,2
5,18,0.8200000000000001,0.952,12,2
5,18,0.84,0.952,12,2
5,16,0.6,0.952,12,2
5,16,0.62,0.952,12,2
5,16,0.64,0.952,12,2
5,16,0.66,0.952,12,2
5,14,0.42,0.952,12,2
5,14,0.44,0.952,12,2
5,14,0.46,0.952,12,2
5,14,0.48,0.952,12,2
5,14,0.5,0.952,12,2
5,14,0.52,0.952,12,2
5,12,0.32,0.952,12,2
20,62,0.92,0.952,12,3
20,60,0.92,0.952,12,3
15,70,0.96,0.952,12,3
15,62,0.9400000000000001,0.952,12,3
25,10,0.14,0.952,12,4
15,64,0.9400000000000001,0.952,12,4
25,58,0.86,0.952,12,5
20,10,0.14,0.952,12,5
15,72,0.96,0.952,12,5
25,60,0.86,0.952,12,6
15,94,0.98,0.952,12,6
15,92,0.98,0.952,12,6
25,66,0.88,0.952,12,7
15,74,0.96,0.952,12,7
25,72,0.88,0.952,12,8
25,70,0.88,0.952,12,8
25,68,0.88,0.952,12,8
25,74,0.88,0.952,12,9
25,8,0.06,0.952,12,9
20,94,0.9400000000000001,0.952,12,9
20,92,0.9400000000000001,0.952,12,9
20,90,0.9400000000000001,0.952,12,9
20,8,0.06,0.952,12,9
15,8,0.06,0.952,12,9
10,8,0.06,0.952,12,9
5,8,0.06,0.952,12,9
25,76,0.88,0.952,12,10
20,96,0.9400000000000001,0.952,12,10
15,8,0.04,0.952,12,10
10,8,0.04,0.952,12,10
20,8,0.04,0.952,12,11
25,100,0.9,0.952,12,12
25,98,0.9,0.952,12,12
5,8,0.04,0.952,12,12
15,6,0.02,0.952,12,19
10,6,0.02,0.952,12,19
5,6,0.02,0.952,12,20
25,2,0.0,0.952,12,152
25,28,0.8,0.948,13,1
25,26,0.8,0.948,13,1
20,48,0.92,0.948,13,1
20,34,0.9,0.948,13,1
20,32,0.9,0.948,13,1
25,24,0.78,0.948,13,2
25,18,0.72,0.948,13,2
25,16,0.56,0.948,13,2
25,16,0.58,0.948,13,2
25,12,0.3,0.948,13,2
20,54,0.92,0.948,13,2
20,52,0.92,0.948,13,2
20,50,0.92,0.948,13,2
20,34,0.88,0.948,13,2
20,32,0.88,0.948,13,2
20,24,0.86,0.948,13,2
20,20,0.8200000000000001,0.948,13,2
20,18,0.78,0.948,13,2
20,16,0.64,0.948,13,2
15,26,0.92,0.948,13,2
15,18,0.8200000000000001,0.948,13,2
15,18,0.84,0.948,13,2
10,64,0.98,0.948,13,2
10,62,0.98,0.948,13,2
10,60,0.98,0.948,13,2
10,42,0.96,0.948,13,2
10,40,0.96,0.948,13,2
10,38,0.96,0.948,13,2
10,36,0.96,0.948,13,2
10,18,0.86,0.948,13,2
10,12,0.32,0.948,13,2
5,52,0.98,0.948,13,2
5,50,0.98,0.948,13,2
5,48,0.98,0.948,13,2
5,46,0.98,0.948,13,2
5,44,0.98,0.948,13,2
5,42,0.98,0.948,13,2
5,40,0.98,0.948,13,2
5,38,0.98,0.948,13,2
5,34,0.96,0.948,13,2
5,32,0.96,0.948,13,2
5,30,0.96,0.948,13,2
5,20,0.92,0.948,13,2
5,16,0.68,0.948,13,2
25,54,0.86,0.948,13,3
25,48,0.84,0.948,13,3
20,58,0.92,0.948,13,3
20,56,0.92,0.948,13,3
15,68,0.96,0.948,13,3
15,60,0.9400000000000001,0.948,13,3
15,58,0.9400000000000001,0.948,13,3
25,56,0.86,0.948,13,4
10,10,0.16,0.948,13,4
10,10,0.18,0.948,13,4
5,10,0.16,0.948,13,4
5,10,0.18,0.948,13,4
25,64,0.88,0.948,13,5
15,88,0.98,0.948,13,5
15,90,0.98,0.948,13,6
25,76,0.9,0.948,13,7
25,74,0.9,0.948,13,7
25,8,0.08,0.948,13,7
25,82,0.9,0.948,13,8
25,80,0.9,0.948,13,8
25,78,0.9,0.948,13,8
5,8,0.08,0.948,13,8
20,8,0.08,0.948,13,9
15,8,0.08,0.948,13,9
10,8,0.08,0.948,13,9
25,86,0.9,0.948,13,10
25,84,0.9,0.948,13,10
25,88,0.9,0.948,13,11
25,96,0.9,0.948,13,12
25,94,0.9,0.948,13,12
25,92,0.9,0.948,13,12
25,90,0.9,0.948,13,12
20,6,0.02,0.948,13,19
20,2,0.0,0.948,13,146
25,38,0.84,0.944,14,1
25,36,0.84,0.944,14,1
25,32,0.8200000000000001,0.944,14,1
25,30,0.8200000000000001,0.944,14,1
25,28,0.8200000000000001,0.944,14,1
20,46,0.92,0.944,14,1
20,44,0.92,0.944,14,1
20,42,0.92,0.944,14,1
20,40,0.92,0.944,14,1
20,30,0.88,0.944,14,1
20,28,0.88,0.944,14,1
20,26,0.88,0.944,14,1
25,46,0.84,0.944,14,2
25,44,0.84,0.944,14,2
25,42,0.84,0.944,14,2
25,40,0.84,0.944,14,2
25,22,0.78,0.944,14,2
25,16,0.6,0.944,14,2
25,16,0.62,0.944,14,2
25,14,0.52,0.944,14,2
25,12,0.32,0.944,14,2
20,22,0.86,0.944,14,2
20,20,0.84,0.944,14,2
20,16,0.66,0.944,14,2
20,16,0.68,0.944,14,2
20,14,0.54,0.944,14,2
20,12,0.32,0.944,14,2
15,56,0.9400000000000001,0.944,14,2
15,54,0.9400000000000001,0.944,14,2
15,24,0.92,0.944,14,2
15,22,0.9,0.944,14,2
15,20,0.9,0.944,14,2
15,18,0.86,0.944,14,2
15,16,0.7000000000000001,0.944,14,2
15,16,0.72,0.944,14,2
15,14,0.54,0.944,14,2
15,14,0.56,0.944,14,2
15,12,0.32,0.944,14,2
10,58,0.98,0.944,14,2
10,34,0.96,0.944,14,2
10,22,0.9400000000000001,0.944,14,2
10,18,0.88,0.944,14,2
10,16,0.7000000000000001,0.944,14,2
10,14,0.54,0.944,14,2
5,36,0.98,0.944,14,2
5,34,0.98,0.944,14,2
5,32,0.98,0.944,14,2
5,28,0.96,0.944,14,2
5,26,0.96,0.944,14,2
5,24,0.9400000000000001,0.944,14,2
5,18,0.86,0.944,14,2
5,16,0.7000000000000001,0.944,14,2
5,14,0.54,0.944,14,2
5,12,0.34,0.944,14,2
25,58,0.88,0.944,14,3
25,52,0.86,0.944,14,3
5,10,0.2,0.944,14,3
25,10,0.16,0.944,14,4
20,10,0.16,0.944,14,4
20,10,0.18,0.944,14,4
15,10,0.18,0.944,14,4
10,8,0.12,0.944,14,4
25,62,0.88,0.944,14,5
25,60,0.88,0.944,14,5
15,86,0.98,0.944,14,5
15,84,0.98,0.944,14,5
15,10,0.16,0.944,14,5
15,8,0.12,0.944,14,5
5,8,0.12,0.944,14,5
25,68,0.9,0.944,14,6
20,8,0.1,0.944,14,6
15,8,0.1,0.944,14,6
25,72,0.9,0.944,14,7
25,70,0.9,0.944,14,7
20,84,0.9400000000000001,0.944,14,7
20,88,0.9400000000000001,0.944,14,8
20,86,0.9400000000000001,0.944,14,8
10,8,0.1,0.944,14,8
5,8,0.1,0.944,14,8
25,6,0.04,0.944,14,11
20,6,0.04,0.944,14,11
25,6,0.02,0.944,14,17
15,2,0.0,0.944,14,139
25,34,0.84,0.94,15,1
25,26,0.8200000000000001,0.94,15,1
25,24,0.8,0.94,15,1
20,30,0.9,0.94,15,1
20,28,0.9,0.94,15,1
20,26,0.9,0.94,15,1
20,24,0.88,0.94,15,1
25,46,0.86,0.94,15,2
25,44,0.86,0.94,15,2
25,42,0.86,0.94,15,2
25,20,0.78,0.94,15,2
25,18,0.74,0.94,15,2
25,12,0.34,0.94,15,2
25,12,0.36,0.94,15,2
20,18,0.8,0.94,15,2
20,14,0.56,0.94,15,2
20,14,0.58,0.94,15,2
20,14,0.6,0.94,15,2
20,12,0.34,0.94,15,2
20,12,0.36,0.94,15,2
20,12,0.38,0.94,15,2
20,12,0.4,0.94,15,2
15,66,0.96,0.94,15,2
15,52,0.9400000000000001,0.94,15,2
15,50,0.9400000000000001,0.94,15,2
15,48,0.9400000000000001,0.94,15,2
15,46,0.9400000000000001,0.94,15,2
15,44,0.9400000000000001,0.94,15,2
15,42,0.9400000000000001,0.94,15,2
15,16,0.74,0.94,15,2
15,16,0.76,0.94,15,2
15,14,0.58,0.94,15,2
15,14,0.6,0.94,15,2
15,14,0.62,0.94,15,2
15,14,0.64,0.94,15,2
15,14,0.66,0.94,15,2
15,12,0.34,0.94,15,2
15,12,0.36,0.94,15,2
15,12,0.38,0.94,15,2
15,12,0.4,0.94,15,2
15,12,0.42,0.94,15,2
15,12,0.44,0.94,15,2
15,10,0.22,0.94,15,2
10,56,0.98,0.94,15,2
10,32,0.96,0.94,15,2
10,18,0.9,0.94,15,2
10,16,0.72,0.94,15,2
10,16,0.74,0.94,15,2
10,16,0.76,0.94,15,2
10,16,0.78,0.94,15,2
10,16,0.8,0.94,15,2
10,14,0.56,0.94,15,2
10,14,0.58,0.94,15,2
10,14,0.6,0.94,15,2
10,14,0.62,0.94,15,2
10,14,0.64,0.94,15,2
10,14,0.66,0.94,15,2
10,14,0.68,0.94,15,2
10,14,0.7000000000000001,0.94,15,2
10,12,0.34,0.94,15,2
10,12,0.36,0.94,15,2
10,12,0.38,0.94,15,2
10,12,0.4,0.94,15,2
10,12,0.42,0.94,15,2
10,12,0.44,0.94,15,2
10,12,0.46,0.94,15,2
10,10,0.22,0.94,15,2
5,30,0.98,0.94,15,2
5,28,0.98,0.94,15,2
5,18,0.88,0.94,15,2
5,16,0.72,0.94,15,2
5,16,0.74,0.94,15,2
5,14,0.56,0.94,15,2
5,14,0.58,0.94,15,2
5,14,0.6,0.94,15,2
5,14,0.62,0.94,15,2
5,14,0.64,0.94,15,2
5,14,0.66,0.94,15,2
5,14,0.68,0.94,15,2
5,14,0.7000000000000001,0.94,15,2
5,12,0.36,0.94,15,2
5,12,0.38,0.94,15,2
5,12,0.4,0.94,15,2
5,12,0.42,0.94,15,2
5,12,0.44,0.94,15,2
5,12,0.46,0.94,15,2
5,10,0.22,0.94,15,2
25,56,0.88,0.94,15,3
25,50,0.86,0.94,15,3
25,48,0.86,0.94,15,3
20,10,0.2,0.94,15,3
15,10,0.2,0.94,15,3
25,10,0.18,0.94,15,4
25,8,0.12,0.94,15,4
10,10,0.2,0.94,15,4
20,8,0.12,0.94,15,5
15,82,0.98,0.94,15,5
25,8,0.1,0.94,15,6
20,82,0.9400000000000001,0.94,15,7
20,80,0.9400000000000001,0.94,15,7
20,78,0.9400000000000001,0.94,15,7
20,76,0.9400000000000001,0.94,15,7
20,74,0.9400000000000001,0.94,15,7
15,6,0.06,0.94,15,9
10,6,0.06,0.94,15,9
15,6,0.04,0.94,15,10
10,6,0.04,0.94,15,10
5,6,0.04,0.94,15,11
25,100,0.92,0.94,15,12
25,98,0.92,0.94,15,12
25,96,0.92,0.94,15,12
10,2,0.0,0.94,15,132
25,40,0.86,0.936,16,1
25,38,0.86,0.936,16,1
20,24,0.9,0.936,16,1
20,22,0.88,0.936,16,1
25,18,0.76,0.936,16,2
25,16,0.64,0.936,16,2
25,16,0.66,0.936,16,2
25,16,0.68,0.936,16,2
25,16,0.7000000000000001,0.936,16,2
25,14,0.54,0.936,16,2
25,12,0.38,0.936,16,2
25,12,0.4,0.936,16,2
25,12,0.42,0.936,16,2
25,12,0.44,0.936,16,2
25,12,0.46,0.936,16,2
25,12,0.48,0.936,16,2
25,12,0.5,0.936,16,2
25,10,0.22,0.936,16,2
20,18,0.8200000000000001,0.936,16,2
20,16,0.7000000000000001,0.936,16,2
20,14,0.62,0.936,16,2
20,12,0.42,0.936,16,2
20,12,0.44,0.936,16,2
20,12,0.46,0.936,16,2
20,12,0.48,0.936,16,2
20,10,0.22,0.936,16,2
15,76,0.98,0.936,16,2
15,64,0.96,0.936,16,2
15,62,0.96,0.936,16,2
15,60,0.96,0.936,16,2
15,58,0.96,0.936,16,2
15,56,0.96,0.936,16,2
15,40,0.9400000000000001,0.936,16,2
15,38,0.9400000000000001,0.936,16,2
15,36,0.9400000000000001,0.936,16,2
15,22,0.92,0.936,16,2
15,20,0.92,0.936,16,2
15,16,0.78,0.936,16,2
15,14,0.68,0.936,16,2
15,14,0.7000000000000001,0.936,16,2
15,12,0.46,0.936,16,2
15,12,0.48,0.936,16,2
10,54,0.98,0.936,16,2
10,52,0.98,0.936,16,2
10,10,0.24,0.936,16,2
5,24,0.96,0.936,16,2
5,22,0.9400000000000001,0.936,16,2
5,16,0.76,0.936,16,2
5,16,0.78,0.936,16,2
5,16,0.8,0.936,16,2
5,10,0.24,0.936,16,2
5,10,0.26,0.936,16,2
25,60,0.9,0.936,16,3
25,54,0.88,0.936,16,3
25,52,0.88,0.936,16,3
25,50,0.88,0.936,16,3
25,10,0.2,0.936,16,3
15,78,0.98,0.936,16,3
20,8,0.14,0.936,16,4
10,8,0.14,0.936,16,4
10,8,0.16,0.936,16,4
5,8,0.14,0.936,16,4
25,66,0.9,0.936,16,5
25,64,0.9,0.936,16,5
25,62,0.9,0.936,16,5
15,80,0.98,0.936,16,5
15,8,0.14,0.936,16,5
20,90,0.96,0.936,16,7
20,72,0.9400000000000001,0.936,16,7
25,6,0.06,0.936,16,8
20,94,0.96,0.936,16,8
20,92,0.96,0.936,16,8
5,6,0.06,0.936,16,8
20,98,0.96,0.936,16,9
20,96,0.96,0.936,16,9
20,6,0.06,0.936,16,9
20,100,0.96,0.936,16,10
25,42,0.88,0.932,17,1
25,40,0.88,0.932,17,1
25,36,0.86,0.932,17,1
25,32,0.84,0.932,17,1
25,30,0.84,0.932,17,1
25,28,0.84,0.932,17,1
25,24,0.8200000000000001,0.932,17,1
25,22,0.8,0.932,17,1
25,20,0.8,0.932,17,1
20,38,0.92,0.932,17,1
20,20,0.88,0.932,17,1
15,74,0.98,0.932,17,1
25,48,0.88,0.932,17,2
25,46,0.88,0.932,17,2
25,44,0.88,0.932,17,2
25,10,0.24,0.932,17,2
25,10,0.26,0.932,17,2
20,20,0.86,0.932,17,2
20,16,0.72,0.932,17,2
20,14,0.64,0.932,17,2
20,10,0.24,0.932,17,2
20,10,0.26,0.932,17,2
15,54,0.96,0.932,17,2
15,52,0.96,0.932,17,2
15,50,0.96,0.932,17,2
15,34,0.9400000000000001,0.932,17,2
15,18,0.88,0.932,17,2
15,16,0.8,0.932,17,2
15,14,0.72,0.932,17,2
15,10,0.24,0.932,17,2
10,30,0.96,0.932,17,2
10,28,0.96,0.932,17,2
10,14,0.72,0.932,17,2
10,12,0.48,0.932,17,2
5,22,0.96,0.932,17,2
5,12,0.48,0.932,17,2
5,10,0.28,0.932,17,2
5,10,0.3,0.932,17,2
5,10,0.32,0.932,17,2
25,58,0.9,0.932,17,3
5,8,0.18,0.932,17,3
25,8,0.14,0.932,17,4
15,8,0.16,0.932,17,4
5,8,0.16,0.932,17,4
20,6,0.08,0.932,17,6
25,86,0.92,0.932,17,8
25,84,0.92,0.932,17,8
25,90,0.92,0.932,17,9
25,88,0.92,0.932,17,9
25,92,0.92,0.932,17,10
25,94,0.92,0.932,17,11
5,2,0.0,0.932,17,121
25,38,0.88,0.928,18,1
25,34,0.86,0.928,18,1
25,32,0.86,0.928,18,1
25,30,0.86,0.928,18,1
25,26,0.84,0.928,18,1
25,24,0.84,0.928,18,1
25,22,0.8200000000000001,0.928,18,1
20,36,0.92,0.928,18,1
20,34,0.92,0.928,18,1
20,22,0.9,0.928,18,1
15,72,0.98,0.928,18,1
15,70,0.98,0.928,18,1
15,68,0.98,0.928,18,1
25,16,0.72,0.928,18,2
25,14,0.56,0.928,18,2
25,14,0.58,0.928,18,2
25,14,0.6,0.928,18,2
25,14,0.62,0.928,18,2
25,14,0.64,0.928,18,2
25,14,0.66,0.928,18,2
25,14,0.68,0.928,18,2
25,14,0.7000000000000001,0.928,18,2
25,10,0.28,0.928,18,2
25,10,0.3,0.928,18,2
25,10,0.32,0.928,18,2
25,10,0.34,0.928,18,2
20,18,0.84,0.928,18,2
20,16,0.74,0.928,18,2
20,16,0.76,0.928,18,2
20,16,0.78,0.928,18,2
20,14,0.66,0.928,18,2
20,14,0.68,0.928,18,2
20,14,0.7000000000000001,0.928,18,2
20,12,0.5,0.928,18,2
20,12,0.52,0.928,18,2
20,12,0.54,0.928,18,2
20,12,0.56,0.928,18,2
20,12,0.58,0.928,18,2
20,10,0.28,0.928,18,2
20,10,0.3,0.928,18,2
20,10,0.32,0.928,18,2
20,10,0.34,0.928,18,2
15,48,0.96,0.928,18,2
15,46,0.96,0.928,18,2
15,44,0.96,0.928,18,2
15,42,0.96,0.928,18,2
15,32,0.9400000000000001,0.928,18,2
15,30,0.9400000000000001,0.928,18,2
15,28,0.9400000000000001,0.928,18,2
15,26,0.9400000000000001,0.928,18,2
15,14,0.74,0.928,18,2
15,12,0.5,0.928,18,2
15,12,0.52,0.928,18,2
15,12,0.54,0.928,18,2
15,12,0.56,0.928,18,2
15,10,0.26,0.928,18,2
15,10,0.28,0.928,18,2
15,10,0.3,0.928,18,2
15,10,0.32,0.928,18,2
15,10,0.34,0.928,18,2
10,50,0.98,0.928,18,2
10,48,0.98,0.928,18,2
10,46,0.98,0.928,18,2
10,44,0.98,0.928,18,2
10,20,0.9400000000000001,0.928,18,2
10,16,0.8200000000000001,0.928,18,2
10,16,0.84,0.928,18,2
10,14,0.74,0.928,18,2
10,12,0.5,0.928,18,2
10,12,0.52,0.928,18,2
10,12,0.54,0.928,18,2
10,12,0.56,0.928,18,2
10,10,0.26,0.928,18,2
10,10,0.28,0.928,18,2
10,10,0.3,0.928,18,2
10,10,0.32,0.928,18,2
10,10,0.34,0.928,18,2
5,26,0.98,0.928,18,2
5,16,0.8200000000000001,0.928,18,2
5,14,0.72,0.928,18,2
5,12,0.5,0.928,18,2
5,12,0.52,0.928,18,2
5,12,0.54,0.928,18,2
5,12,0.56,0.928,18,2
5,10,0.34,0.928,18,2
5,10,0.36,0.928,18,2
5,8,0.22,0.928,18,2
5,8,0.24,0.928,18,2
5,8,0.26,0.928,18,2
5,8,0.28,0.928,18,2
25,56,0.9,0.928,18,3
25,54,0.9,0.928,18,3
25,52,0.9,0.928,18,3
10,8,0.18,0.928,18,3
5,8,0.2,0.928,18,3
25,8,0.16,0.928,18,4
25,6,0.1,0.928,18,4
20,8,0.16,0.928,18,4
10,6,0.12,0.928,18,4
5,6,0.12,0.928,18,4
10,6,0.1,0.928,18,5
25,6,0.08,0.928,18,6
20,98,0.98,0.928,18,6
15,6,0.1,0.928,18,6
5,6,0.1,0.928,18,6
25,78,0.92,0.928,18,7
25,76,0.92,0.928,18,7
25,74,0.92,0.928,18,7
25,72,0.92,0.928,18,7
20,100,0.98,0.928,18,7
20,88,0.96,0.928,18,7
20,86,0.96,0.928,18,7
20,84,0.96,0.928,18,7
20,82,0.96,0.928,18,7
25,82,0.92,0.928,18,8
25,80,0.92,0.928,18,8
15,6,0.08,0.928,18,8
10,6,0.08,0.928,18,8
5,6,0.08,0.928,18,8
25,100,0.9400000000000001,0.928,18,10
25,98,0.9400000000000001,0.928,18,10
25,36,0.88,0.924,19,1
25,28,0.86,0.924,19,1
25,26,0.86,0.924,19,1
25,24,0.86,0.924,19,1
25,22,0.84,0.924,19,1
20,32,0.92,0.924,19,1
20,20,0.9,0.924,19,1
25,12,0.52,0.924,19,2
25,10,0.36,0.924,19,2
25,10,0.38,0.924,19,2
25,10,0.4,0.924,19,2
25,10,0.42,0.924,19,2
25,8,0.18,0.924,19,2
25,8,0.2,0.924,19,2
25,8,0.22,0.924,19,2
25,8,0.24,0.924,19,2
25,8,0.26,0.924,19,2
25,8,0.28,0.924,19,2
20,16,0.8,0.924,19,2
20,14,0.72,0.924,19,2
20,12,0.6,0.924,19,2
20,12,0.62,0.924,19,2
20,10,0.36,0.924,19,2
20,10,0.38,0.924,19,2
20,10,0.4,0.924,19,2
20,10,0.42,0.924,19,2
20,8,0.2,0.924,19,2
20,8,0.22,0.924,19,2
20,8,0.24,0.924,19,2
20,8,0.26,0.924,19,2
15,40,0.96,0.924,19,2
15,38,0.96,0.924,19,2
15,36,0.96,0.924,19,2
15,24,0.9400000000000001,0.924,19,2
15,16,0.8200000000000001,0.924,19,2
15,16,0.84,0.924,19,2
15,14,0.76,0.924,19,2
15,14,0.78,0.924,19,2
15,12,0.58,0.924,19,2
15,12,0.6,0.924,19,2
15,12,0.62,0.924,19,2
15,10,0.36,0.924,19,2
15,10,0.38,0.924,19,2
15,10,0.4,0.924,19,2
15,10,0.42,0.924,19,2
15,8,0.2,0.924,19,2
15,8,0.22,0.924,19,2
15,8,0.24,0.924,19,2
15,8,0.26,0.924,19,2
10,42,0.98,0.924,19,2
10,40,0.98,0.924,19,2
10,38,0.98,0.924,19,2
10,26,0.96,0.924,19,2
10,18,0.92,0.924,19,2
10,14,0.76,0.924,19,2
10,12,0.58,0.924,19,2
10,12,0.6,0.924,19,2
10,12,0.62,0.924,19,2
10,10,0.36,0.924,19,2
10,10,0.38,0.924,19,2
10,10,0.4,0.924,19,2
10,8,0.22,0.924,19,2
10,8,0.24,0.924,19,2
10,8,0.26,0.924,19,2
5,20,0.9400000000000001,0.924,19,2
5,18,0.9,0.924,19,2
5,16,0.84,0.924,19,2
5,14,0.74,0.924,19,2
5,12,0.58,0.924,19,2
5,12,0.6,0.924,19,2
5,10,0.38,0.924,19,2
5,10,0.4,0.924,19,2
25,50,0.9,0.924,19,3
20,66,0.9400000000000001,0.924,19,3
20,8,0.18,0.924,19,3
15,8,0.18,0.924,19,3
10,8,0.2,0.924,19,3
15,6,0.12,0.924,19,4
25,68,0.92,0.924,19,5
20,70,0.9400000000000001,0.924,19,5
20,68,0.9400000000000001,0.924,19,5
20,6,0.1,0.924,19,5
20,96,0.98,0.924,19,6
25,70,0.92,0.924,19,7
20,80,0.96,0.924,19,7
20,78,0.96,0.924,19,7
25,94,0.9400000000000001,0.924,19,9
25,92,0.9400000000000001,0.924,19,9
25,90,0.9400000000000001,0.924,19,9
25,96,0.9400000000000001,0.924,19,10
25,34,0.88,0.92,20,1
25,32,0.88,0.92,20,1
25,22,0.86,0.92,20,1
20,30,0.92,0.92,20,1
15,66,0.98,0.92,20,1
15,64,0.98,0.92,20,1
15,62,0.98,0.92,20,1
15,60,0.98,0.92,20,1
15,58,0.98,0.92,20,1
25,48,0.9,0.92,20,2
25,46,0.9,0.92,20,2
25,12,0.54,0.92,20,2
25,12,0.56,0.92,20,2
25,12,0.58,0.92,20,2
25,10,0.44,0.92,20,2
25,10,0.46,0.92,20,2
25,10,0.48,0.92,20,2
25,8,0.3,0.92,20,2
20,18,0.86,0.92,20,2
20,14,0.74,0.92,20,2
20,14,0.76,0.92,20,2
20,12,0.64,0.92,20,2
20,10,0.44,0.92,20,2
20,10,0.46,0.92,20,2
20,10,0.48,0.92,20,2
20,10,0.5,0.92,20,2
20,8,0.28,0.92,20,2
20,8,0.3,0.92,20,2
15,34,0.96,0.92,20,2
15,18,0.9,0.92,20,2
15,12,0.64,0.92,20,2
15,12,0.66,0.92,20,2
15,12,0.68,0.92,20,2
15,12,0.7000000000000001,0.92,20,2
15,10,0.44,0.92,20,2
15,10,0.46,0.92,20,2
15,10,0.48,0.92,20,2
15,10,0.5,0.92,20,2
15,8,0.28,0.92,20,2
15,8,0.3,0.92,20,2
10,14,0.78,0.92,20,2
10,12,0.64,0.92,20,2
10,12,0.66,0.92,20,2
10,12,0.68,0.92,20,2
10,10,0.42,0.92,20,2
10,10,0.44,0.92,20,2
10,10,0.46,0.92,20,2
10,10,0.48,0.92,20,2
10,10,0.5,0.92,20,2
10,8,0.28,0.92,20,2
5,20,0.96,0.92,20,2
5,14,0.76,0.92,20,2
5,12,0.62,0.92,20,2
5,12,0.64,0.92,20,2
5,12,0.66,0.92,20,2
5,12,0.68,0.92,20,2
5,10,0.42,0.92,20,2
5,10,0.44,0.92,20,2
5,10,0.46,0.92,20,2
5,10,0.48,0.92,20,2
5,10,0.5,0.92,20,2
5,8,0.3,0.92,20,2
20,64,0.9400000000000001,0.92,20,3
20,62,0.9400000000000001,0.92,20,3
25,6,0.12,0.92,20,4
25,6,0.14,0.92,20,4
20,6,0.12,0.92,20,4
20,6,0.14,0.92,20,4
15,6,0.14,0.92,20,4
10,6,0.14,0.92,20,4
25,66,0.92,0.92,20,5
20,94,0.98,0.92,20,6
25,88,0.9400000000000001,0.92,20,8
25,86,0.9400000000000001,0.92,20,8
25,84,0.9400000000000001,0.92,20,8
20,4,0.02,0.92,20,14
25,44,0.9,0.916,21,1
25,30,0.88,0.916,21,1
25,20,0.8200000000000001,0.916,21,1
25,20,0.84,0.916,21,1
20,28,0.92,0.916,21,1
20,26,0.92,0.916,21,1
25,18,0.78,0.916,21,2
25,16,0.74,0.916,21,2
25,14,0.72,0.916,21,2
25,12,0.6,0.916,21,2
25,12,0.62,0.916,21,2
25,12,0.64,0.916,21,2
25,10,0.5,0.916,21,2
25,10,0.52,0.916,21,2
25,8,0.32,0.916,21,2
20,16,0.8200000000000001,0.916,21,2
20,14,0.78,0.916,21,2
20,10,0.52,0.916,21,2
20,8,0.32,0.916,21,2
15,32,0.96,0.916,21,2
15,22,0.9400000000000001,0.916,21,2
15,16,0.86,0.916,21,2
15,14,0.8,0.916,21,2
15,12,0.72,0.916,21,2
15,10,0.52,0.916,21,2
15,8,0.32,0.916,21,2
10,24,0.96,0.916,21,2
10,16,0.86,0.916,21,2
10,14,0.8,0.916,21,2
10,12,0.7000000000000001,0.916,21,2
10,12,0.72,0.916,21,2
10,10,0.52,0.916,21,2
10,8,0.3,0.916,21,2
5,24,0.98,0.916,21,2
5,18,0.92,0.916,21,2
5,16,0.86,0.916,21,2
5,14,0.78,0.916,21,2
5,14,0.8,0.916,21,2
5,12,0.7000000000000001,0.916,21,2
5,6,0.16,0.916,21,3
5,6,0.14,0.916,21,4
20,72,0.96,0.916,21,5
20,74,0.96,0.916,21,6
20,76,0.96,0.916,21,7
10,4,0.02,0.916,21,12
25,4,0.02,0.916,21,13
15,4,0.02,0.916,21,13
5,4,0.02,0.916,21,13
25,28,0.88,0.912,22,1
25,18,0.8,0.912,22,1
20,24,0.92,0.912,22,1
20,18,0.88,0.912,22,1
15,56,0.98,0.912,22,1
15,28,0.96,0.912,22,1
15,26,0.96,0.912,22,1
25,16,0.76,0.912,22,2
25,14,0.74,0.912,22,2
25,12,0.66,0.912,22,2
25,12,0.68,0.912,22,2
25,12,0.7000000000000001,0.912,22,2
25,8,0.34,0.912,22,2
25,8,0.36,0.912,22,2
25,8,0.38,0.912,22,2
25,8,0.4,0.912,22,2
25,8,0.42,0.912,22,2
25,8,0.44,0.912,22,2
20,70,0.96,0.912,22,2
20,60,0.9400000000000001,0.912,22,2
20,58,0.9400000000000001,0.912,22,2
20,56,0.9400000000000001,0.912,22,2
20,12,0.66,0.912,22,2
20,12,0.68,0.912,22,2
20,12,0.7000000000000001,0.912,22,2
20,10,0.54,0.912,22,2
20,8,0.34,0.912,22,2
20,8,0.36,0.912,22,2
20,8,0.38,0.912,22,2
20,8,0.4,0.912,22,2
20,8,0.42,0.912,22,2
20,8,0.44,0.912,22,2
15,30,0.96,0.912,22,2
15,12,0.74,0.912,22,2
15,12,0.76,0.912,22,2
15,12,0.78,0.912,22,2
15,10,0.54,0.912,22,2
15,8,0.34,0.912,22,2
15,8,0.36,0.912,22,2
15,8,0.38,0.912,22,2
15,8,0.4,0.912,22,2
15,8,0.42,0.912,22,2
10,36,0.98,0.912,22,2
10,34,0.98,0.912,22,2
10,32,0.98,0.912,22,2
10,30,0.98,0.912,22,2
10,16,0.88,0.912,22,2
10,16,0.9,0.912,22,2
10,12,0.74,0.912,22,2
10,12,0.76,0.912,22,2
10,10,0.54,0.912,22,2
10,8,0.32,0.912,22,2
10,8,0.34,0.912,22,2
10,8,0.36,0.912,22,2
10,8,0.38,0.912,22,2
10,8,0.4,0.912,22,2
10,8,0.42,0.912,22,2
5,16,0.88,0.912,22,2
5,12,0.72,0.912,22,2
5,10,0.52,0.912,22,2
5,10,0.54,0.912,22,2
5,8,0.32,0.912,22,2
5,8,0.34,0.912,22,2
5,8,0.36,0.912,22,2
5,8,0.38,0.912,22,2
5,8,0.4,0.912,22,2
5,8,0.42,0.912,22,2
25,62,0.92,0.912,22,3
20,6,0.16,0.912,22,3
15,6,0.16,0.912,22,3
10,6,0.16,0.912,22,3
25,64,0.92,0.912,22,4
25,98,0.98,0.912,22,6
25,100,0.98,0.912,22,7
25,82,0.9400000000000001,0.912,22,7
25,80,0.9400000000000001,0.912,22,7
25,78,0.9400000000000001,0.912,22,7
25,76,0.9400000000000001,0.912,22,7
25,94,0.96,0.912,22,8
25,92,0.96,0.912,22,8
25,90,0.96,0.912,22,8
25,98,0.96,0.912,22,9
25,96,0.96,0.912,22,9
25,100,0.96,0.912,22,10
25,42,0.9,0.908,23,1
25,40,0.9,0.908,23,1
25,38,0.9,0.908,23,1
25,36,0.9,0.908,23,1
25,26,0.88,0.908,23,1
25,24,0.88,0.908,23,1
20,54,0.9400000000000001,0.908,23,1
20,52,0.9400000000000001,0.908,23,1
20,50,0.9400000000000001,0.908,23,1
20,48,0.9400000000000001,0.908,23,1
15,54,0.98,0.908,23,1
15,52,0.98,0.908,23,1
15,50,0.98,0.908,23,1
15,48,0.98,0.908,23,1
15,46,0.98,0.908,23,1
15,44,0.98,0.908,23,1
25,10,0.54,0.908,23,2
25,8,0.46,0.908,23,2
25,6,0.18,0.908,23,2
20,68,0.96,0.908,23,2
20,16,0.84,0.908,23,2
20,14,0.8,0.908,23,2
20,12,0.72,0.908,23,2
20,12,0.74,0.908,23,2
20,10,0.56,0.908,23,2
20,10,0.58,0.908,23,2
20,8,0.46,0.908,23,2
15,16,0.88,0.908,23,2
15,10,0.56,0.908,23,2
15,10,0.58,0.908,23,2
15,8,0.44,0.908,23,2
10,28,0.98,0.908,23,2
10,22,0.96,0.908,23,2
10,14,0.8200000000000001,0.908,23,2
10,14,0.84,0.908,23,2
10,10,0.56,0.908,23,2
10,10,0.58,0.908,23,2
10,8,0.44,0.908,23,2
5,22,0.98,0.908,23,2
5,14,0.8200000000000001,0.908,23,2
5,14,0.84,0.908,23,2
5,12,0.74,0.908,23,2
5,12,0.76,0.908,23,2
5,10,0.56,0.908,23,2
5,10,0.58,0.908,23,2
5,8,0.44,0.908,23,2
25,60,0.92,0.908,23,3
25,58,0.92,0.908,23,3
25,56,0.92,0.908,23,3
25,6,0.16,0.908,23,3
20,6,0.18,0.908,23,3
15,6,0.18,0.908,23,3
5,6,0.18,0.908,23,3
20,88,0.98,0.908,23,5
20,86,0.98,0.908,23,5
20,84,0.98,0.908,23,5
20,92,0.98,0.908,23,6
20,90,0.98,0.908,23,6
25,88,0.96,0.908,23,7
25,86,0.96,0.908,23,7
25,84,0.96,0.908,23,7
25,82,0.96,0.908,23,7
25,74,0.9400000000000001,0.908,23,7
25,72,0.9400000000000001,0.908,23,7
25,48,0.92,0.904,24,1
25,34,0.9,0.904,24,1
25,32,0.9,0.904,24,1
25,18,0.8200000000000001,0.904,24,1
20,46,0.9400000000000001,0.904,24,1
20,44,0.9400000000000001,0.904,24,1
20,42,0.9400000000000001,0.904,24,1
25,54,0.92,0.904,24,2
25,52,0.92,0.904,24,2
25,50,0.92,0.904,24,2
25,16,0.78,0.904,24,2
25,10,0.56,0.904,24,2
25,6,0.2,0.904,24,2
20,66,0.96,0.904,24,2
20,12,0.76,0.904,24,2
20,12,0.78,0.904,24,2
20,10,0.6,0.904,24,2
20,6,0.2,0.904,24,2
15,20,0.9400000000000001,0.904,24,2
15,18,0.92,0.904,24,2
15,14,0.8200000000000001,0.904,24,2
15,14,0.84,0.904,24,2
10,16,0.92,0.904,24,2
10,14,0.86,0.904,24,2
10,12,0.78,0.904,24,2
10,10,0.6,0.904,24,2
5,16,0.9,0.904,24,2
5,12,0.78,0.904,24,2
5,10,0.6,0.904,24,2
5,10,0.62,0.904,24,2
10,6,0.18,0.904,24,3
25,96,0.98,0.904,24,5
25,94,0.98,0.904,24,5
25,70,0.9400000000000001,0.904,24,5
20,82,0.98,0.904,24,5
5,4,0.06,0.904,24,7
5,4,0.04,0.904,24,8
15,2,0.02,0.904,24,9
10,2,0.02,0.904,24,9
20,2,0.02,0.904,24,10
5,2,0.02,0.904,24,12
25,46,0.92,0.9,25,1
25,30,0.9,0.9,25,1
25,20,0.86,0.9,25,1
25,18,0.84,0.9,25,1
20,74,0.98,0.9,25,1
20,64,0.96,0.9,25,1
20,40,0.9400000000000001,0.9,25,1
20,38,0.9400000000000001,0.9,25,1
20,36,0.9400000000000001,0.9,25,1
20,22,0.92,0.9,25,1
15,42,0.98,0.9,25,1
15,40,0.98,0.9,25,1
15,38,0.98,0.9,25,1
15,24,0.96,0.9,25,1
25,12,0.72,0.9,25,2
25,10,0.58,0.9,25,2
25,8,0.48,0.9,25,2
20,76,0.98,0.9,25,2
20,16,0.86,0.9,25,2
20,14,0.8200000000000001,0.9,25,2
20,8,0.48,0.9,25,2
20,8,0.5,0.9,25,2
20,8,0.52,0.9,25,2
15,10,0.6,0.9,25,2
15,10,0.62,0.9,25,2
15,10,0.64,0.9,25,2
15,8,0.46,0.9,25,2
15,8,0.48,0.9,25,2
15,8,0.5,0.9,25,2
15,8,0.52,0.9,25,2
10,26,0.98,0.9,25,2
10,20,0.96,0.9,25,2
10,14,0.88,0.9,25,2
10,14,0.9,0.9,25,2
10,10,0.62,0.9,25,2
10,10,0.64,0.9,25,2
10,8,0.46,0.9,25,2
10,8,0.48,0.9,25,2
10,8,0.5,0.9,25,2
10,8,0.52,0.9,25,2
5,16,0.92,0.9,25,2
5,14,0.86,0.9,25,2
5,12,0.8,0.9,25,2
5,10,0.64,0.9,25,2
5,8,0.46,0.9,25,2
5,8,0.48,0.9,25,2
5,8,0.5,0.9,25,2
5,6,0.22,0.9,25,2
5,6,0.24,0.9,25,2
25,66,0.9400000000000001,0.9,25,3
5,6,0.2,0.9,25,3
25,68,0.9400000000000001,0.9,25,4
20,80,0.98,0.9,25,5
20,78,0.98,0.9,25,5
25,80,0.96,0.9,25,7
25,78,0.96,0.9,25,7
25,76,0.96,0.9,25,7
10,4,0.06,0.9,25,7
20,4,0.04,0.9,25,9
15,4,0.04,0.9,25,9
10,4,0.04,0.9,25,9
25,4,0.04,0.9,25,10
25,44,0.92,0.896,26,1
25,42,0.92,0.896,26,1
25,40,0.92,0.896,26,1
25,38,0.92,0.896,26,1
25,36,0.92,0.896,26,1
25,34,0.92,0.896,26,1
25,28,0.9,0.896,26,1
25,22,0.88,0.896,26,1
25,16,0.8,0.896,26,1
20,72,0.98,0.896,26,1
20,62,0.96,0.896,26,1
20,60,0.96,0.896,26,1
20,20,0.92,0.896,26,1
20,18,0.9,0.896,26,1
25,70,0.96,0.896,26,2
25,14,0.76,0.896,26,2
25,10,0.6,0.896,26,2
20,10,0.62,0.896,26,2
20,10,0.64,0.896,26,2
20,6,0.22,0.896,26,2
15,16,0.9,0.896,26,2
15,14,0.86,0.896,26,2
15,12,0.8,0.896,26,2
15,10,0.66,0.896,26,2
15,10,0.68,0.896,26,2
15,6,0.2,0.896,26,2
15,6,0.22,0.896,26,2
10,12,0.8,0.896,26,2
10,12,0.8200000000000001,0.896,26,2
10,10,0.66,0.896,26,2
10,10,0.68,0.896,26,2
10,6,0.2,0.896,26,2
10,6,0.22,0.896,26,2
5,14,0.88,0.896,26,2
5,12,0.8200000000000001,0.896,26,2
5,10,0.66,0.896,26,2
5,8,0.52,0.896,26,2
25,64,0.9400000000000001,0.896,26,3
25,62,0.9400000000000001,0.896,26,3
25,72,0.96,0.896,26,5
25,74,0.96,0.896,26,6
25,4,0.06,0.896,26,7
20,4,0.06,0.896,26,7
15,4,0.06,0.896,26,8
25,2,0.02,0.896,26,10
25,26,0.9,0.892,27,1
20,70,0.98,0.892,27,1
20,68,0.98,0.892,27,1
20,58,0.96,0.892,27,1
20,56,0.96,0.892,27,1
20,54,0.96,0.892,27,1
20,34,0.9400000000000001,0.892,27,1
20,32,0.9400000000000001,0.892,27,1
15,36,0.98,0.892,27,1
15,22,0.96,0.892,27,1
25,60,0.9400000000000001,0.892,27,2
25,58,0.9400000000000001,0.892,27,2
25,12,0.74,0.892,27,2
25,10,0.62,0.892,27,2
25,8,0.5,0.892,27,2
25,8,0.52,0.892,27,2
25,6,0.22,0.892,27,2
25,6,0.24,0.892,27,2
20,10,0.66,0.892,27,2
20,6,0.24,0.892,27,2
15,12,0.8200000000000001,0.892,27,2
15,6,0.24,0.892,27,2
10,24,0.98,0.892,27,2
10,14,0.92,0.892,27,2
10,6,0.24,0.892,27,2
5,20,0.98,0.892,27,2
5,18,0.9400000000000001,0.892,27,2
5,14,0.9,0.892,27,2
5,14,0.92,0.892,27,2
5,10,0.68,0.892,27,2
5,6,0.26,0.892,27,2
15,4,0.1,0.892,27,4
10,4,0.1,0.892,27,4
5,4,0.1,0.892,27,4
25,92,0.98,0.892,27,5
20,4,0.08,0.892,27,5
15,4,0.08,0.892,27,6
10,4,0.08,0.892,27,6
20,2,0.04,0.892,27,7
10,2,0.04,0.892,27,7
5,4,0.08,0.892,27,7
5,2,0.04,0.892,27,7
15,2,0.04,0.892,27,8
25,32,0.92,0.888,28,1
20,66,0.98,0.888,28,1
20,64,0.98,0.888,28,1
20,62,0.98,0.888,28,1
20,60,0.98,0.888,28,1
20,58,0.98,0.888,28,1
20,52,0.96,0.888,28,1
20,50,0.96,0.888,28,1
20,48,0.96,0.888,28,1
20,46,0.96,0.888,28,1
20,30,0.9400000000000001,0.888,28,1
20,28,0.9400000000000001,0.888,28,1
20,26,0.9400000000000001,0.888,28,1
20,16,0.88,0.888,28,1
15,34,0.98,0.888,28,1
25,56,0.9400000000000001,0.888,28,2
25,10,0.64,0.888,28,2
25,10,0.66,0.888,28,2
25,10,0.68,0.888,28,2
25,6,0.26,0.888,28,2
20,14,0.84,0.888,28,2
20,12,0.8,0.888,28,2
20,10,0.68,0.888,28,2
20,8,0.54,0.888,28,2
20,6,0.26,0.888,28,2
15,14,0.88,0.888,28,2
15,10,0.7000000000000001,0.888,28,2
15,8,0.54,0.888,28,2
15,6,0.26,0.888,28,2
10,12,0.84,0.888,28,2
10,12,0.86,0.888,28,2
10,12,0.88,0.888,28,2
10,10,0.7000000000000001,0.888,28,2
10,6,0.26,0.888,28,2
5,12,0.84,0.888,28,2
5,12,0.86,0.888,28,2
5,6,0.28,0.888,28,2
5,4,0.12,0.888,28,3
5,2,0.08,0.888,28,3
25,4,0.08,0.888,28,5
15,2,0.06,0.888,28,5
25,2,0.04,0.888,28,6
10,2,0.06,0.888,28,6
5,2,0.06,0.888,28,6
25,52,0.9400000000000001,0.884,29,1
25,50,0.9400000000000001,0.884,29,1
25,48,0.9400000000000001,0.884,29,1
25,46,0.9400000000000001,0.884,29,1
25,44,0.9400000000000001,0.884,29,1
25,24,0.9,0.884,29,1
25,16,0.8200000000000001,0.884,29,1
20,44,0.96,0.884,29,1
20,42,0.96,0.884,29,1
20,40,0.96,0.884,29,1
20,38,0.96,0.884,29,1
20,36,0.96,0.884,29,1
20,24,0.9400000000000001,0.884,29,1
15,20,0.96,0.884,29,1
25,68,0.96,0.884,29,2
25,54,0.9400000000000001,0.884,29,2
25,14,0.78,0.884,29,2
25,10,0.7000000000000001,0.884,29,2
20,12,0.8200000000000001,0.884,29,2
20,10,0.7000000000000001,0.884,29,2
20,8,0.56,0.884,29,2
20,6,0.28,0.884,29,2
15,16,0.92,0.884,29,2
15,10,0.72,0.884,29,2
15,8,0.56,0.884,29,2
15,6,0.28,0.884,29,2
10,18,0.9400000000000001,0.884,29,2
10,10,0.72,0.884,29,2
10,8,0.54,0.884,29,2
10,8,0.56,0.884,29,2
5,18,0.96,0.884,29,2
5,12,0.88,0.884,29,2
5,10,0.7000000000000001,0.884,29,2
5,8,0.54,0.884,29,2
5,6,0.3,0.884,29,2
15,2,0.08,0.884,29,3
10,4,0.12,0.884,29,3
10,2,0.08,0.884,29,3
25,4,0.1,0.884,29,4
20,4,0.1,0.884,29,4
25,90,0.98,0.884,29,5
20,2,0.06,0.884,29,5
25,30,0.92,0.88,30,1
25,18,0.86,0.88,30,1
25,16,0.84,0.88,30,1
20,56,0.98,0.88,30,1
20,34,0.96,0.88,30,1
15,32,0.98,0.88,30,1
25,6,0.28,0.88,30,2
25,6,0.3,0.88,30,2
25,6,0.32,0.88,30,2
25,6,0.34,0.88,30,2
20,14,0.86,0.88,30,2
20,6,0.3,0.88,30,2
20,6,0.32,0.88,30,2
20,6,0.34,0.88,30,2
15,14,0.9,0.88,30,2
15,12,0.84,0.88,30,2
15,12,0.86,0.88,30,2
15,10,0.74,0.88,30,2
15,6,0.3,0.88,30,2
15,6,0.32,0.88,30,2
15,6,0.34,0.88,30,2
10,22,0.98,0.88,30,2
10,6,0.28,0.88,30,2
10,6,0.3,0.88,30,2
10,6,0.32,0.88,30,2
5,16,0.9400000000000001,0.88,30,2
5,10,0.72,0.88,30,2
5,8,0.56,0.88,30,2
5,6,0.32,0.88,30,2
25,4,0.12,0.88,30,3
25,2,0.08,0.88,30,3
20,4,0.12,0.88,30,3
20,2,0.08,0.88,30,3
15,4,0.12,0.88,30,3
10,4,0.14,0.88,30,3
5,4,0.14,0.88,30,3
5,4,0.16,0.88,30,3
25,2,0.06,0.88,30,5
25,64,0.96,0.876,31,1
25,62,0.96,0.876,31,1
25,60,0.96,0.876,31,1
25,58,0.96,0.876,31,1
25,42,0.9400000000000001,0.876,31,1
25,40,0.9400000000000001,0.876,31,1
25,38,0.9400000000000001,0.876,31,1
25,20,0.88,0.876,31,1
25,14,0.8,0.876,31,1
20,32,0.96,0.876,31,1
15,30,0.98,0.876,31,1
15,28,0.98,0.876,31,1
25,66,0.96,0.876,31,2
25,12,0.76,0.876,31,2
25,8,0.54,0.876,31,2
15,10,0.76,0.876,31,2
15,10,0.78,0.876,31,2
15,8,0.58,0.876,31,2
10,10,0.74,0.876,31,2
10,8,0.58,0.876,31,2
10,6,0.34,0.876,31,2
5,18,0.98,0.876,31,2
5,16,0.96,0.876,31,2
5,10,0.74,0.876,31,2
25,4,0.14,0.876,31,3
20,4,0.14,0.876,31,3
20,2,0.1,0.876,31,3
15,4,0.14,0.876,31,3
15,4,0.16,0.876,31,3
10,4,0.16,0.876,31,3
10,2,0.1,0.876,31,3
5,4,0.18,0.876,31,3
5,2,0.1,0.876,31,3
25,86,0.98,0.876,31,4
25,88,0.98,0.876,31,5
25,56,0.96,0.872,32,1
25,36,0.9400000000000001,0.872,32,1
25,22,0.9,0.872,32,1
20,54,0.98,0.872,32,1
20,22,0.9400000000000001,0.872,32,1
15,26,0.98,0.872,32,1
25,8,0.56,0.872,32,2
25,6,0.36,0.872,32,2
20,12,0.84,0.872,32,2
20,10,0.72,0.872,32,2
20,8,0.58,0.872,32,2
20,8,0.6,0.872,32,2
20,6,0.36,0.872,32,2
20,4,0.18,0.872,32,2
15,12,0.88,0.872,32,2
15,10,0.8,0.872,32,2
15,8,0.6,0.872,32,2
15,8,0.62,0.872,32,2
15,8,0.64,0.872,32,2
15,6,0.36,0.872,32,2
15,4,0.2,0.872,32,2
10,16,0.9400000000000001,0.872,32,2
10,12,0.9,0.872,32,2
10,10,0.76,0.872,32,2
10,10,0.78,0.872,32,2
10,10,0.8,0.872,32,2
10,8,0.6,0.872,32,2
10,8,0.62,0.872,32,2
10,8,0.64,0.872,32,2
10,6,0.36,0.872,32,2
5,10,0.76,0.872,32,2
5,10,0.78,0.872,32,2
5,10,0.8,0.872,32,2
5,8,0.58,0.872,32,2
5,8,0.6,0.872,32,2
5,8,0.62,0.872,32,2
5,6,0.34,0.872,32,2
5,6,0.36,0.872,32,2
5,6,0.38,0.872,32,2
25,4,0.16,0.872,32,3
25,2,0.1,0.872,32,3
20,4,0.16,0.872,32,3
15,4,0.18,0.872,32,3
15,2,0.1,0.872,32,3
10,4,0.18,0.872,32,3
10,2,0.12,0.872,32,3
5,4,0.2,0.872,32,3
5,2,0.12,0.872,32,3
5,2,0.14,0.872,32,3
25,84,0.98,0.872,32,4
25,54,0.96,0.868,33,1
25,52,0.96,0.868,33,1
25,28,0.92,0.868,33,1
20,52,0.98,0.868,33,1
20,30,0.96,0.868,33,1
20,28,0.96,0.868,33,1
20,26,0.96,0.868,33,1
20,16,0.9,0.868,33,1
25,12,0.78,0.868,33,2
25,8,0.58,0.868,33,2
25,4,0.18,0.868,33,2
25,4,0.2,0.868,33,2
20,10,0.74,0.868,33,2
20,10,0.76,0.868,33,2
20,10,0.78,0.868,33,2
20,8,0.62,0.868,33,2
20,8,0.64,0.868,33,2
20,6,0.38,0.868,33,2
20,6,0.4,0.868,33,2
20,4,0.2,0.868,33,2
15,18,0.9400000000000001,0.868,33,2
15,6,0.38,0.868,33,2
15,6,0.4,0.868,33,2
15,6,0.42,0.868,33,2
10,12,0.92,0.868,33,2
10,10,0.8200000000000001,0.868,33,2
10,6,0.38,0.868,33,2
10,6,0.4,0.868,33,2
10,6,0.42,0.868,33,2
10,4,0.2,0.868,33,2
5,16,0.98,0.868,33,2
5,14,0.9400000000000001,0.868,33,2
5,12,0.9,0.868,33,2
5,10,0.8200000000000001,0.868,33,2
5,8,0.64,0.868,33,2
5,6,0.4,0.868,33,2
5,4,0.22,0.868,33,2
20,2,0.12,0.868,33,3
15,2,0.12,0.868,33,3
15,2,0.14,0.868,33,3
10,2,0.14,0.868,33,3
25,82,0.98,0.868,33,4
25,80,0.98,0.868,33,4
25,78,0.98,0.868,33,4
25,50,0.96,0.864,34,1
25,48,0.96,0.864,34,1
25,46,0.96,0.864,34,1
25,34,0.9400000000000001,0.864,34,1
25,26,0.92,0.864,34,1
25,18,0.88,0.864,34,1
25,14,0.8200000000000001,0.864,34,1
20,24,0.96,0.864,34,1
20,20,0.9400000000000001,0.864,34,1
20,18,0.92,0.864,34,1
25,10,0.72,0.864,34,2
25,8,0.6,0.864,34,2
25,8,0.62,0.864,34,2
25,8,0.64,0.864,34,2
25,6,0.38,0.864,34,2
25,4,0.22,0.864,34,2
20,12,0.86,0.864,34,2
20,10,0.8,0.864,34,2
20,6,0.42,0.864,34,2
20,4,0.22,0.864,34,2
20,4,0.24,0.864,34,2
15,8,0.66,0.864,34,2
15,8,0.68,0.864,34,2
15,8,0.7000000000000001,0.864,34,2
15,8,0.72,0.864,34,2
15,8,0.74,0.864,34,2
15,4,0.22,0.864,34,2
15,4,0.24,0.864,34,2
10,20,0.98,0.864,34,2
10,8,0.66,0.864,34,2
10,4,0.22,0.864,34,2
10,4,0.24,0.864,34,2
5,8,0.66,0.864,34,2
5,6,0.42,0.864,34,2
5,4,0.24,0.864,34,2
5,4,0.26,0.864,34,2
5,4,0.28,0.864,34,2
25,2,0.12,0.864,34,3
20,2,0.14,0.864,34,3
5,2,0.16,0.864,34,3
25,76,0.98,0.86,35,0
25,74,0.98,0.86,35,0
25,44,0.96,0.86,35,1
25,32,0.9400000000000001,0.86,35,1
20,50,0.98,0.86,35,1
20,48,0.98,0.86,35,1
20,46,0.98,0.86,35,1
20,44,0.98,0.86,35,1
20,42,0.98,0.86,35,1
20,14,0.88,0.86,35,1
25,6,0.4,0.86,35,2
25,6,0.42,0.86,35,2
25,6,0.44,0.86,35,2
25,4,0.24,0.86,35,2
25,4,0.26,0.86,35,2
20,4,0.26,0.86,35,2
15,14,0.92,0.86,35,2
15,12,0.9,0.86,35,2
15,10,0.8200000000000001,0.86,35,2
15,8,0.76,0.86,35,2
15,6,0.44,0.86,35,2
15,6,0.46,0.86,35,2
15,4,0.26,0.86,35,2
15,4,0.28,0.86,35,2
10,18,0.96,0.86,35,2
10,10,0.84,0.86,35,2
10,10,0.86,0.86,35,2
10,10,0.88,0.86,35,2
10,8,0.68,0.86,35,2
10,8,0.7000000000000001,0.86,35,2
10,8,0.72,0.86,35,2
10,8,0.74,0.86,35,2
10,8,0.76,0.86,35,2
10,6,0.44,0.86,35,2
10,6,0.46,0.86,35,2
10,6,0.48,0.86,35,2
10,4,0.26,0.86,35,2
10,4,0.28,0.86,35,2
5,12,0.92,0.86,35,2
5,10,0.84,0.86,35,2
5,10,0.86,0.86,35,2
5,8,0.68,0.86,35,2
5,8,0.7000000000000001,0.86,35,2
5,8,0.72,0.86,35,2
5,8,0.74,0.86,35,2
5,8,0.76,0.86,35,2
5,6,0.44,0.86,35,2
5,6,0.46,0.86,35,2
5,6,0.48,0.86,35,2
5,6,0.5,0.86,35,2
5,6,0.52,0.86,35,2
10,2,0.16,0.86,35,3
25,42,0.96,0.856,36,1
25,40,0.96,0.856,36,1
25,30,0.9400000000000001,0.856,36,1
25,24,0.92,0.856,36,1
25,20,0.9,0.856,36,1
25,16,0.86,0.856,36,1
25,14,0.84,0.856,36,1
25,12,0.8,0.856,36,1
20,40,0.98,0.856,36,1
20,38,0.98,0.856,36,1
15,24,0.98,0.856,36,1
25,6,0.46,0.856,36,2
25,4,0.28,0.856,36,2
25,4,0.3,0.856,36,2
20,8,0.66,0.856,36,2
20,8,0.68,0.856,36,2
20,8,0.7000000000000001,0.856,36,2
20,6,0.44,0.856,36,2
20,6,0.46,0.856,36,2
20,6,0.48,0.856,36,2
20,6,0.5,0.856,36,2
20,6,0.52,0.856,36,2
20,6,0.54,0.856,36,2
20,4,0.28,0.856,36,2
20,4,0.3,0.856,36,2
20,2,0.16,0.856,36,2
15,6,0.48,0.856,36,2
15,6,0.5,0.856,36,2
15,6,0.52,0.856,36,2
15,6,0.54,0.856,36,2
15,4,0.3,0.856,36,2
15,4,0.32,0.856,36,2
10,14,0.9400000000000001,0.856,36,2
10,6,0.5,0.856,36,2
10,6,0.52,0.856,36,2
10,6,0.54,0.856,36,2
10,4,0.3,0.856,36,2
10,4,0.32,0.856,36,2
5,14,0.96,0.856,36,2
5,10,0.88,0.856,36,2
5,6,0.54,0.856,36,2
5,4,0.3,0.856,36,2
5,4,0.32,0.856,36,2
5,4,0.34,0.856,36,2
25,2,0.14,0.856,36,3
15,2,0.16,0.856,36,3
25,72,0.98,0.852,37,0
25,38,0.96,0.852,37,1
25,36,0.96,0.852,37,1
25,28,0.9400000000000001,0.852,37,1
25,26,0.9400000000000001,0.852,37,1
20,36,0.98,0.852,37,1
20,22,0.96,0.852,37,1
25,6,0.48,0.852,37,2
25,6,0.5,0.852,37,2
25,6,0.52,0.852,37,2
25,4,0.32,0.852,37,2
25,2,0.16,0.852,37,2
20,8,0.72,0.852,37,2
20,6,0.56,0.852,37,2
20,4,0.32,0.852,37,2
20,4,0.34,0.852,37,2
20,4,0.36,0.852,37,2
20,4,0.38,0.852,37,2
20,4,0.4,0.852,37,2
15,16,0.9400000000000001,0.852,37,2
15,10,0.84,0.852,37,2
15,10,0.86,0.852,37,2
15,6,0.56,0.852,37,2
15,6,0.58,0.852,37,2
15,4,0.34,0.852,37,2
15,4,0.36,0.852,37,2
15,4,0.38,0.852,37,2
15,4,0.4,0.852,37,2
10,16,0.96,0.852,37,2
10,6,0.56,0.852,37,2
10,6,0.58,0.852,37,2
10,4,0.34,0.852,37,2
10,4,0.36,0.852,37,2
10,4,0.38,0.852,37,2
10,4,0.4,0.852,37,2
5,8,0.78,0.852,37,2
5,6,0.56,0.852,37,2
5,6,0.58,0.852,37,2
5,4,0.36,0.852,37,2
5,4,0.38,0.852,37,2
5,4,0.4,0.852,37,2
5,2,0.2,0.852,37,2
5,2,0.22,0.852,37,2
5,2,0.18,0.852,37,3
25,70,0.98,0.848,38,0
25,68,0.98,0.848,38,0
25,66,0.98,0.848,38,0
25,64,0.98,0.848,38,0
25,62,0.98,0.848,38,0
25,60,0.98,0.848,38,0
25,34,0.96,0.848,38,1
25,12,0.8200000000000001,0.848,38,1
20,34,0.98,0.848,38,1
20,32,0.98,0.848,38,1
20,14,0.9,0.848,38,1
15,22,0.98,0.848,38,1
15,18,0.96,0.848,38,1
25,10,0.74,0.848,38,2
25,8,0.66,0.848,38,2
25,8,0.68,0.848,38,2
25,8,0.7000000000000001,0.848,38,2
25,6,0.54,0.848,38,2
25,6,0.56,0.848,38,2
25,4,0.34,0.848,38,2
25,4,0.36,0.848,38,2
25,4,0.38,0.848,38,2
25,4,0.4,0.848,38,2
25,2,0.18,0.848,38,2
20,10,0.8200000000000001,0.848,38,2
20,8,0.74,0.848,38,2
20,8,0.76,0.848,38,2
20,6,0.58,0.848,38,2
20,2,0.18,0.848,38,2
15,8,0.78,0.848,38,2
15,4,0.42,0.848,38,2
15,2,0.18,0.848,38,2
15,2,0.2,0.848,38,2
10,18,0.98,0.848,38,2
10,8,0.78,0.848,38,2
10,4,0.42,0.848,38,2
10,2,0.18,0.848,38,2
10,2,0.2,0.848,38,2
5,4,0.42,0.848,38,2
25,32,0.96,0.844,39,1
25,30,0.96,0.844,39,1
25,28,0.96,0.844,39,1
25,26,0.96,0.844,39,1
25,24,0.9400000000000001,0.844,39,1
25,22,0.92,0.844,39,1
25,18,0.9,0.844,39,1
20,16,0.92,0.844,39,1
20,12,0.88,0.844,39,1
25,6,0.58,0.844,39,2
25,4,0.42,0.844,39,2
25,2,0.2,0.844,39,2
20,8,0.78,0.844,39,2
20,4,0.42,0.844,39,2
20,2,0.2,0.844,39,2
15,6,0.6,0.844,39,2
15,6,0.62,0.844,39,2
15,6,0.64,0.844,39,2
15,6,0.66,0.844,39,2
15,6,0.68,0.844,39,2
15,4,0.44,0.844,39,2
10,10,0.9,0.844,39,2
10,8,0.8,0.844,39,2
10,8,0.8200000000000001,0.844,39,2
10,4,0.44,0.844,39,2
10,2,0.22,0.844,39,2
5,14,0.98,0.844,39,2
5,10,0.9,0.844,39,2
5,8,0.8,0.844,39,2
5,8,0.8200000000000001,0.844,39,2
5,6,0.6,0.844,39,2
5,6,0.62,0.844,39,2
5,2,0.24,0.844,39,2
5,2,0.26,0.844,39,2
25,20,0.92,0.84,40,1
25,12,0.84,0.84,40,1
25,2,0.22,0.84,40,2
25,2,0.24,0.84,40,2
20,6,0.6,0.84,40,2
20,6,0.62,0.84,40,2
20,6,0.64,0.84,40,2
20,4,0.44,0.84,40,2
20,2,0.22,0.84,40,2
15,10,0.88,0.84,40,2
15,8,0.8,0.84,40,2
15,4,0.46,0.84,40,2
15,4,0.48,0.84,40,2
15,4,0.5,0.84,40,2
15,2,0.22,0.84,40,2
10,16,0.98,0.84,40,2
10,14,0.96,0.84,40,2
10,8,0.84,0.84,40,2
10,6,0.6,0.84,40,2
10,6,0.62,0.84,40,2
10,6,0.64,0.84,40,2
10,6,0.66,0.84,40,2
10,6,0.68,0.84,40,2
10,4,0.46,0.84,40,2
10,4,0.48,0.84,40,2
10,2,0.24,0.84,40,2
10,2,0.26,0.84,40,2
5,12,0.9400000000000001,0.84,40,2
5,8,0.84,0.84,40,2
5,6,0.64,0.84,40,2
5,6,0.66,0.84,40,2
5,6,0.68,0.84,40,2
5,4,0.44,0.84,40,2
5,4,0.46,0.84,40,2
5,4,0.48,0.84,40,2
5,4,0.5,0.84,40,2
25,58,0.98,0.836,41,0
25,56,0.98,0.836,41,0
25,54,0.98,0.836,41,0
25,52,0.98,0.836,41,0
25,16,0.88,0.836,41,1
25,14,0.86,0.836,41,1
20,30,0.98,0.836,41,1
20,20,0.96,0.836,41,1
25,10,0.76,0.836,41,2
25,10,0.78,0.836,41,2
25,8,0.72,0.836,41,2
25,6,0.6,0.836,41,2
25,4,0.44,0.836,41,2
25,2,0.26,0.836,41,2
20,10,0.84,0.836,41,2
20,8,0.8,0.836,41,2
20,4,0.46,0.836,41,2
20,4,0.48,0.836,41,2
20,4,0.5,0.836,41,2
20,2,0.24,0.836,41,2
20,2,0.26,0.836,41,2
15,14,0.9400000000000001,0.836,41,2
15,12,0.92,0.836,41,2
15,8,0.8200000000000001,0.836,41,2
15,6,0.7000000000000001,0.836,41,2
15,6,0.72,0.836,41,2
15,4,0.52,0.836,41,2
15,2,0.24,0.836,41,2
15,2,0.26,0.836,41,2
10,8,0.86,0.836,41,2
10,6,0.7000000000000001,0.836,41,2
10,6,0.72,0.836,41,2
10,4,0.5,0.836,41,2
10,4,0.52,0.836,41,2
5,10,0.92,0.836,41,2
5,6,0.7000000000000001,0.836,41,2
5,6,0.72,0.836,41,2
5,4,0.52,0.836,41,2
5,4,0.54,0.836,41,2
5,2,0.28,0.836,41,2
25,50,0.98,0.832,42,0
25,48,0.98,0.832,42,0
25,22,0.9400000000000001,0.832,42,1
25,20,0.9400000000000001,0.832,42,1
25,10,0.8,0.832,42,1
20,28,0.98,0.832,42,1
20,14,0.92,0.832,42,1
15,16,0.96,0.832,42,1
25,6,0.62,0.832,42,2
25,6,0.64,0.832,42,2
25,4,0.46,0.832,42,2
25,2,0.28,0.832,42,2
25,2,0.3,0.832,42,2
25,2,0.32,0.832,42,2
25,2,0.34,0.832,42,2
20,6,0.66,0.832,42,2
20,6,0.68,0.832,42,2
20,6,0.7000000000000001,0.832,42,2
20,2,0.28,0.832,42,2
20,2,0.3,0.832,42,2
20,2,0.32,0.832,42,2
20,2,0.34,0.832,42,2
20,2,0.36,0.832,42,2
20,2,0.38,0.832,42,2
15,10,0.9,0.832,42,2
15,8,0.84,0.832,42,2
15,8,0.86,0.832,42,2
15,6,0.74,0.832,42,2
15,4,0.54,0.832,42,2
15,2,0.28,0.832,42,2
15,2,0.3,0.832,42,2
15,2,0.32,0.832,42,2
15,2,0.34,0.832,42,2
15,2,0.36,0.832,42,2
15,2,0.38,0.832,42,2
10,10,0.92,0.832,42,2
10,8,0.88,0.832,42,2
10,8,0.9,0.832,42,2
10,6,0.74,0.832,42,2
10,4,0.54,0.832,42,2
10,4,0.56,0.832,42,2
10,2,0.28,0.832,42,2
10,2,0.3,0.832,42,2
10,2,0.32,0.832,42,2
10,2,0.34,0.832,42,2
5,12,0.96,0.832,42,2
5,8,0.86,0.832,42,2
5,8,0.88,0.832,42,2
5,4,0.56,0.832,42,2
5,4,0.58,0.832,42,2
5,2,0.3,0.832,42,2
5,2,0.32,0.832,42,2
5,2,0.34,0.832,42,2
5,2,0.36,0.832,42,2
25,46,0.98,0.828,43,0
25,24,0.96,0.828,43,0
20,18,0.9400000000000001,0.828,43,1
20,12,0.9,0.828,43,1
15,20,0.98,0.828,43,1
25,8,0.74,0.828,43,2
25,6,0.66,0.828,43,2
25,6,0.68,0.828,43,2
25,4,0.48,0.828,43,2
25,4,0.5,0.828,43,2
25,4,0.52,0.828,43,2
20,10,0.86,0.828,43,2
20,6,0.72,0.828,43,2
20,6,0.74,0.828,43,2
20,4,0.52,0.828,43,2
20,4,0.54,0.828,43,2
20,4,0.56,0.828,43,2
20,4,0.58,0.828,43,2
15,4,0.56,0.828,43,2
10,6,0.76,0.828,43,2
10,6,0.78,0.828,43,2
10,4,0.58,0.828,43,2
10,4,0.6,0.828,43,2
10,2,0.36,0.828,43,2
5,6,0.74,0.828,43,2
5,6,0.76,0.828,43,2
5,6,0.78,0.828,43,2
5,4,0.6,0.828,43,2
25,44,0.98,0.824,44,0
25,42,0.98,0.824,44,0
25,40,0.98,0.824,44,0
25,18,0.92,0.824,44,1
25,16,0.9,0.824,44,1
25,6,0.7000000000000001,0.824,44,2
25,4,0.54,0.824,44,2
25,2,0.36,0.824,44,2
25,2,0.38,0.824,44,2
20,4,0.6,0.824,44,2
20,2,0.4,0.824,44,2
20,2,0.42,0.824,44,2
15,6,0.76,0.824,44,2
15,6,0.78,0.824,44,2
15,6,0.8,0.824,44,2
15,4,0.58,0.824,44,2
15,4,0.6,0.824,44,2
15,2,0.4,0.824,44,2
15,2,0.42,0.824,44,2
10,14,0.98,0.824,44,2
10,12,0.9400000000000001,0.824,44,2
10,6,0.8,0.824,44,2
10,4,0.62,0.824,44,2
5,8,0.9,0.824,44,2
5,6,0.8,0.824,44,2
5,4,0.62,0.824,44,2
5,2,0.38,0.824,44,2
5,2,0.4,0.824,44,2
5,2,0.42,0.824,44,2
5,2,0.44,0.824,44,2
25,38,0.98,0.82,45,0
25,22,0.96,0.82,45,0
20,26,0.98,0.82,45,1
15,14,0.96,0.82,45,1
25,8,0.76,0.82,45,2
25,4,0.56,0.82,45,2
25,4,0.58,0.82,45,2
25,4,0.6,0.82,45,2
25,2,0.4,0.82,45,2
25,2,0.42,0.82,45,2
25,2,0.44,0.82,45,2
25,2,0.46,0.82,45,2
25,2,0.48,0.82,45,2
20,8,0.8200000000000001,0.82,45,2
20,6,0.76,0.82,45,2
20,6,0.78,0.82,45,2
20,4,0.62,0.82,45,2
20,2,0.44,0.82,45,2
20,2,0.46,0.82,45,2
20,2,0.48,0.82,45,2
15,4,0.62,0.82,45,2
15,2,0.44,0.82,45,2
15,2,0.46,0.82,45,2
15,2,0.48,0.82,45,2
10,2,0.38,0.82,45,2
10,2,0.4,0.82,45,2
10,2,0.42,0.82,45,2
10,2,0.44,0.82,45,2
10,2,0.46,0.82,45,2
10,2,0.48,0.82,45,2
5,12,0.98,0.82,45,2
5,4,0.64,0.82,45,2
5,2,0.46,0.82,45,2
5,2,0.48,0.82,45,2
25,36,0.98,0.816,46,0
25,14,0.88,0.816,46,1
25,12,0.86,0.816,46,1
20,8,0.84,0.816,46,2
20,6,0.8,0.816,46,2
20,2,0.5,0.816,46,2
15,8,0.88,0.816,46,2
15,4,0.64,0.816,46,2
15,2,0.5,0.816,46,2
15,2,0.52,0.816,46,2
10,6,0.8200000000000001,0.816,46,2
10,6,0.84,0.816,46,2
10,4,0.64,0.816,46,2
10,2,0.5,0.816,46,2
10,2,0.52,0.816,46,2
10,2,0.54,0.816,46,2
5,10,0.9400000000000001,0.816,46,2
5,8,0.92,0.816,46,2
5,6,0.8200000000000001,0.816,46,2
5,2,0.5,0.816,46,2
5,2,0.52,0.816,46,2
5,2,0.54,0.816,46,2
20,10,0.88,0.812,47,1
15,18,0.98,0.812,47,1
25,4,0.62,0.812,47,2
20,4,0.64,0.812,47,2
20,2,0.52,0.812,47,2
15,10,0.92,0.812,47,2
15,2,0.54,0.812,47,2
10,12,0.96,0.812,47,2
10,6,0.86,0.812,47,2
10,6,0.88,0.812,47,2
10,2,0.56,0.812,47,2
5,6,0.84,0.812,47,2
5,6,0.86,0.812,47,2
5,2,0.56,0.812,47,2
25,34,0.98,0.808,48,0
25,10,0.8200000000000001,0.808,48,1
20,24,0.98,0.808,48,1
20,16,0.9400000000000001,0.808,48,1
25,8,0.78,0.808,48,2
25,6,0.72,0.808,48,2
25,4,0.64,0.808,48,2
25,4,0.66,0.808,48,2
25,2,0.5,0.808,48,2
25,2,0.52,0.808,48,2
20,2,0.54,0.808,48,2
20,2,0.56,0.808,48,2
15,6,0.8200000000000001,0.808,48,2
15,4,0.66,0.808,48,2
15,2,0.56,0.808,48,2
10,10,0.9400000000000001,0.808,48,2
10,8,0.92,0.808,48,2
5,6,0.88,0.808,48,2
25,32,0.98,0.804,49,0
25,20,0.96,0.804,49,0
25,18,0.9400000000000001,0.804,49,1
25,16,0.92,0.804,49,1
20,10,0.9,0.804,49,1
15,16,0.98,0.804,49,1
25,6,0.74,0.804,49,2
25,2,0.54,0.804,49,2
20,8,0.86,0.804,49,2
20,4,0.66,0.804,49,2
20,2,0.58,0.804,49,2
20,2,0.6,0.804,49,2
15,12,0.9400000000000001,0.804,49,2
15,8,0.9,0.804,49,2
15,6,0.84,0.804,49,2
15,4,0.68,0.804,49,2
15,4,0.7000000000000001,0.804,49,2
15,4,0.72,0.804,49,2
15,4,0.74,0.804,49,2
15,2,0.58,0.804,49,2
15,2,0.6,0.804,49,2
10,4,0.66,0.804,49,2
10,4,0.68,0.804,49,2
10,4,0.7000000000000001,0.804,49,2
10,4,0.72,0.804,49,2
10,4,0.74,0.804,49,2
10,4,0.76,0.804,49,2
10,2,0.58,0.804,49,2
10,2,0.6,0.804,49,2
5,10,0.96,0.804,49,2
5,6,0.9,0.804,49,2
5,4,0.66,0.804,49,2
5,4,0.68,0.804,49,2
5,4,0.7000000000000001,0.804,49,2
5,4,0.72,0.804,49,2
5,2,0.58,0.804,49,2
5,2,0.6,0.804,49,2
25,14,0.9,0.8,50,1
25,10,0.84,0.8,50,1
20,18,0.96,0.8,50,1
20,4,0.68,0.8,50,2
15,6,0.86,0.8,50,2
15,4,0.76,0.8,50,2
10,6,0.9,0.8,50,2
10,4,0.78,0.8,50,2
5,8,0.9400000000000001,0.8,50,2
5,4,0.74,0.8,50,2
5,4,0.76,0.8,50,2
5,4,0.78,0.8,50,2
5,2,0.62,0.8,50,2
25,30,0.98,0.796,51,0
25,12,0.88,0.796,51,1
25,8,0.8,0.796,51,1
25,4,0.68,0.796,51,2
25,4,0.7000000000000001,0.796,51,2
25,2,0.56,0.796,51,2
25,2,0.58,0.796,51,2
25,2,0.6,0.796,51,2
20,6,0.8200000000000001,0.796,51,2
20,4,0.7000000000000001,0.796,51,2
15,4,0.78,0.796,51,2
15,2,0.62,0.796,51,2
15,2,0.64,0.796,51,2
15,2,0.66,0.796,51,2
15,2,0.68,0.796,51,2
10,12,0.98,0.796,51,2
10,4,0.8,0.796,51,2
10,2,0.62,0.796,51,2
10,2,0.64,0.796,51,2
10,2,0.66,0.796,51,2
10,2,0.68,0.796,51,2
5,6,0.92,0.796,51,2
5,4,0.8,0.796,51,2
5,2,0.64,0.796,51,2
5,2,0.66,0.796,51,2
5,2,0.68,0.796,51,2
25,8,0.8200000000000001,0.792,52,1
20,22,0.98,0.792,52,1
20,16,0.96,0.792,52,1
15,12,0.96,0.792,52,1
25,6,0.76,0.792,52,2
20,4,0.72,0.792,52,2
20,4,0.74,0.792,52,2
20,4,0.76,0.792,52,2
20,4,0.78,0.792,52,2
20,2,0.62,0.792,52,2
15,8,0.92,0.792,52,2
15,2,0.7000000000000001,0.792,52,2
10,4,0.8200000000000001,0.792,52,2
10,4,0.84,0.792,52,2
10,2,0.7000000000000001,0.792,52,2
5,10,0.98,0.792,52,2
5,4,0.8200000000000001,0.792,52,2
5,4,0.84,0.792,52,2
5,4,0.86,0.792,52,2
5,2,0.7000000000000001,0.792,52,2
20,14,0.9400000000000001,0.788,53,1
20,12,0.92,0.788,53,1
20,8,0.88,0.788,53,1
15,14,0.98,0.788,53,1
20,2,0.64,0.788,53,2
15,10,0.9400000000000001,0.788,53,2
15,6,0.88,0.788,53,2
15,4,0.8,0.788,53,2
15,2,0.72,0.788,53,2
10,4,0.86,0.788,53,2
10,2,0.72,0.788,53,2
5,8,0.96,0.788,53,2
5,4,0.88,0.788,53,2
5,2,0.72,0.788,53,2
25,28,0.98,0.784,54,0
25,14,0.92,0.784,54,1
25,6,0.78,0.784,54,2
25,2,0.62,0.784,54,2
20,2,0.66,0.784,54,2
15,6,0.9,0.784,54,2
15,4,0.8200000000000001,0.784,54,2
15,4,0.84,0.784,54,2
10,10,0.96,0.784,54,2
10,4,0.88,0.784,54,2
10,2,0.74,0.784,54,2
5,6,0.9400000000000001,0.784,54,2
5,2,0.74,0.784,54,2
25,26,0.98,0.78,55,0
25,16,0.9400000000000001,0.78,55,1
25,12,0.9,0.78,55,1
25,6,0.8,0.78,55,1
25,4,0.72,0.78,55,2
25,2,0.64,0.78,55,2
25,2,0.66,0.78,55,2
20,6,0.84,0.78,55,2
20,4,0.8,0.78,55,2
20,2,0.68,0.78,55,2
20,2,0.7000000000000001,0.78,55,2
15,4,0.86,0.78,55,2
15,2,0.74,0.78,55,2
10,8,0.9400000000000001,0.78,55,2
10,6,0.92,0.78,55,2
10,2,0.76,0.78,55,2
10,2,0.78,0.78,55,2
10,2,0.8,0.78,55,2
5,4,0.9,0.78,55,2
5,2,0.76,0.78,55,2
5,2,0.78,0.78,55,2
5,2,0.8,0.78,55,2
20,20,0.98,0.776,56,1
20,14,0.96,0.776,56,1
25,2,0.68,0.776,56,2
20,6,0.86,0.776,56,2
20,2,0.72,0.776,56,2
20,2,0.74,0.776,56,2
20,2,0.76,0.776,56,2
15,2,0.76,0.776,56,2
5,6,0.96,0.776,56,2
5,2,0.8200000000000001,0.776,56,2
25,10,0.86,0.772,57,1
25,8,0.84,0.772,57,1
20,8,0.9,0.772,57,1
10,10,0.98,0.772,57,2
5,4,0.92,0.772,57,2
25,4,0.74,0.768,58,2
25,2,0.7000000000000001,0.768,58,2
20,4,0.8200000000000001,0.768,58,2
15,8,0.9400000000000001,0.768,58,2
15,6,0.92,0.768,58,2
15,4,0.88,0.768,58,2
15,2,0.78,0.768,58,2
15,2,0.8,0.768,58,2
10,8,0.96,0.768,58,2
10,4,0.9,0.768,58,2
10,2,0.8200000000000001,0.768,58,2
5,8,0.98,0.768,58,2
5,4,0.9400000000000001,0.768,58,2
5,2,0.84,0.768,58,2
25,18,0.96,0.764,59,0
25,10,0.88,0.764,59,1
25,4,0.76,0.764,59,2
15,2,0.8200000000000001,0.764,59,2
10,6,0.9400000000000001,0.764,59,2
25,24,0.98,0.76,60,0
25,6,0.8200000000000001,0.76,60,1
20,12,0.9400000000000001,0.76,60,1
20,6,0.88,0.76,60,1
15,10,0.96,0.76,60,1
25,4,0.78,0.76,60,2
20,4,0.84,0.76,60,2
20,4,0.86,0.76,60,2
15,4,0.9,0.76,60,2
10,4,0.92,0.76,60,2
10,2,0.84,0.76,60,2
20,18,0.98,0.756,61,1
20,10,0.92,0.756,61,1
25,2,0.72,0.756,61,2
20,2,0.78,0.756,61,2
15,2,0.84,0.756,61,2
10,6,0.96,0.756,61,2
5,2,0.86,0.756,61,2
5,2,0.88,0.756,61,2
25,22,0.98,0.752,62,0
25,16,0.96,0.752,62,0
25,14,0.9400000000000001,0.752,62,1
25,12,0.92,0.752,62,1
25,8,0.86,0.752,62,1
25,8,0.88,0.752,62,1
20,12,0.96,0.752,62,1
15,12,0.98,0.752,62,1
20,2,0.8,0.752,62,2
25,4,0.8,0.748,63,1
20,4,0.88,0.748,63,1
25,2,0.74,0.748,63,2
15,6,0.9400000000000001,0.748,63,2
15,4,0.92,0.748,63,2
10,8,0.98,0.748,63,2
10,2,0.86,0.748,63,2
5,2,0.9,0.748,63,2
20,8,0.92,0.744,64,1
20,6,0.9,0.744,64,1
20,2,0.8200000000000001,0.744,64,2
10,4,0.9400000000000001,0.744,64,2
10,2,0.88,0.744,64,2
5,4,0.96,0.744,64,2
25,10,0.9,0.74,65,1
25,6,0.84,0.74,65,1
5,2,0.92,0.74,65,2
25,20,0.98,0.736,66,0
25,14,0.96,0.736,66,0
25,2,0.76,0.736,66,2
15,2,0.86,0.736,66,2
25,4,0.8200000000000001,0.732,67,1
20,16,0.98,0.732,67,1
20,10,0.9400000000000001,0.732,67,1
15,8,0.96,0.732,67,1
15,4,0.9400000000000001,0.732,67,2
10,2,0.9,0.732,67,2
20,8,0.9400000000000001,0.728,68,1
20,4,0.9,0.728,68,1
15,10,0.98,0.728,68,1
20,2,0.84,0.728,68,2
25,8,0.9,0.724,69,1
25,6,0.86,0.724,69,1
20,10,0.96,0.724,69,1
20,6,0.92,0.724,69,1
15,6,0.96,0.724,69,1
15,2,0.88,0.724,69,2
10,4,0.96,0.724,69,2
5,6,0.98,0.724,69,2
25,6,0.88,0.72,70,1
20,14,0.98,0.72,70,1
25,12,0.9400000000000001,0.716,71,1
25,10,0.92,0.716,71,1
25,2,0.78,0.716,71,1
10,2,0.92,0.716,71,2
25,12,0.96,0.712,72,0
25,4,0.84,0.712,72,1
20,6,0.9400000000000001,0.712,72,1
15,2,0.9,0.712,72,2
5,2,0.9400000000000001,0.712,72,2
25,18,0.98,0.708,73,0
25,4,0.86,0.708,73,1
20,2,0.86,0.708,73,1
25,2,0.8,0.704,74,1
25,10,0.9400000000000001,0.7,75,1
25,8,0.92,0.7,75,1
20,8,0.96,0.7,75,1
20,4,0.92,0.7,75,1
25,6,0.9,0.696,76,1
20,2,0.88,0.696,76,1
15,4,0.96,0.696,76,1
15,2,0.92,0.696,76,2
10,2,0.9400000000000001,0.696,76,2
5,2,0.96,0.696,76,2
25,4,0.88,0.692,77,1
15,8,0.98,0.692,77,1
25,16,0.98,0.688,78,0
25,2,0.8200000000000001,0.688,78,1
20,12,0.98,0.688,78,1
20,4,0.9400000000000001,0.688,78,1
10,6,0.98,0.688,78,2
25,10,0.96,0.684,79,0
25,8,0.9400000000000001,0.684,79,1
25,6,0.92,0.684,79,1
25,2,0.84,0.684,79,1
20,6,0.96,0.68,80,1
20,2,0.9,0.68,80,1
10,2,0.96,0.676,81,2
25,4,0.9,0.672,82,1
25,2,0.86,0.672,82,1
25,14,0.98,0.668,83,0
25,6,0.9400000000000001,0.668,83,1
15,2,0.9400000000000001,0.668,83,1
25,8,0.96,0.664,84,0
25,4,0.92,0.664,84,1
25,2,0.88,0.664,84,1
20,10,0.98,0.664,84,1
5,4,0.98,0.66,85,2
20,4,0.96,0.652,87,1
25,2,0.9,0.648,88,1
20,8,0.98,0.648,88,1
20,2,0.92,0.648,88,1
25,4,0.9400000000000001,0.644,89,1
15,6,0.98,0.644,89,1
25,6,0.96,0.64,90,0
25,12,0.98,0.636,91,0
15,2,0.96,0.636,91,1
10,4,0.98,0.636,91,2
25,10,0.98,0.62,95,0
20,2,0.9400000000000001,0.62,95,1
25,2,0.92,0.616,96,1
25,4,0.96,0.608,98,0
5,2,0.98,0.608,98,2
25,8,0.98,0.604,99,0
15,4,0.98,0.6,100,1
20,6,0.98,0.588,103,1
10,2,0.98,0.588,103,2
25,2,0.9400000000000001,0.584,104,0
20,2,0.96,0.584,104,1
15,2,0.98,0.556,111,1
25,6,0.98,0.544,114,0
25,2,0.96,0.544,114,0
20,4,0.98,0.528,118,1
20,2,0.98,0.496,126,0
25,4,0.98,0.488,128,0
25,2,0.98,0.444,139,0
25,100,1.0,0.0,250,0
25,98,1.0,0.0,250,0
25,96,1.0,0.0,250,0
25,94,1.0,0.0,250,0
25,92,1.0,0.0,250,0
25,90,1.0,0.0,250,0
25,88,1.0,0.0,250,0
25,86,1.0,0.0,250,0
25,84,1.0,0.0,250,0
25,82,1.0,0.0,250,0
25,80,1.0,0.0,250,0
25,78,1.0,0.0,250,0
25,76,1.0,0.0,250,0
25,74,1.0,0.0,250,0
25,72,1.0,0.0,250,0
25,70,1.0,0.0,250,0
25,68,1.0,0.0,250,0
25,66,1.0,0.0,250,0
25,64,1.0,0.0,250,0
25,62,1.0,0.0,250,0
25,60,1.0,0.0,250,0
25,58,1.0,0.0,250,0
25,56,1.0,0.0,250,0
25,54,1.0,0.0,250,0
25,52,1.0,0.0,250,0
25,50,1.0,0.0,250,0
25,48,1.0,0.0,250,0
25,46,1.0,0.0,250,0
25,44,1.0,0.0,250,0
25,42,1.0,0.0,250,0
25,40,1.0,0.0,250,0
25,38,1.0,0.0,250,0
25,36,1.0,0.0,250,0
25,34,1.0,0.0,250,0
25,32,1.0,0.0,250,0
25,30,1.0,0.0,250,0
25,28,1.0,0.0,250,0
25,26,1.0,0.0,250,0
25,24,1.0,0.0,250,0
25,22,1.0,0.0,250,0
25,20,1.0,0.0,250,0
25,18,1.0,0.0,250,0
25,16,1.0,0.0,250,0
25,14,1.0,0.0,250,0
25,12,1.0,0.0,250,0
25,10,1.0,0.0,250,0
25,8,1.0,0.0,250,0
25,6,1.0,0.0,250,0
25,4,1.0,0.0,250,0
25,2,1.0,0.0,250,0
25,0,0.0,0.0,250,0
25,0,0.02,0.0,250,0
25,0,0.04,0.0,250,0
25,0,0.06,0.0,250,0
25,0,0.08,0.0,250,0
25,0,0.1,0.0,250,0
25,0,0.12,0.0,250,0
25,0,0.14,0.0,250,0
25,0,0.16,0.0,250,0
25,0,0.18,0.0,250,0
25,0,0.2,0.0,250,0
25,0,0.22,0.0,250,0
25,0,0.24,0.0,250,0
25,0,0.26,0.0,250,0
25,0,0.28,0.0,250,0
25,0,0.3,0.0,250,0
25,0,0.32,0.0,250,0
25,0,0.34,0.0,250,0
25,0,0.36,0.0,250,0
25,0,0.38,0.0,250,0
25,0,0.4,0.0,250,0
25,0,0.42,0.0,250,0
25,0,0.44,0.0,250,0
25,0,0.46,0.0,250,0
25,0,0.48,0.0,250,0
25,0,0.5,0.0,250,0
25,0,0.52,0.0,250,0
25,0,0.54,0.0,250,0
25,0,0.56,0.0,250,0
25,0,0.58,0.0,250,0
25,0,0.6,0.0,250,0
25,0,0.62,0.0,250,0
25,0,0.64,0.0,250,0
25,0,0.66,0.0,250,0
25,0,0.68,0.0,250,0
25,0,0.7000000000000001,0.0,250,0
25,0,0.72,0.0,250,0
25,0,0.74,0.0,250,0
25,0,0.76,0.0,250,0
25,0,0.78,0.0,250,0
25,0,0.8,0.0,250,0
25,0,0.8200000000000001,0.0,250,0
25,0,0.84,0.0,250,0
25,0,0.86,0.0,250,0
25,0,0.88,0.0,250,0
25,0,0.9,0.0,250,0
25,0,0.92,0.0,250,0
25,0,0.9400000000000001,0.0,250,0
25,0,0.96,0.0,250,0
25,0,0.98,0.0,250,0
25,0,1.0,0.0,250,0
20,100,1.0,0.0,250,0
20,98,1.0,0.0,250,0
20,96,1.0,0.0,250,0
20,94,1.0,0.0,250,0
20,92,1.0,0.0,250,0
20,90,1.0,0.0,250,0
20,88,1.0,0.0,250,0
20,86,1.0,0.0,250,0
20,84,1.0,0.0,250,0
20,82,1.0,0.0,250,0
20,80,1.0,0.0,250,0
20,78,1.0,0.0,250,0
20,76,1.0,0.0,250,0
20,74,1.0,0.0,250,0
20,72,1.0,0.0,250,0
20,70,1.0,0.0,250,0
20,68,1.0,0.0,250,0
20,66,1.0,0.0,250,0
20,64,1.0,0.0,250,0
20,62,1.0,0.0,250,0
20,60,1.0,0.0,250,0
20,58,1.0,0.0,250,0
20,56,1.0,0.0,250,0
20,54,1.0,0.0,250,0
20,52,1.0,0.0,250,0
20,50,1.0,0.0,250,0
20,48,1.0,0.0,250,0
20,46,1.0,0.0,250,0
20,44,1.0,0.0,250,0
20,42,1.0,0.0,250,0
20,40,1.0,0.0,250,0
20,38,1.0,0.0,250,0
20,36,1.0,0.0,250,0
20,34,1.0,0.0,250,0
20,32,1.0,0.0,250,0
20,30,1.0,0.0,250,0
20,28,1.0,0.0,250,0
20,26,1.0,0.0,250,0
20,24,1.0,0.0,250,0
20,22,1.0,0.0,250,0
20,20,1.0,0.0,250,0
20,18,1.0,0.0,250,0
20,16,1.0,0.0,250,0
20,14,1.0,0.0,250,0
20,12,1.0,0.0,250,0
20,10,1.0,0.0,250,0
20,8,1.0,0.0,250,0
20,6,1.0,0.0,250,0
20,4,1.0,0.0,250,0
20,2,1.0,0.0,250,0
20,0,0.0,0.0,250,0
20,0,0.02,0.0,250,0
20,0,0.04,0.0,250,0
20,0,0.06,0.0,250,0
20,0,0.08,0.0,250,0
20,0,0.1,0.0,250,0
20,0,0.12,0.0,250,0
20,0,0.14,0.0,250,0
20,0,0.16,0.0,250,0
20,0,0.18,0.0,250,0
20,0,0.2,0.0,250,0
20,0,0.22,0.0,250,0
20,0,0.24,0.0,250,0
20,0,0.26,0.0,250,0
20,0,0.28,0.0,250,0
20,0,0.3,0.0,250,0
20,0,0.32,0.0,250,0
20,0,0.34,0.0,250,0
20,0,0.36,0.0,250,0
20,0,0.38,0.0,250,0
20,0,0.4,0.0,250,0
20,0,0.42,0.0,250,0
20,0,0.44,0.0,250,0
20,0,0.46,0.0,250,0
20,0,0.48,0.0,250,0
20,0,0.5,0.0,250,0
20,0,0.52,0.0,250,0
20,0,0.54,0.0,250,0
20,0,0.56,0.0,250,0
20,0,0.58,0.0,250,0
20,0,0.6,0.0,250,0
20,0,0.62,0.0,250,0
20,0,0.64,0.0,250,0
20,0,0.66,0.0,250,0
20,0,0.68,0.0,250,0
20,0,0.7000000000000001,0.0,250,0
20,0,0.72,0.0,250,0
20,0,0.74,0.0,250,0
20,0,0.76,0.0,250,0
20,0,0.78,0.0,250,0
20,0,0.8,0.0,250,0
20,0,0.8200000000000001,0.0,250,0
20,0,0.84,0.0,250,0
20,0,0.86,0.0,250,0
20,0,0.88,0.0,250,0
20,0,0.9,0.0,250,0
20,0,0.92,0.0,250,0
20,0,0.9400000000000001,0.0,250,0
20,0,0.96,0.0,250,0
20,0,0.98,0.0,250,0
20,0,1.0,0.0,250,0
15,100,1.0,0.0,250,0
15,98,1.0,0.0,250,0
15,96,1.0,0.0,250,0
15,94,1.0,0.0,250,0
15,92,1.0,0.0,250,0
15,90,1.0,0.0,250,0
15,88,1.0,0.0,250,0
15,86,1.0,0.0,250,0
15,84,1.0,0.0,250,0
15,82,1.0,0.0,250,0
15,80,1.0,0.0,250,0
15,78,1.0,0.0,250,0
15,76,1.0,0.0,250,0
15,74,1.0,0.0,250,0
15,72,1.0,0.0,250,0
15,70,1.0,0.0,250,0
15,68,1.0,0.0,250,0
15,66,1.0,0.0,250,0
15,64,1.0,0.0,250,0
15,62,1.0,0.0,250,0
15,60,1.0,0.0,250,0
15,58,1.0,0.0,250,0
15,56,1.0,0.0,250,0
15,54,1.0,0.0,250,0
15,52,1.0,0.0,250,0
15,50,1.0,0.0,250,0
15,48,1.0,0.0,250,0
15,46,1.0,0.0,250,0
15,44,1.0,0.0,250,0
15,42,1.0,0.0,250,0
15,40,1.0,0.0,250,0
15,38,1.0,0.0,250,0
15,36,1.0,0.0,250,0
15,34,1.0,0.0,250,0
15,32,1.0,0.0,250,0
15,30,1.0,0.0,250,0
15,28,1.0,0.0,250,0
15,26,1.0,0.0,250,0
15,24,1.0,0.0,250,0
15,22,1.0,0.0,250,0
15,20,1.0,0.0,250,0
15,18,1.0,0.0,250,0
15,16,1.0,0.0,250,0
15,14,1.0,0.0,250,0
15,12,1.0,0.0,250,0
15,10,1.0,0.0,250,0
15,8,1.0,0.0,250,0
15,6,1.0,0.0,250,0
15,4,1.0,0.0,250,0
15,2,1.0,0.0,250,0
15,0,0.0,0.0,250,0
15,0,0.02,0.0,250,0
15,0,0.04,0.0,250,0
15,0,0.06,0.0,250,0
15,0,0.08,0.0,250,0
15,0,0.1,0.0,250,0
15,0,0.12,0.0,250,0
15,0,0.14,0.0,250,0
15,0,0.16,0.0,250,0
15,0,0.18,0.0,250,0
15,0,0.2,0.0,250,0
15,0,0.22,0.0,250,0
15,0,0.24,0.0,250,0
15,0,0.26,0.0,250,0
15,0,0.28,0.0,250,0
15,0,0.3,0.0,250,0
15,0,0.32,0.0,250,0
15,0,0.34,0.0,250,0
15,0,0.36,0.0,250,0
15,0,0.38,0.0,250,0
15,0,0.4,0.0,250,0
15,0,0.42,0.0,250,0
15,0,0.44,0.0,250,0
15,0,0.46,0.0,250,0
15,0,0.48,0.0,250,0
15,0,0.5,0.0,250,0
15,0,0.52,0.0,250,0
15,0,0.54,0.0,250,0
15,0,0.56,0.0,250,0
15,0,0.58,0.0,250,0
15,0,0.6,0.0,250,0
15,0,0.62,0.0,250,0
15,0,0.64,0.0,250,0
15,0,0.66,0.0,250,0
15,0,0.68,0.0,250,0
15,0,0.7000000000000001,0.0,250,0
15,0,0.72,0.0,250,0
15,0,0.74,0.0,250,0
15,0,0.76,0.0,250,0
15,0,0.78,0.0,250,0
15,0,0.8,0.0,250,0
15,0,0.8200000000000001,0.0,250,0
15,0,0.84,0.0,250,0
15,0,0.86,0.0,250,0
15,0,0.88,0.0,250,0
15,0,0.9,0.0,250,0
15,0,0.92,0.0,250,0
15,0,0.9400000000000001,0.0,250,0
15,0,0.96,0.0,250,0
15,0,0.98,0.0,250,0
15,0,1.0,0.0,250,0
10,100,1.0,0.0,250,0
10,98,1.0,0.0,250,0
10,96,1.0,0.0,250,0
10,94,1.0,0.0,250,0
10,92,1.0,0.0,250,0
10,90,1.0,0.0,250,0
10,88,1.0,0.0,250,0
10,86,1.0,0.0,250,0
10,84,1.0,0.0,250,0
10,82,1.0,0.0,250,0
10,80,1.0,0.0,250,0
10,78,1.0,0.0,250,0
10,76,1.0,0.0,250,0
10,74,1.0,0.0,250,0
10,72,1.0,0.0,250,0
10,70,1.0,0.0,250,0
10,68,1.0,0.0,250,0
10,66,1.0,0.0,250,0
10,64,1.0,0.0,250,0
10,62,1.0,0.0,250,0
10,60,1.0,0.0,250,0
10,58,1.0,0.0,250,0
10,56,1.0,0.0,250,0
10,54,1.0,0.0,250,0
10,52,1.0,0.0,250,0
10,50,1.0,0.0,250,0
10,48,1.0,0.0,250,0
10,46,1.0,0.0,250,0
10,44,1.0,0.0,250,0
10,42,1.0,0.0,250,0
10,40,1.0,0.0,250,0
10,38,1.0,0.0,250,0
10,36,1.0,0.0,250,0
10,34,1.0,0.0,250,0
10,32,1.0,0.0,250,0
10,30,1.0,0.0,250,0
10,28,1.0,0.0,250,0
10,26,1.0,0.0,250,0
10,24,1.0,0.0,250,0
10,22,1.0,0.0,250,0
10,20,1.0,0.0,250,0
10,18,1.0,0.0,250,0
10,16,1.0,0.0,250,0
10,14,1.0,0.0,250,0
10,12,1.0,0.0,250,0
10,10,1.0,0.0,250,0
10,8,1.0,0.0,250,0
10,6,1.0,0.0,250,0
10,4,1.0,0.0,250,0
10,2,1.0,0.0,250,0
10,0,0.0,0.0,250,0
10,0,0.02,0.0,250,0
10,0,0.04,0.0,250,0
10,0,0.06,0.0,250,0
10,0,0.08,0.0,250,0
10,0,0.1,0.0,250,0
10,0,0.12,0.0,250,0
10,0,0.14,0.0,250,0
10,0,0.16,0.0,250,0
10,0,0.18,0.0,250,0
10,0,0.2,0.0,250,0
10,0,0.22,0.0,250,0
10,0,0.24,0.0,250,0
10,0,0.26,0.0,250,0
10,0,0.28,0.0,250,0
10,0,0.3,0.0,250,0
10,0,0.32,0.0,250,0
10,0,0.34,0.0,250,0
10,0,0.36,0.0,250,0
10,0,0.38,0.0,250,0
10,0,0.4,0.0,250,0
10,0,0.42,0.0,250,0
10,0,0.44,0.0,250,0
10,0,0.46,0.0,250,0
10,0,0.48,0.0,250,0
10,0,0.5,0.0,250,0
10,0,0.52,0.0,250,0
10,0,0.54,0.0,250,0
10,0,0.56,0.0,250,0
10,0,0.58,0.0,250,0
10,0,0.6,0.0,250,0
10,0,0.62,0.0,250,0
10,0,0.64,0.0,250,0
10,0,0.66,0.0,250,0
10,0,0.68,0.0,250,0
10,0,0.7000000000000001,0.0,250,0
10,0,0.72,0.0,250,0
10,0,0.74,0.0,250,0
10,0,0.76,0.0,250,0
10,0,0.78,0.0,250,0
10,0,0.8,0.0,250,0
10,0,0.8200000000000001,0.0,250,0
10,0,0.84,0.0,250,0
10,0,0.86,0.0,250,0
10,0,0.88,0.0,250,0
10,0,0.9,0.0,250,0
10,0,0.92,0.0,250,0
10,0,0.9400000000000001,0.0,250,0
10,0,0.96,0.0,250,0
10,0,0.98,0.0,250,0
10,0,1.0,0.0,250,0
5,100,1.0,0.0,250,0
5,98,1.0,0.0,250,0
5,96,1.0,0.0,250,0
5,94,1.0,0.0,250,0
5,92,1.0,0.0,250,0
5,90,1.0,0.0,250,0
5,88,1.0,0.0,250,0
5,86,1.0,0.0,250,0
5,84,1.0,0.0,250,0
5,82,1.0,0.0,250,0
5,80,1.0,0.0,250,0
5,78,1.0,0.0,250,0
5,76,1.0,0.0,250,0
5,74,1.0,0.0,250,0
5,72,1.0,0.0,250,0
5,70,1.0,0.0,250,0
5,68,1.0,0.0,250,0
5,66,1.0,0.0,250,0
5,64,1.0,0.0,250,0
5,62,1.0,0.0,250,0
5,60,1.0,0.0,250,0
5,58,1.0,0.0,250,0
5,56,1.0,0.0,250,0
5,54,1.0,0.0,250,0
5,52,1.0,0.0,250,0
5,50,1.0,0.0,250,0
5,48,1.0,0.0,250,0
5,46,1.0,0.0,250,0
5,44,1.0,0.0,250,0
5,42,1.0,0.0,250,0
5,40,1.0,0.0,250,0
5,38,1.0,0.0,250,0
5,36,1.0,0.0,250,0
5,34,1.0,0.0,250,0
5,32,1.0,0.0,250,0
5,30,1.0,0.0,250,0
5,28,1.0,0.0,250,0
5,26,1.0,0.0,250,0
5,24,1.0,0.0,250,0
5,22,1.0,0.0,250,0
5,20,1.0,0.0,250,0
5,18,1.0,0.0,250,0
5,16,1.0,0.0,250,0
5,14,1.0,0.0,250,0
5,12,1.0,0.0,250,0
5,10,1.0,0.0,250,0
5,8,1.0,0.0,250,0
5,6,1.0,0.0,250,0
5,4,1.0,0.0,250,0
5,2,1.0,0.0,250,0
5,0,0.0,0.0,250,0
5,0,0.02,0.0,250,0
5,0,0.04,0.0,250,0
5,0,0.06,0.0,250,0
5,0,0.08,0.0,250,0
5,0,0.1,0.0,250,0
5,0,0.12,0.0,250,0
5,0,0.14,0.0,250,0
5,0,0.16,0.0,250,0
5,0,0.18,0.0,250,0
5,0,0.2,0.0,250,0
5,0,0.22,0.0,250,0
5,0,0.24,0.0,250,0
5,0,0.26,0.0,250,0
5,0,0.28,0.0,250,0
5,0,0.3,0.0,250,0
5,0,0.32,0.0,250,0
5,0,0.34,0.0,250,0
5,0,0.36,0.0,250,0
5,0,0.38,0.0,250,0
5,0,0.4,0.0,250,0
5,0,0.42,0.0,250,0
5,0,0.44,0.0,250,0
5,0,0.46,0.0,250,0
5,0,0.48,0.0,250,0
5,0,0.5,0.0,250,0
5,0,0.52,0.0,250,0
5,0,0.54,0.0,250,0
5,0,0.56,0.0,250,0
5,0,0.58,0.0,250,0
5,0,0.6,0.0,250,0
5,0,0.62,0.0,250,0
5,0,0.64,0.0,250,0
5,0,0.66,0.0,250,0
5,0,0.68,0.0,250,0
5,0,0.7000000000000001,0.0,250,0
5,0,0.72,0.0,250,0
5,0,0.74,0.0,250,0
5,0,0.76,0.0,250,0
5,0,0.78,0.0,250,0
5,0,0.8,0.0,250,0
5,0,0.8200000000000001,0.0,250,0
5,0,0.84,0.0,250,0
5,0,0.86,0.0,250,0
5,0,0.88,0.0,250,0
5,0,0.9,0.0,250,0
5,0,0.92,0.0,250,0
5,0,0.9400000000000001,0.0,250,0
5,0,0.96,0.0,250,0
5,0,0.98,0.0,250,0
5,0,1.0,0.0,250,0
