image_filename,super_category,fine_category,x_center,y_center,width,height,rotation_angle,is_flipped,split
a036546.jpg,noise,none,0.988439,0.958542,0.023121,0.02625,90,False,train
a036659.jpg,noise,none,0.474265,0.033333,0.051471,0.030833,180,False,train
a073144.jpg,noise,none,0.08,0.954623,0.04,0.047374,0,False,train
a073350.jpg,noise,none,0.93,0.035817,0.059167,0.061318,180,False,train
a073438.jpg,noise,none,0.992865,0.971667,0.014269,0.03,90,False,train
a074470.jpg,noise,none,0.027515,0.026875,0.055031,0.044583,180,False,train
a074506.jpg,noise,none,0.03125,0.013542,0.050332,0.027083,180,False,train
a074645.jpg,noise,none,0.02527,0.035208,0.050539,0.04375,180,False,test
a074645.jpg,noise,none,0.056218,0.059583,0.049972,0.0275,90,False,train
a135237.jpg,noise,none,0.0275,0.514048,0.045833,0.028096,90,False,train
a135237.jpg,noise,none,0.013958,0.515768,0.027917,0.031537,90,False,train
a135237.jpg,noise,none,0.029583,0.987385,0.040833,0.025229,0,False,train
a135730.jpg,noise,none,0.485219,0.077708,0.028994,0.044583,0,False,train
a135817.jpg,noise,none,0.012419,0.0225,0.024837,0.0325,180,False,train
b022632.jpg,noise,none,0.484475,0.09125,0.031049,0.0175,0,False,train
b022832.jpg,noise,none,0.988542,0.018066,0.022917,0.036131,270,False,train
b023058.jpg,noise,none,0.968542,0.039307,0.029583,0.030236,0,False,train
b023079.jpg,noise,none,0.044843,0.031042,0.038117,0.02625,0,False,train
b052161.jpg,noise,none,0.013333,0.014167,0.026667,0.028333,180,False,train
b052161.jpg,noise,none,0.018889,0.004792,0.037778,0.009583,180,False,train
b054963.jpg,noise,none,0.940833,0.010609,0.046667,0.021217,180,False,test
b054963.jpg,noise,none,0.927083,0.006979,0.034167,0.013959,180,False,test
b054963.jpg,noise,none,0.950417,0.006421,0.031667,0.012842,180,False,train
b061086.jpg,noise,none,0.0225,0.790762,0.040833,0.037841,90,False,train
b061086.jpg,noise,none,0.017083,0.743461,0.029167,0.033389,90,False,train
b062917.jpg,noise,none,0.987292,0.022185,0.025417,0.04437,270,False,train
b062917.jpg,noise,none,0.985,0.343317,0.03,0.047698,270,False,test
b062917.jpg,noise,none,0.924583,0.49279,0.049167,0.013866,0,False,train
b065994.jpg,noise,none,0.968958,0.029642,0.055417,0.048098,270,False,train
b066130.jpg,noise,none,0.045,0.547419,0.031667,0.034231,90,False,train
b066424.jpg,noise,none,0.013619,0.012708,0.027237,0.025417,180,False,train
b069798.jpg,noise,none,0.023958,0.507267,0.027917,0.015092,90,False,train
b069800.jpg,noise,none,0.013125,0.506704,0.02625,0.013408,90,False,test
b074268.jpg,noise,none,0.048573,0.027917,0.035675,0.025833,0,False,train
b088627.jpg,noise,none,0.143449,0.032917,0.050304,0.035,180,False,train
b088627.jpg,noise,none,0.021006,0.005,0.042012,0.01,0,False,train
b088627.jpg,noise,none,0.30597,0.093542,0.055832,0.012917,0,False,train
b093887.jpg,noise,none,0.971458,0.103064,0.040417,0.044568,270,False,test
b222948.jpg,noise,none,0.088958,0.876659,0.022083,0.04646,180,False,train
b238949.jpg,noise,none,0.970625,0.489221,0.020417,0.021006,0,False,train
b238949.jpg,noise,none,0.976042,0.007186,0.040417,0.014373,0,False,train
b239187.jpg,noise,none,0.031667,0.973209,0.019167,0.028431,0,False,train
a017150.jpg,noise,none,0.485417,0.623771,0.035833,0.050318,0,False,train
a017169.jpg,noise,none,0.118126,0.969167,0.066779,0.038333,0,False,train
a017169.jpg,noise,none,0.886644,0.969167,0.075196,0.046667,0,False,train
a017169.jpg,noise,none,0.228114,0.904583,0.049944,0.0425,0,False,train
a017169.jpg,noise,none,0.145903,0.492083,0.04826,0.035833,0,False,train
a017346.jpg,noise,none,0.416875,0.022949,0.03875,0.043603,180,False,test
a017346.jpg,noise,none,0.511458,0.022375,0.03625,0.040161,0,False,train
a017346.jpg,noise,none,0.438125,0.022375,0.03375,0.040161,180,False,train
a017601.jpg,noise,none,0.225457,0.964375,0.082192,0.052917,0,False,test
a017601.jpg,noise,none,0.835046,0.962292,0.073059,0.05375,0,False,train
a017601.jpg,noise,none,0.222603,0.029375,0.069635,0.045417,180,False,train
a017601.jpg,noise,none,0.833619,0.023958,0.045091,0.029583,180,False,test
a017601.jpg,noise,none,0.917237,0.972083,0.054795,0.034167,0,False,train
a018923.jpg,noise,none,0.961938,0.968542,0.05421,0.03875,0,False,train
a018923.jpg,noise,none,0.08045,0.0325,0.054787,0.035833,180,False,train
a018923.jpg,noise,none,0.11707,0.030208,0.05421,0.035417,180,False,train
a018925.jpg,noise,none,0.956471,0.974792,0.056878,0.042083,0,False,train
a018925.jpg,noise,none,0.048752,0.975417,0.068485,0.046667,0,False,train
a019983.jpg,noise,none,0.057083,0.921646,0.033333,0.05186,90,False,train
a028390.jpg,noise,none,0.161318,0.97375,0.073926,0.045833,90,False,train
a028390.jpg,noise,none,0.118625,0.053958,0.053868,0.034583,180,False,train
a029912.jpg,noise,none,0.00875,0.980035,0.0175,0.039931,90,False,train
a029912.jpg,noise,none,0.026458,0.020544,0.03375,0.041088,180,False,train
a029925.jpg,noise,none,0.972917,0.886929,0.030833,0.054945,0,False,train
a029927.jpg,noise,none,0.011042,0.946305,0.022083,0.075058,90,False,train
a036079.jpg,noise,none,0.072254,0.99125,0.053179,0.0175,0,False,test
a036627.jpg,noise,none,0.079895,0.016667,0.045904,0.033333,180,False,train
a036627.jpg,noise,none,0.114178,0.016875,0.056363,0.03375,180,False,train
a036627.jpg,noise,none,0.069146,0.0325,0.042998,0.031667,0,False,train
a036627.jpg,noise,none,0.043289,0.014583,0.048228,0.029167,0,False,train
a036628.jpg,noise,none,0.043129,0.017708,0.052945,0.034583,180,False,train
a036789.jpg,noise,none,0.013897,0.088542,0.027793,0.04625,0,False,train
a036880.jpg,noise,none,0.81173,0.965625,0.056305,0.03375,0,False,train
a036888.jpg,noise,none,0.009375,0.105371,0.01875,0.068301,90,False,train
a036895.jpg,noise,none,0.129651,0.992708,0.060103,0.014583,0,False,train
a036895.jpg,noise,none,0.216943,0.99125,0.059531,0.0175,0,False,train
a036895.jpg,noise,none,0.163423,0.990417,0.058958,0.019167,0,False,train
a036895.jpg,noise,none,0.241557,0.990833,0.062965,0.018333,0,False,train
a036895.jpg,noise,none,0.083858,0.991875,0.065827,0.01625,0,False,train
a036895.jpg,noise,none,0.96308,0.012708,0.048655,0.025417,180,False,test
a046171.jpg,noise,none,0.970402,0.868125,0.059195,0.05125,270,False,train
a046172.jpg,noise,none,0.98,0.11375,0.04,0.038333,270,False,test
a046172.jpg,noise,none,0.954286,0.141042,0.054857,0.04125,270,False,train
a046447.jpg,noise,none,0.981042,0.912839,0.037917,0.084671,270,False,train
a070276.jpg,noise,none,0.865283,0.030625,0.052016,0.034583,180,False,train
a070276.jpg,noise,none,0.173875,0.049792,0.073057,0.039583,180,False,train
a070276.jpg,noise,none,0.985681,0.971042,0.028638,0.03375,0,False,train
a070391.jpg,noise,none,0.98,0.028647,0.04,0.047844,270,False,train
a073150.jpg,noise,none,0.034702,0.052292,0.04627,0.035417,90,False,train
a073156.jpg,noise,none,0.036047,0.925417,0.059302,0.043333,90,False,train
a073199.jpg,noise,none,0.073125,0.937899,0.032917,0.041788,0,False,test
a073199.jpg,noise,none,0.970417,0.022635,0.041667,0.04527,270,False,train
a073199.jpg,noise,none,0.016667,0.988973,0.033333,0.022055,0,False,train
a073239.jpg,noise,none,0.961387,0.976458,0.046787,0.032083,270,False,train
a073250.jpg,noise,none,0.957083,0.025952,0.036667,0.043829,180,False,train
a073269.jpg,noise,none,0.980313,0.965833,0.039375,0.033333,0,False,train
a073305.jpg,noise,none,0.965208,0.047175,0.045417,0.047758,0,False,test
a073420.jpg,noise,none,0.96875,0.93877,0.041667,0.056297,270,False,train
a073420.jpg,noise,none,0.973125,0.899013,0.040417,0.063842,270,False,train
a073420.jpg,noise,none,0.0125,0.986651,0.025,0.026698,0,False,train
a073420.jpg,noise,none,0.967708,0.844748,0.05625,0.080673,270,False,train
a073435.jpg,noise,none,0.257708,0.192556,0.03125,0.04279,0,False,test
a073435.jpg,noise,none,0.009792,0.013775,0.019583,0.02755,0,False,train
a073951.jpg,noise,none,0.070896,0.030417,0.044202,0.031667,180,False,train
a074101.jpg,noise,none,0.936086,0.023542,0.050905,0.029583,180,False,train
a074109.jpg,noise,none,0.025625,0.093382,0.05125,0.071228,90,False,train
a074137.jpg,noise,none,0.968362,0.955625,0.045198,0.03125,0,False,test
a074251.jpg,noise,none,0.126503,0.968125,0.06411,0.037917,0,False,test
a074263.jpg,noise,none,0.849943,0.052708,0.053837,0.037083,180,False,train
a074318.jpg,noise,none,0.986079,0.970208,0.027842,0.03625,270,False,test
a074318.jpg,noise,none,0.012181,0.951667,0.024362,0.0525,0,False,train
a074318.jpg,noise,none,0.967227,0.91625,0.046984,0.035,270,False,train
a074344.jpg,noise,none,0.057292,0.910725,0.032083,0.045217,90,False,test
a074347.jpg,noise,none,0.97403,0.976667,0.047374,0.035,180,False,train
a074460.jpg,noise,none,0.962953,0.03375,0.065181,0.050833,270,False,train
a074460.jpg,noise,none,0.012813,0.986667,0.025627,0.026667,0,False,train
a074543.jpg,noise,none,0.02667,0.0225,0.053341,0.045,90,False,test
a074543.jpg,noise,none,0.968557,0.032292,0.062886,0.05125,270,False,train
a074543.jpg,noise,none,0.953116,0.985208,0.052218,0.029583,0,False,train
a074645.jpg,noise,none,0.085747,0.969583,0.048836,0.036667,0,False,train
a074645.jpg,noise,none,0.052527,0.97875,0.045997,0.034167,90,False,train
a074645.jpg,noise,none,0.027541,0.044792,0.045997,0.037083,270,False,train
a074645.jpg,noise,none,0.123509,0.968542,0.049404,0.037083,0,False,train
a074699.jpg,noise,none,0.04024,0.9725,0.069064,0.050833,90,False,train
a074699.jpg,noise,none,0.033105,0.022708,0.06621,0.045417,90,False,train
a074699.jpg,noise,none,0.073916,0.96625,0.061073,0.041667,180,False,test
a074721.jpg,noise,none,0.039615,0.978125,0.064516,0.04375,90,False,train
a074775.jpg,noise,none,0.954155,0.98,0.057307,0.035833,270,False,train
a074775.jpg,noise,none,0.974499,0.970208,0.051003,0.047083,270,False,train
a074775.jpg,noise,none,0.120917,0.964167,0.073352,0.049167,0,False,train
a108101.jpg,noise,none,0.33625,0.768898,0.034167,0.051356,0,False,train
a108103.jpg,noise,none,0.02088,0.853542,0.041761,0.05375,90,False,train
a108103.jpg,noise,none,0.022291,0.16875,0.044582,0.055833,90,False,test
a108104.jpg,noise,none,0.020489,0.824375,0.040979,0.057083,90,False,test
a108104.jpg,noise,none,0.02675,0.185625,0.0535,0.05625,90,False,train
a108104.jpg,noise,none,0.980933,0.85625,0.038133,0.055,270,False,train
a108104.jpg,noise,none,0.912351,0.991042,0.052362,0.017917,0,False,train
a108123.jpg,noise,none,0.905417,0.981354,0.05,0.037292,0,False,train
a108123.jpg,noise,none,0.148333,0.018646,0.05,0.037292,180,False,train
a108140.jpg,noise,none,0.017664,0.859792,0.035328,0.05125,90,False,test
a108140.jpg,noise,none,0.174074,0.0325,0.047293,0.031667,180,False,train
a108469.jpg,noise,none,0.971682,0.945,0.056635,0.055833,270,False,train
a108469.jpg,noise,none,0.022488,0.96375,0.044975,0.053333,90,False,test
a108469.jpg,noise,none,0.016935,0.052083,0.03387,0.049167,270,False,test
a108469.jpg,noise,none,0.023043,0.0625,0.046086,0.035833,90,False,train
a108469.jpg,noise,none,0.980289,0.043542,0.039423,0.042917,270,False,test
a108487.jpg,noise,none,0.932773,0.991458,0.068427,0.017083,0,False,train
a108580.jpg,noise,none,0.016667,0.106257,0.033333,0.083991,90,False,train
a108580.jpg,noise,none,0.013333,0.125423,0.026667,0.050169,90,False,train
a108672.jpg,noise,none,0.923098,0.941458,0.051638,0.04125,270,False,train
a108685.jpg,noise,none,0.905272,0.029583,0.048088,0.034167,180,False,test
a135242.jpg,noise,none,0.015927,0.965417,0.031854,0.05,90,False,train
a135242.jpg,noise,none,0.978953,0.968542,0.042093,0.055417,270,False,train
a135242.jpg,noise,none,0.023606,0.020208,0.047213,0.040417,90,False,train
a135242.jpg,noise,none,0.979238,0.0325,0.041524,0.065,270,False,train
a135587.jpg,noise,none,0.592382,0.98125,0.053439,0.0375,0,False,test
a135599.jpg,noise,none,0.023333,0.824477,0.039167,0.069531,90,False,train
a135686.jpg,noise,none,0.152211,0.04375,0.049397,0.033333,180,False,train
a135694.jpg,noise,none,0.919874,0.973125,0.072947,0.052917,0,False,test
a135705.jpg,noise,none,0.901826,0.982708,0.049087,0.032917,0,False,train
a135705.jpg,noise,none,0.862443,0.982917,0.050228,0.033333,0,False,test
a135756.jpg,noise,none,0.161825,0.025625,0.04939,0.029583,180,False,test
a135821.jpg,noise,none,0.970368,0.022708,0.059264,0.045417,270,False,train
a135821.jpg,noise,none,0.120253,0.056667,0.049482,0.03,0,False,test
a135864.jpg,noise,none,0.978121,0.9775,0.043757,0.031667,270,False,train
a140338.jpg,noise,none,0.111238,0.022292,0.082145,0.044583,180,False,train
a140338.jpg,noise,none,0.974044,0.862708,0.051911,0.04875,270,False,test
a140339.jpg,noise,none,0.959272,0.020417,0.064125,0.040833,270,False,train
b003337l.jpg,noise,none,0.01,0.431859,0.02,0.050807,90,False,train
b003337l.jpg,noise,none,0.979583,0.864017,0.040833,0.060371,270,False,train
b003337l.jpg,noise,none,0.98,0.899283,0.04,0.056784,270,False,train
b003337l.jpg,noise,none,0.010208,0.401973,0.020417,0.052002,90,False,train
b003337l.jpg,noise,none,0.011458,0.196653,0.022917,0.051405,90,False,train
b003344l.jpg,noise,none,0.978542,0.901855,0.042917,0.059844,270,False,test
b003344l.jpg,noise,none,0.984375,0.128965,0.03125,0.04608,270,False,train
b007565l.jpg,noise,none,0.014821,0.99,0.029642,0.02,0,False,train
b007567l.jpg,noise,none,0.009583,0.98414,0.019167,0.03172,0,False,train
b007586l.jpg,noise,none,0.013542,0.913553,0.027083,0.055772,90,False,train
b007591l.jpg,noise,none,0.012708,0.522112,0.025417,0.049198,0,False,train
b007591l.jpg,noise,none,0.010625,0.423715,0.02125,0.050304,0,False,test
b007591l.jpg,noise,none,0.0125,0.456329,0.025,0.056938,0,False,train
b007591l.jpg,noise,none,0.492083,0.967662,0.0525,0.058043,0,False,train
b007592l.jpg,noise,none,0.990625,0.497211,0.01875,0.05633,0,False,train
b007616l.jpg,noise,none,0.991458,0.038224,0.017083,0.051714,90,False,train
b007616l.jpg,noise,none,0.990208,0.98679,0.019583,0.026419,0,False,test
b007616l.jpg,noise,none,0.991458,0.150084,0.017083,0.051714,270,False,train
b007621l.jpg,noise,none,0.009375,0.881682,0.01875,0.061804,90,False,test
b007621l.jpg,noise,none,0.989792,0.985245,0.020417,0.02951,270,False,train
b007621l.jpg,noise,none,0.010417,0.988029,0.020833,0.023942,0,False,train
b007621l.jpg,noise,none,0.009167,0.821269,0.018333,0.05902,270,False,train
b009914l.jpg,noise,none,0.988958,0.325526,0.022083,0.078078,270,False,train
b009914l.jpg,noise,none,0.99,0.357057,0.02,0.075075,270,False,test
b009914l.jpg,noise,none,0.988333,0.615015,0.023333,0.076877,270,False,test
b009917l.jpg,noise,none,0.991458,0.319284,0.017083,0.062462,270,False,train
b009917l.jpg,noise,none,0.9875,0.330503,0.025,0.086113,270,False,train
b009917l.jpg,noise,none,0.991667,0.286234,0.016667,0.043663,180,False,train
b009917l.jpg,noise,none,0.989792,0.352941,0.020417,0.0849,270,False,train
b011751l.jpg,noise,none,0.982218,0.103958,0.035564,0.03125,270,False,train
b013754l.jpg,noise,none,0.012318,0.985625,0.024636,0.02875,0,False,train
b013754l.jpg,noise,none,0.983203,0.977917,0.033595,0.036667,0,False,train
b014981l.jpg,noise,none,0.667877,0.0075,0.049721,0.015,180,False,train
b014984l.jpg,noise,none,0.890285,0.983958,0.075377,0.032083,0,False,train
b014986l.jpg,noise,none,0.758669,0.982083,0.083333,0.035833,0,False,train
b014986l.jpg,noise,none,0.014821,0.976875,0.029642,0.037083,0,False,train
b014986l.jpg,noise,none,0.989933,0.983333,0.020134,0.033333,180,False,test
b022555.jpg,noise,none,0.968281,0.97125,0.049596,0.035833,0,False,test
b022676.jpg,noise,none,0.972558,0.980833,0.048299,0.034167,0,False,train
b022696.jpg,noise,none,0.087917,0.036051,0.0425,0.039933,180,False,train
b022696.jpg,noise,none,0.040208,0.034664,0.034583,0.044925,180,False,train
b022723.jpg,noise,none,0.026458,0.163408,0.052917,0.075419,90,False,test
b022740.jpg,noise,none,0.167308,0.022708,0.051099,0.03625,180,False,train
b022743.jpg,noise,none,0.029167,0.96628,0.056667,0.05749,0,False,train
b022743.jpg,noise,none,0.028542,0.889442,0.049583,0.064124,90,False,train
b022743.jpg,noise,none,0.985417,0.079326,0.029167,0.045882,270,False,test
b022743.jpg,noise,none,0.984583,0.113599,0.030833,0.046987,270,False,test
b022836.jpg,noise,none,0.031875,0.90228,0.050417,0.059718,90,False,train
b022859.jpg,noise,none,0.895285,0.045417,0.054825,0.0325,180,False,train
b022878.jpg,noise,none,0.03037,0.023333,0.044174,0.034167,180,False,train
b022878.jpg,noise,none,0.170072,0.03875,0.051905,0.035,180,False,train
b022886.jpg,noise,none,0.010208,0.012619,0.020417,0.025238,0,False,train
b023033.jpg,noise,none,0.896064,0.988125,0.060421,0.02375,0,False,test
b023205.jpg,noise,none,0.869506,0.0225,0.045035,0.031667,180,False,train
b023211.jpg,noise,none,0.033125,0.035239,0.032917,0.04273,180,False,train
b023285.jpg,noise,none,0.170201,0.022708,0.049107,0.032917,180,False,train
b023320.jpg,noise,none,0.052083,0.938337,0.0375,0.049665,90,False,test
b023320.jpg,noise,none,0.972708,0.03683,0.03125,0.040179,270,False,train
b023321.jpg,noise,none,0.89389,0.033125,0.061648,0.037083,180,False,train
b023324.jpg,noise,none,0.073243,0.518958,0.051351,0.042083,90,False,train
b023329.jpg,noise,none,0.02375,0.093197,0.035833,0.051438,90,False,train
b024986.jpg,noise,none,0.953333,0.026461,0.035833,0.041896,180,False,train
b024986.jpg,noise,none,0.927708,0.026185,0.03375,0.041345,180,False,train
b024986.jpg,noise,none,0.026042,0.03032,0.039583,0.050717,180,False,train
a017135.jpg,notch,semicircle,0.834182,0.97125,0.055461,0.026667,0,False,train
a017135.jpg,notch,semicircle,0.89219,0.971042,0.059423,0.02625,0,False,train
a017169.jpg,notch,semicircle,0.187991,0.020417,0.04826,0.026667,180,False,train
a017169.jpg,notch,semicircle,0.129068,0.02,0.051627,0.0275,180,False,test
a017176.jpg,notch,semicircle,0.855741,0.968333,0.058894,0.030833,0,False,test
a017176.jpg,notch,semicircle,0.913742,0.967708,0.063058,0.032917,0,False,test
a017200.jpg,notch,semicircle,0.829169,0.971458,0.056944,0.03375,0,False,train
a017200.jpg,notch,semicircle,0.888146,0.97125,0.056363,0.031667,0,False,train
a017345.jpg,notch,semicircle,0.889555,0.969167,0.061073,0.036667,0,False,train
a017345.jpg,notch,semicircle,0.829053,0.969583,0.063356,0.039167,0,False,train
a017346.jpg,notch,semicircle,0.024375,0.892427,0.030417,0.054504,90,False,train
a017346.jpg,notch,semicircle,0.023542,0.833907,0.03125,0.052209,90,False,train
a017585.jpg,notch,semicircle,0.89628,0.973125,0.043968,0.02375,0,False,train
a017585.jpg,notch,semicircle,0.840474,0.972708,0.052988,0.029583,0,False,train
a017601.jpg,notch,semicircle,0.166381,0.026458,0.045091,0.022917,180,False,train
a017601.jpg,notch,semicircle,0.111016,0.026458,0.047374,0.02375,180,False,train
a017601.jpg,notch,semicircle,0.111872,0.025833,0.057078,0.030833,180,False,train
a017601.jpg,notch,semicircle,0.164954,0.026042,0.059361,0.03125,180,False,train
a017612.jpg,notch,semicircle,0.105202,0.026667,0.052023,0.025833,180,False,train
a017612.jpg,notch,semicircle,0.163584,0.027292,0.055491,0.02625,180,False,train
a028390.jpg,notch,semicircle,0.157593,0.034583,0.045845,0.023333,180,False,test
a028390.jpg,notch,semicircle,0.098854,0.035417,0.049857,0.023333,180,False,train
a036659.jpg,notch,semicircle,0.13207,0.025625,0.066176,0.032083,180,False,train
a036659.jpg,notch,semicircle,0.188631,0.025417,0.065045,0.0325,180,False,train
a074344.jpg,notch,semicircle,0.021875,0.894783,0.024583,0.051594,90,False,train
a074347.jpg,notch,semicircle,0.11016,0.026667,0.05137,0.023333,180,False,test
a108101.jpg,notch,semicircle,0.9775,0.113964,0.0275,0.04674,270,False,train
a108103.jpg,notch,semicircle,0.122178,0.027917,0.049097,0.0225,180,False,train
a108104.jpg,notch,semicircle,0.123506,0.0225,0.047809,0.0225,180,False,train
a108115.jpg,notch,semicircle,0.977917,0.109954,0.036667,0.050926,270,False,train
a108118.jpg,notch,semicircle,0.977292,0.110092,0.035417,0.052752,270,False,test
a108123.jpg,notch,semicircle,0.978958,0.114458,0.034583,0.047619,270,False,train
a108139.jpg,notch,semicircle,0.125637,0.023958,0.062252,0.032917,180,False,test
a108140.jpg,notch,semicircle,0.119088,0.022292,0.047863,0.022917,180,False,train
a108177.jpg,notch,semicircle,0.106609,0.012917,0.059195,0.025833,180,False,train
a108179.jpg,notch,semicircle,0.106651,0.012917,0.051606,0.025833,180,False,test
a135242.jpg,notch,semicircle,0.125711,0.024792,0.064846,0.027917,180,False,train
a140303.jpg,notch,semicircle,0.930548,0.980625,0.066282,0.03125,0,False,train
a140321.jpg,notch,semicircle,0.862644,0.975,0.064368,0.035833,0,False,train
a140321.jpg,notch,semicircle,0.923276,0.9775,0.067241,0.035,0,False,test
a140321.jpg,notch,semicircle,0.798276,0.974375,0.072414,0.037083,0,False,train
a140326.jpg,notch,semicircle,0.983958,0.082239,0.032083,0.071959,270,False,train
a140338.jpg,notch,semicircle,0.862807,0.983958,0.053052,0.02875,0,False,train
a140338.jpg,notch,semicircle,0.922704,0.984167,0.051911,0.026667,0,False,test
a140338.jpg,notch,semicircle,0.800627,0.983333,0.061038,0.029167,0,False,train
a140339.jpg,notch,semicircle,0.80156,0.984583,0.062969,0.03,0,False,train
a140339.jpg,notch,semicircle,0.865107,0.985208,0.053726,0.02875,0,False,train
a140339.jpg,notch,semicircle,0.92721,0.985625,0.055459,0.02875,0,False,train
a140346.jpg,notch,semicircle,0.921449,0.976875,0.068986,0.032917,0,False,train
a140346.jpg,notch,semicircle,0.86,0.976667,0.067826,0.034167,0,False,train
a140346.jpg,notch,semicircle,0.796232,0.975833,0.075942,0.035,0,False,train
b011751l.jpg,notch,semicircle,0.049126,0.090417,0.044002,0.02,180,False,train
b011751l.jpg,notch,semicircle,0.093731,0.091458,0.040386,0.019583,180,False,train
b011751l.jpg,notch,semicircle,0.140747,0.091458,0.045208,0.020417,180,False,train
b011791l.jpg,notch,semicircle,0.141095,0.092292,0.041516,0.022083,180,False,test
b011791l.jpg,notch,semicircle,0.096871,0.091458,0.040915,0.020417,180,False,train
b011791l.jpg,notch,semicircle,0.054452,0.090417,0.03911,0.020833,180,False,train
b011791l.jpg,notch,semicircle,0.188628,0.091875,0.04994,0.022083,180,False,train
b013385l.jpg,notch,semicircle,0.050208,0.082708,0.049317,0.02375,180,False,train
b013385l.jpg,notch,semicircle,0.096554,0.083125,0.040998,0.02125,180,False,train
b013385l.jpg,notch,semicircle,0.143197,0.083542,0.045157,0.020417,180,False,train
b014996l.jpg,notch,semicircle,0.084076,0.010625,0.056793,0.02125,180,False,test
b014996l.jpg,notch,semicircle,0.127784,0.010417,0.051782,0.020833,180,False,train
b014996l.jpg,notch,semicircle,0.039811,0.010625,0.058463,0.02125,180,False,train
b022859.jpg,notch,semicircle,0.894189,0.044792,0.035088,0.01625,180,False,train
b023255.jpg,notch,semicircle,0.05825,0.024792,0.044036,0.01875,180,False,test
b024149.jpg,notch,semicircle,0.864984,0.976875,0.029638,0.02125,0,False,train
b024149.jpg,notch,semicircle,0.906422,0.976875,0.030187,0.02125,0,False,train
b024986.jpg,notch,semicircle,0.987083,0.082966,0.015833,0.029217,270,False,train
b024986.jpg,notch,semicircle,0.986875,0.122381,0.01875,0.035281,270,False,test
b029941.jpg,notch,semicircle,0.924183,0.972708,0.042277,0.027917,0,False,train
b029941.jpg,notch,semicircle,0.881905,0.973958,0.04115,0.027083,0,False,train
b032325.jpg,notch,semicircle,0.08412,0.021042,0.034981,0.017917,180,False,train
b032325.jpg,notch,semicircle,0.127152,0.02125,0.032204,0.018333,180,False,train
b049458.jpg,notch,semicircle,0.925608,0.975,0.033739,0.0225,0,False,test
b049458.jpg,notch,semicircle,0.882743,0.973333,0.042035,0.029167,0,False,train
b052158.jpg,notch,semicircle,0.073448,0.012083,0.040466,0.020833,180,False,train
b052158.jpg,notch,semicircle,0.117517,0.012708,0.042129,0.022083,180,False,train
b052161.jpg,notch,semicircle,0.075556,0.013958,0.047778,0.027917,180,False,test
b052161.jpg,notch,semicircle,0.117222,0.014167,0.048889,0.028333,180,False,train
b052167.jpg,notch,semicircle,0.989583,0.071112,0.02,0.040398,270,False,train
b052167.jpg,notch,semicircle,0.989167,0.112894,0.02,0.044272,270,False,train
b052187.jpg,notch,semicircle,0.072142,0.018333,0.035516,0.020833,180,False,train
b053378.jpg,notch,semicircle,0.937398,0.989167,0.05117,0.021667,0,False,train
b053378.jpg,notch,semicircle,0.89276,0.988542,0.060969,0.022917,0,False,train
b083666.jpg,notch,semicircle,0.101826,0.013542,0.044272,0.025417,180,False,train
b083666.jpg,notch,semicircle,0.061151,0.015,0.033758,0.023333,180,False,train
b087660.jpg,notch,semicircle,0.037971,0.114792,0.028271,0.024583,90,False,train
b092822.jpg,notch,semicircle,0.01375,0.923396,0.0275,0.041482,90,False,train
b092822.jpg,notch,semicircle,0.013333,0.884679,0.026667,0.040376,90,False,train
b092824.jpg,notch,semicircle,0.013333,0.886238,0.024167,0.038846,90,False,train
b092824.jpg,notch,semicircle,0.011458,0.926471,0.01875,0.036071,90,False,train
b092824.jpg,notch,semicircle,0.015417,0.88596,0.030833,0.04828,90,False,train
b092824.jpg,notch,semicircle,0.012083,0.926748,0.024167,0.042175,90,False,test
b092835.jpg,notch,semicircle,0.01625,0.883204,0.021667,0.034483,90,False,test
b092835.jpg,notch,semicircle,0.015,0.924917,0.021667,0.03337,90,False,train
b092841.jpg,notch,semicircle,0.928611,0.981667,0.031233,0.016667,0,False,train
b092841.jpg,notch,semicircle,0.886782,0.981042,0.034579,0.01875,0,False,train
b092847.jpg,notch,semicircle,0.925875,0.985833,0.03276,0.018333,0,False,train
b092847.jpg,notch,semicircle,0.884231,0.985625,0.036091,0.01875,0,False,train
b092850.jpg,notch,semicircle,0.013958,0.883044,0.024583,0.039172,90,False,train
b092850.jpg,notch,semicircle,0.013958,0.921377,0.02375,0.039731,90,False,train
b096202.jpg,notch,semicircle,0.06909,0.01375,0.04495,0.026667,180,False,train
b096202.jpg,notch,semicircle,0.11293,0.013958,0.050499,0.025417,180,False,train
b096241.jpg,notch,semicircle,0.881798,0.983542,0.039956,0.024583,0,False,train
b096241.jpg,notch,semicircle,0.923696,0.98375,0.033851,0.020833,0,False,train
b211706.jpg,notch,semicircle,0.923858,0.978958,0.040609,0.02125,0,False,train
b211707.jpg,notch,semicircle,0.085053,0.0175,0.045176,0.020833,180,False,train
b225757.jpg,notch,semicircle,0.018958,0.933553,0.027917,0.047227,90,False,train
b225757.jpg,notch,semicircle,0.019583,0.889347,0.031667,0.048874,90,False,train
b225757.jpg,notch,semicircle,0.021458,0.844591,0.03375,0.050522,90,False,train
b225790.jpg,notch,semicircle,0.890071,0.978542,0.051828,0.035417,0,False,test
b225790.jpg,notch,semicircle,0.933442,0.980208,0.052373,0.032917,0,False,test
b225790.jpg,notch,semicircle,0.84479,0.975833,0.051828,0.04,0,False,train
b225796.jpg,notch,semicircle,0.943386,0.985,0.040283,0.023333,0,False,train
b225796.jpg,notch,semicircle,0.855471,0.983958,0.044094,0.02375,0,False,train
b225796.jpg,notch,semicircle,0.900925,0.984167,0.040283,0.023333,0,False,train
b225801.jpg,notch,semicircle,0.945183,0.971875,0.040975,0.027083,0,False,test
b225820.jpg,notch,semicircle,0.942694,0.979167,0.040739,0.021667,0,False,train
b225820.jpg,notch,semicircle,0.900598,0.980208,0.044541,0.025417,0,False,train
b225820.jpg,notch,semicircle,0.855513,0.98,0.043455,0.026667,0,False,test
b225821.jpg,notch,semicircle,0.934132,0.985833,0.043549,0.025833,0,False,train
b225821.jpg,notch,semicircle,0.891943,0.984375,0.045182,0.02625,0,False,train
b225821.jpg,notch,semicircle,0.845128,0.98375,0.045182,0.0275,0,False,train
b225823.jpg,notch,semicircle,0.942005,0.979167,0.040108,0.025,0,False,train
b225823.jpg,notch,semicircle,0.855285,0.979583,0.04336,0.028333,0,False,train
b225823.jpg,notch,semicircle,0.898916,0.979167,0.04065,0.029167,0,False,train
b230856.jpg,notch,semicircle,0.980417,0.083016,0.020833,0.036473,270,False,train
b230856.jpg,notch,semicircle,0.980417,0.12221,0.02,0.035384,270,False,train
b230873.jpg,notch,semicircle,0.073012,0.015625,0.030287,0.015417,180,False,train
b230873.jpg,notch,semicircle,0.111141,0.015417,0.026501,0.013333,180,False,test
b230878.jpg,notch,semicircle,0.118713,0.015625,0.026501,0.01375,180,False,train
b230878.jpg,notch,semicircle,0.079502,0.015417,0.030287,0.015,180,False,train
b230883.jpg,notch,semicircle,0.052531,0.018333,0.037561,0.018333,180,False,test
b230883.jpg,notch,semicircle,0.096897,0.018958,0.037017,0.017917,180,False,train
b230914.jpg,notch,semicircle,0.013958,0.942865,0.017917,0.047567,90,False,train
b230914.jpg,notch,semicircle,0.013958,0.898305,0.01875,0.053581,90,False,test
b230920.jpg,notch,semicircle,0.113202,0.015625,0.027823,0.015417,180,False,train
b230920.jpg,notch,semicircle,0.073923,0.015833,0.031097,0.015833,180,False,train
b230923.jpg,notch,semicircle,0.076483,0.013333,0.032118,0.0175,180,False,train
b230923.jpg,notch,semicircle,0.116494,0.013333,0.030484,0.015833,180,False,train
b230943.jpg,notch,semicircle,0.12113,0.008333,0.03585,0.016667,180,False,train
b230943.jpg,notch,semicircle,0.083379,0.008333,0.034221,0.016667,180,False,train
b230948.jpg,notch,semicircle,0.114521,0.018125,0.047123,0.02625,180,False,train
b230948.jpg,notch,semicircle,0.075068,0.018125,0.046027,0.027083,180,False,train
b230949.jpg,notch,semicircle,0.071507,0.018958,0.035616,0.01875,180,False,test
b230949.jpg,notch,semicircle,0.112329,0.018542,0.036164,0.020417,180,False,train
b234981.jpg,notch,semicircle,0.977708,0.145125,0.02625,0.049582,270,False,train
b238197.jpg,notch,semicircle,0.974792,0.111326,0.032917,0.061326,270,False,test
b238197.jpg,notch,semicircle,0.975,0.068508,0.030833,0.059669,270,False,test
b238949.jpg,notch,semicircle,0.980833,0.058596,0.033333,0.059701,270,False,test
b239155.jpg,notch,semicircle,0.021667,0.894981,0.029167,0.039825,90,False,test
b239155.jpg,notch,semicircle,0.020833,0.932079,0.024167,0.036552,90,False,test
b239187.jpg,notch,semicircle,0.020417,0.88491,0.025833,0.0421,90,False,train
b239187.jpg,notch,semicircle,0.021042,0.921542,0.025417,0.043193,90,False,train
b239198.jpg,notch,semicircle,0.015417,0.90924,0.015833,0.038272,90,False,train
b239198.jpg,notch,semicircle,0.015417,0.871514,0.015,0.038272,90,False,test
b239199.jpg,notch,semicircle,0.02,0.92137,0.029167,0.043288,90,False,train
b239199.jpg,notch,semicircle,0.019167,0.884658,0.029167,0.043288,90,False,train
a017135.jpg,notch,circle,0.947651,0.959167,0.039049,0.029167,0,False,train
a017150.jpg,notch,circle,0.034583,0.971082,0.020833,0.032389,0,False,train
a017153.jpg,notch,circle,0.952301,0.964375,0.043771,0.029583,0,False,train
a017169.jpg,notch,circle,0.074916,0.028125,0.031987,0.022917,0,False,train
a017176.jpg,notch,circle,0.971743,0.955625,0.044616,0.02875,0,False,train
a017200.jpg,notch,circle,0.945381,0.958542,0.051133,0.029583,0,False,train
a017345.jpg,notch,circle,0.941781,0.957292,0.053653,0.034583,0,False,train
a017346.jpg,notch,circle,0.035417,0.945496,0.023333,0.034423,0,False,train
a017564.jpg,notch,circle,0.054771,0.042917,0.035008,0.023333,0,False,test
a017585.jpg,notch,circle,0.952649,0.959167,0.039459,0.024167,0,False,train
a017601.jpg,notch,circle,0.055936,0.037917,0.042237,0.026667,0,False,train
a017601.jpg,notch,circle,0.057078,0.03625,0.053653,0.036667,0,False,train
a017612.jpg,notch,circle,0.051734,0.040417,0.034104,0.023333,0,False,train
a017631.jpg,notch,circle,0.933782,0.958333,0.04826,0.030833,0,False,test
a017634.jpg,notch,circle,0.941193,0.959792,0.039576,0.02875,0,False,test
a018925.jpg,notch,circle,0.032792,0.030208,0.028439,0.01875,0,False,train
a028390.jpg,notch,circle,0.045559,0.04875,0.031519,0.023333,0,False,train
a029912.jpg,notch,circle,0.022083,0.963831,0.026667,0.035301,0,False,test
a029925.jpg,notch,circle,0.02,0.967033,0.020833,0.028918,0,False,train
a029927.jpg,notch,circle,0.023542,0.961028,0.022917,0.03291,0,False,train
a036079.jpg,notch,circle,0.951445,0.96125,0.030058,0.025833,0,False,test
a036157.jpg,notch,circle,0.959202,0.956875,0.033949,0.02625,0,False,test
a036173.jpg,notch,circle,0.05908,0.052292,0.04482,0.03375,0,False,train
a036546.jpg,notch,circle,0.958382,0.968125,0.042775,0.030417,0,False,train
a036617.jpg,notch,circle,0.958697,0.964167,0.054683,0.0325,0,False,train
a036621.jpg,notch,circle,0.973949,0.964583,0.049734,0.035833,0,False,train
a036627.jpg,notch,circle,0.955549,0.971458,0.042417,0.02625,0,False,train
a036628.jpg,notch,circle,0.964307,0.96125,0.035693,0.0225,0,False,train
a036659.jpg,notch,circle,0.07862,0.038958,0.053167,0.030417,0,False,train
a036763.jpg,notch,circle,0.937606,0.962708,0.04122,0.030417,0,False,train
a036774.jpg,notch,circle,0.942711,0.96375,0.039705,0.0275,0,False,train
a036776.jpg,notch,circle,0.943233,0.962917,0.043065,0.031667,0,False,train
a036789.jpg,notch,circle,0.932462,0.959583,0.038355,0.0275,0,False,train
a036800.jpg,notch,circle,0.02875,0.961448,0.035833,0.046498,0,False,train
a036880.jpg,notch,circle,0.978299,0.976667,0.032845,0.021667,0,False,train
a036888.jpg,notch,circle,0.012917,0.981903,0.023333,0.031524,0,False,train
a036895.jpg,notch,circle,0.969376,0.98125,0.032627,0.021667,0,False,train
a036934.jpg,notch,circle,0.966247,0.980417,0.048055,0.030833,0,False,train
a046171.jpg,notch,circle,0.96408,0.977708,0.037356,0.027917,0,False,train
a046172.jpg,notch,circle,0.033429,0.019583,0.032571,0.023333,0,False,train
a070276.jpg,notch,circle,0.95412,0.95375,0.041496,0.024167,0,False,train
a070391.jpg,notch,circle,0.026875,0.962493,0.027083,0.038393,0,False,train
a070663.jpg,notch,circle,0.966875,0.045375,0.032917,0.045375,0,False,train
a071758.jpg,notch,circle,0.960373,0.961458,0.030303,0.02375,0,False,train
a071842.jpg,notch,circle,0.042213,0.036875,0.045636,0.032083,0,False,train
a071852.jpg,notch,circle,0.960195,0.976875,0.033792,0.02625,0,False,train
a072961.jpg,notch,circle,0.963333,0.052436,0.0175,0.026934,0,False,train
a072982.jpg,notch,circle,0.964375,0.054755,0.022083,0.032277,0,False,train
a072993.jpg,notch,circle,0.050197,0.041875,0.031585,0.025417,0,False,test
a073144.jpg,notch,circle,0.035,0.948059,0.036667,0.043379,0,False,train
a073150.jpg,notch,circle,0.941585,0.953542,0.039329,0.024583,0,False,test
a073156.jpg,notch,circle,0.94564,0.955833,0.043605,0.025,0,False,train
a073158.jpg,notch,circle,0.031458,0.943175,0.02625,0.033695,0,False,test
a073171.jpg,notch,circle,0.925215,0.96125,0.05788,0.0325,0,False,train
a073183.jpg,notch,circle,0.93696,0.953958,0.040875,0.025417,0,False,test
a073199.jpg,notch,circle,0.042708,0.938189,0.027083,0.033082,0,False,train
a073221.jpg,notch,circle,0.924804,0.9575,0.03367,0.024167,0,False,train
a073227.jpg,notch,circle,0.921082,0.958333,0.049605,0.029167,0,False,train
a073228.jpg,notch,circle,0.036458,0.948909,0.037917,0.041332,0,False,test
a073230.jpg,notch,circle,0.937006,0.956042,0.052542,0.035417,0,False,test
a073239.jpg,notch,circle,0.920519,0.95875,0.043968,0.028333,0,False,train
a073250.jpg,notch,circle,0.035417,0.950404,0.028333,0.035755,0,False,train
a073269.jpg,notch,circle,0.943254,0.959583,0.042849,0.023333,0,False,train
a073280.jpg,notch,circle,0.040417,0.934469,0.036667,0.040993,0,False,test
a073300.jpg,notch,circle,0.038125,0.952738,0.037083,0.047262,0,False,train
a073305.jpg,notch,circle,0.038125,0.94205,0.025417,0.033197,0,False,train
a073333.jpg,notch,circle,0.938225,0.956667,0.053944,0.031667,0,False,train
a073350.jpg,notch,circle,0.966667,0.048424,0.036667,0.04298,0,False,train
a073406.jpg,notch,circle,0.9303,0.958125,0.042627,0.022917,0,False,train
a073406.jpg,notch,circle,0.932028,0.957292,0.048387,0.030417,0,False,train
a073420.jpg,notch,circle,0.037292,0.957052,0.027083,0.033662,0,False,train
a073435.jpg,notch,circle,0.043333,0.962778,0.026667,0.034584,0,False,test
a073438.jpg,notch,circle,0.938356,0.955417,0.057078,0.034167,0,False,test
a073462.jpg,notch,circle,0.939073,0.969792,0.037185,0.022917,0,False,train
a073488.jpg,notch,circle,0.038125,0.949338,0.025417,0.035694,0,False,train
a073498.jpg,notch,circle,0.933202,0.96,0.061443,0.039167,0,False,train
a073518.jpg,notch,circle,0.948812,0.96625,0.029977,0.025833,0,False,train
a073532.jpg,notch,circle,0.944983,0.967917,0.038198,0.026667,0,False,train
a073532.jpg,notch,circle,0.946693,0.965833,0.051881,0.038333,0,False,train
a073544.jpg,notch,circle,0.947263,0.964583,0.04504,0.029167,0,False,train
a073673.jpg,notch,circle,0.968333,0.035965,0.029167,0.040351,0,False,train
a073678.jpg,notch,circle,0.040846,0.027708,0.035342,0.022917,0,False,train
a073688.jpg,notch,circle,0.0489,0.037917,0.038773,0.029167,0,False,train
a073690.jpg,notch,circle,0.049884,0.03875,0.038283,0.025833,0,False,test
a073923.jpg,notch,circle,0.935956,0.96375,0.064905,0.033333,0,False,train
a073951.jpg,notch,circle,0.940011,0.954583,0.038462,0.025,0,False,train
a073960.jpg,notch,circle,0.04251,0.0325,0.039907,0.0275,0,False,train
a074101.jpg,notch,circle,0.051188,0.036458,0.033371,0.022083,0,False,test
a074109.jpg,notch,circle,0.962083,0.052159,0.019167,0.029164,0,False,test
a074138.jpg,notch,circle,0.940463,0.967917,0.035553,0.028333,0,False,test
a074251.jpg,notch,circle,0.9336,0.957083,0.041214,0.024167,0,False,train
a074263.jpg,notch,circle,0.940435,0.962292,0.042383,0.02625,0,False,test
a074285.jpg,notch,circle,0.940771,0.951458,0.035653,0.02375,0,False,train
a074289.jpg,notch,circle,0.933314,0.960625,0.033772,0.022083,0,False,train
a074293.jpg,notch,circle,0.043125,0.931673,0.035417,0.044007,0,False,train
a074305.jpg,notch,circle,0.938189,0.951667,0.056297,0.034167,0,False,train
a074318.jpg,notch,circle,0.055104,0.043542,0.039443,0.025417,0,False,train
a074320.jpg,notch,circle,0.948246,0.958333,0.049454,0.030833,0,False,train
a074344.jpg,notch,circle,0.034375,0.954203,0.020417,0.030145,0,False,train
a074347.jpg,notch,circle,0.049943,0.0375,0.032534,0.0225,0,False,test
a074460.jpg,notch,circle,0.07493,0.041667,0.033983,0.024167,0,False,train
a074461.jpg,notch,circle,0.930362,0.964583,0.052368,0.03,0,False,train
a074470.jpg,notch,circle,0.062813,0.034583,0.047804,0.034167,0,False,test
a074506.jpg,notch,circle,0.061117,0.022708,0.051438,0.037083,0,False,train
a074515.jpg,notch,circle,0.057863,0.035833,0.033776,0.0225,0,False,train
a074543.jpg,notch,circle,0.938798,0.960208,0.033689,0.02875,0,False,train
a074543.jpg,notch,circle,0.436272,0.647083,0.055025,0.034167,0,False,test
a074553.jpg,notch,circle,0.945847,0.960208,0.047699,0.039583,0,False,test
a074576.jpg,notch,circle,0.058166,0.030625,0.035794,0.02625,0,False,train
a074645.jpg,notch,circle,0.054514,0.04625,0.045429,0.026667,0,False,train
a074645.jpg,notch,circle,0.055934,0.045,0.053947,0.033333,0,False,train
a074668.jpg,notch,circle,0.926836,0.9575,0.035593,0.025833,0,False,train
a074670.jpg,notch,circle,0.917234,0.955,0.030612,0.025,0,False,train
a074699.jpg,notch,circle,0.930936,0.954583,0.033105,0.025833,0,False,train
a074721.jpg,notch,circle,0.932088,0.952708,0.037351,0.02375,0,False,train
a074750.jpg,notch,circle,0.94094,0.955,0.043578,0.029167,0,False,train
a074775.jpg,notch,circle,0.940974,0.958542,0.040115,0.025417,0,False,train
a108101.jpg,notch,circle,0.032083,0.958742,0.024167,0.030583,0,False,train
a108103.jpg,notch,circle,0.951185,0.962083,0.023138,0.020833,0,False,train
a108469.jpg,notch,circle,0.060522,0.02625,0.034425,0.025,0,False,train
a108747.jpg,notch,circle,0.058958,0.040417,0.02862,0.0225,0,False,train
a135237.jpg,notch,circle,0.038542,0.956995,0.025417,0.03555,0,False,test
a135242.jpg,notch,circle,0.052901,0.032917,0.020478,0.015,0,False,train
a135553.jpg,notch,circle,0.050712,0.034167,0.037607,0.025,0,False,train
a135570.jpg,notch,circle,0.963333,0.042791,0.035,0.039632,0,False,train
a135585.jpg,notch,circle,0.967292,0.056908,0.027917,0.032276,0,False,train
a135587.jpg,notch,circle,0.052871,0.034583,0.028425,0.019167,0,False,train
a135599.jpg,notch,circle,0.970625,0.057377,0.022917,0.027699,0,False,train
a135686.jpg,notch,circle,0.048535,0.025833,0.030442,0.019167,0,False,train
a135694.jpg,notch,circle,0.048535,0.027083,0.031591,0.02,0,False,test
a135730.jpg,notch,circle,0.05685,0.028958,0.040932,0.027083,0,False,test
a135746.jpg,notch,circle,0.059308,0.024167,0.038025,0.028333,0,False,test
a135756.jpg,notch,circle,0.960488,0.972708,0.037188,0.024583,0,False,train
a135817.jpg,notch,circle,0.037256,0.030625,0.046127,0.030417,0,False,train
a135821.jpg,notch,circle,0.04229,0.028125,0.025892,0.01875,0,False,test
a135864.jpg,notch,circle,0.044632,0.0325,0.026254,0.018333,0,False,train
a140303.jpg,notch,circle,0.9683,0.9725,0.02536,0.0175,0,False,train
a140321.jpg,notch,circle,0.956609,0.969375,0.045402,0.02625,0,False,train
a140326.jpg,notch,circle,0.974167,0.047401,0.029167,0.036551,0,False,train
a140338.jpg,notch,circle,0.956646,0.973542,0.027382,0.020417,0,False,train
a140346.jpg,notch,circle,0.955652,0.965833,0.042319,0.029167,0,False,train
b003331l.jpg,notch,circle,0.033472,0.089792,0.031398,0.017917,0,False,train
b003337l.jpg,notch,circle,0.98125,0.027197,0.0175,0.024507,0,False,train
b003344l.jpg,notch,circle,0.97875,0.028127,0.018333,0.025135,0,False,train
b007554l.jpg,notch,circle,0.033019,0.010208,0.038291,0.020417,0,False,train
b007565l.jpg,notch,circle,0.978468,0.988125,0.022931,0.017083,0,False,train
b007565l.jpg,notch,circle,0.838087,0.005,0.021812,0.01,0,False,train
b007567l.jpg,notch,circle,0.99,0.01419,0.02,0.026155,0,False,train
b007591l.jpg,notch,circle,0.992292,0.012438,0.01375,0.022664,0,False,train
b007592l.jpg,notch,circle,0.991875,0.011712,0.015417,0.023424,0,False,test
b007616l.jpg,notch,circle,0.010208,0.987071,0.01875,0.020236,0,False,train
b007616l.jpg,notch,circle,0.49125,0.753513,0.040833,0.048904,0,False,test
b007621l.jpg,notch,circle,0.991042,0.013085,0.01625,0.021715,0,False,train
b009862l.jpg,notch,circle,0.985625,0.03043,0.025417,0.033413,0,False,train
b009914l.jpg,notch,circle,0.9025,0.041141,0.014167,0.022222,0,False,train
b009917l.jpg,notch,circle,0.8975,0.038811,0.019167,0.021831,0,False,train
b009936l.jpg,notch,circle,0.035843,0.02625,0.028313,0.015833,0,False,train
b009941l.jpg,notch,circle,0.031607,0.095625,0.025888,0.015417,0,False,train
b009947l.jpg,notch,circle,0.958383,0.975208,0.04012,0.029583,0,False,train
b011751l.jpg,notch,circle,0.024714,0.096458,0.018083,0.012083,0,False,train
b011791l.jpg,notch,circle,0.027677,0.094167,0.020457,0.0125,0,False,test
b013754l.jpg,notch,circle,0.012038,0.009583,0.022956,0.016667,0,False,train
b014996l.jpg,notch,circle,0.013085,0.0125,0.026169,0.021667,0,False,train
b022740.jpg,notch,circle,0.046154,0.0275,0.030769,0.020833,0,False,train
b022832.jpg,notch,circle,0.976458,0.036687,0.029583,0.036687,0,False,train
b022885.jpg,notch,circle,0.974792,0.03859,0.02875,0.042754,0,False,train
b022920.jpg,notch,circle,0.039956,0.025208,0.029967,0.019583,0,False,test
b023029.jpg,notch,circle,0.188418,0.513958,0.02447,0.012917,0,False,train
b023285.jpg,notch,circle,0.038225,0.032708,0.027344,0.01625,0,False,train
b023907.jpg,notch,circle,0.972083,0.031603,0.0175,0.027088,0,False,test
b024149.jpg,notch,circle,0.945939,0.969375,0.025796,0.01625,0,False,train
b024986.jpg,notch,circle,0.980208,0.041621,0.014583,0.020397,0,False,train
b029941.jpg,notch,circle,0.964487,0.964167,0.040586,0.03,0,False,train
b032256.jpg,notch,circle,0.038719,0.029583,0.029526,0.019167,0,False,train
b032256.jpg,notch,circle,0.041504,0.028125,0.041783,0.029583,0,False,test
b032262.jpg,notch,circle,0.026462,0.025,0.029526,0.024167,0,False,train
b032292.jpg,notch,circle,0.037417,0.035625,0.031596,0.02125,0,False,train
b032296.jpg,notch,circle,0.032051,0.029167,0.032887,0.025,0,False,train
b032325.jpg,notch,circle,0.043309,0.02875,0.027762,0.016667,0,False,train
b038467.jpg,notch,circle,0.02875,0.961582,0.024167,0.030847,0,False,train
b038493.jpg,notch,circle,0.97125,0.052009,0.026667,0.033572,0,False,train
b048282.jpg,notch,circle,0.959831,0.961667,0.026404,0.018333,0,False,train
b049452.jpg,notch,circle,0.953933,0.965833,0.023596,0.016667,0,False,train
b049458.jpg,notch,circle,0.965431,0.964792,0.025996,0.019583,0,False,train
b049478.jpg,notch,circle,0.978125,0.035872,0.02875,0.034216,0,False,train
b049488.jpg,notch,circle,0.975417,0.031406,0.025,0.035019,0,False,train
b051451.jpg,notch,circle,0.981316,0.985,0.026213,0.018333,0,False,train
b051490.jpg,notch,circle,0.969393,0.984375,0.040067,0.03125,0,False,test
b052158.jpg,notch,circle,0.031596,0.019792,0.027716,0.01625,0,False,test
b052161.jpg,notch,circle,0.035278,0.021042,0.036111,0.025417,0,False,test
b052167.jpg,notch,circle,0.981875,0.027117,0.017917,0.026563,0,False,train
b052180.jpg,notch,circle,0.020659,0.023542,0.036851,0.027917,0,False,test
b052190.jpg,notch,circle,0.029215,0.019583,0.03951,0.031667,0,False,train
b053362.jpg,notch,circle,0.966556,0.979583,0.032615,0.0225,0,False,train
b053378.jpg,notch,circle,0.976864,0.982917,0.034295,0.026667,0,False,train
b054963.jpg,notch,circle,0.976042,0.025684,0.029583,0.034618,0,False,train
b054964.jpg,notch,circle,0.037968,0.024375,0.034618,0.024583,0,False,train
b065270.jpg,notch,circle,0.041011,0.028542,0.034831,0.024583,0,False,train
b065338.jpg,notch,circle,0.04828,0.029792,0.031077,0.019583,0,False,train
b065512.jpg,notch,circle,0.030625,0.960415,0.022917,0.035373,0,False,train
b066557.jpg,notch,circle,0.030624,0.014792,0.032294,0.017917,0,False,train
b066864.jpg,notch,circle,0.975391,0.966667,0.025727,0.020833,0,False,train
b066962.jpg,notch,circle,0.05145,0.032083,0.024083,0.015,0,False,train
b068737.jpg,notch,circle,0.034579,0.022708,0.025655,0.01875,0,False,train
b069798.jpg,notch,circle,0.021875,0.968977,0.02625,0.034097,0,False,train
b069800.jpg,notch,circle,0.019375,0.968715,0.024583,0.032402,0,False,train
b074004.jpg,notch,circle,0.028659,0.01875,0.03172,0.020833,0,False,train
b074004.jpg,notch,circle,0.029772,0.018125,0.043962,0.02875,0,False,test
b074066.jpg,notch,circle,0.95645,0.969792,0.035281,0.027083,0,False,train
b074260.jpg,notch,circle,0.042082,0.025417,0.023256,0.015833,0,False,train
b074279.jpg,notch,circle,0.051944,0.028125,0.019444,0.01625,0,False,train
b074915.jpg,notch,circle,0.966871,0.9825,0.035078,0.02,0,False,train
b074925.jpg,notch,circle,0.971421,0.983125,0.024972,0.022083,0,False,train
b074936.jpg,notch,circle,0.016667,0.977616,0.019167,0.026861,0,False,train
b082656.jpg,notch,circle,0.042035,0.026042,0.029867,0.020417,0,False,test
b082685.jpg,notch,circle,0.957848,0.97625,0.02995,0.019167,0,False,train
b083666.jpg,notch,circle,0.018816,0.022917,0.033204,0.0275,0,False,train
b087068.jpg,notch,circle,0.009953,0.024583,0.019906,0.019167,0,False,train
b087097.jpg,notch,circle,0.975103,0.973125,0.031049,0.01875,0,False,test
b087660.jpg,notch,circle,0.046286,0.038125,0.026053,0.020417,0,False,test
b088627.jpg,notch,circle,0.038143,0.024375,0.036484,0.027917,0,False,train
b088631.jpg,notch,circle,0.038354,0.025,0.037514,0.0275,0,False,train
b088633.jpg,notch,circle,0.035814,0.024583,0.023503,0.018333,0,False,train
b088643.jpg,notch,circle,0.034864,0.024375,0.023243,0.01875,0,False,train
b089114.jpg,notch,circle,0.962458,0.97,0.037264,0.0275,0,False,train
b089127.jpg,notch,circle,0.033705,0.024583,0.026184,0.018333,0,False,train
b092803.jpg,notch,circle,0.035025,0.02375,0.023718,0.016667,0,False,train
b092804.jpg,notch,circle,0.974167,0.039989,0.0175,0.025168,0,False,train
b092822.jpg,notch,circle,0.022917,0.964602,0.029167,0.036504,0,False,test
b092824.jpg,notch,circle,0.021042,0.968923,0.022917,0.027747,0,False,train
b092824.jpg,notch,circle,0.022083,0.968091,0.033333,0.036071,0,False,train
b092835.jpg,notch,circle,0.024167,0.965517,0.0225,0.026696,0,False,train
b092841.jpg,notch,circle,0.970441,0.972917,0.033463,0.0225,0,False,train
b092847.jpg,notch,circle,0.96724,0.97875,0.027762,0.021667,0,False,train
b092850.jpg,notch,circle,0.024375,0.966144,0.027917,0.036374,0,False,train
b093256.jpg,notch,circle,0.021042,0.983555,0.029583,0.032891,0,False,test
b093869.jpg,notch,circle,0.971819,0.976875,0.039621,0.027917,0,False,train
b093891.jpg,notch,circle,0.981875,0.02813,0.019583,0.025372,0,False,train
b096202.jpg,notch,circle,0.028857,0.02125,0.035516,0.026667,0,False,train
b096213.jpg,notch,circle,0.959824,0.975625,0.026417,0.022917,0,False,train
b096232.jpg,notch,circle,0.955769,0.972292,0.026923,0.01875,0,False,test
b096234.jpg,notch,circle,0.02875,0.959923,0.019167,0.024876,0,False,train
b096241.jpg,notch,circle,0.964206,0.971667,0.029412,0.020833,0,False,train
b096901.jpg,notch,circle,0.023958,0.965985,0.022917,0.024889,0,False,test
b096909.jpg,notch,circle,0.967895,0.976667,0.034059,0.025833,0,False,test
b096911.jpg,notch,circle,0.964424,0.974375,0.032543,0.017917,0,False,train
b097478.jpg,notch,circle,0.045181,0.026667,0.020263,0.016667,0,False,train
b099462.jpg,notch,circle,0.029047,0.0275,0.037789,0.025833,0,False,train
b099474.jpg,notch,circle,0.968958,0.025963,0.020417,0.025126,0,False,train
b099475.jpg,notch,circle,0.029725,0.027708,0.024678,0.017083,0,False,train
b099479.jpg,notch,circle,0.042809,0.027083,0.021824,0.015,0,False,train
b099483.jpg,notch,circle,0.041946,0.029375,0.02349,0.01375,0,False,train
b099484.jpg,notch,circle,0.970625,0.050918,0.015417,0.02059,0,False,test
b105104.jpg,notch,circle,0.143411,0.812083,0.032115,0.0275,0,False,test
b105719.jpg,notch,circle,0.953482,0.9675,0.028836,0.016667,0,False,train
b107029.jpg,notch,circle,0.035006,0.031042,0.03914,0.027917,0,False,train
b107050.jpg,notch,circle,0.047878,0.019583,0.025027,0.0175,0,False,train
b152754.jpg,notch,circle,0.049641,0.039375,0.025372,0.01625,0,False,test
b152773.jpg,notch,circle,0.944073,0.965833,0.027268,0.0175,0,False,train
b152774.jpg,notch,circle,0.059956,0.028125,0.025303,0.017083,0,False,train
b152775.jpg,notch,circle,0.05635,0.027708,0.033535,0.02625,0,False,train
b152789.jpg,notch,circle,0.94365,0.969583,0.020341,0.015,0,False,test
b211706.jpg,notch,circle,0.971799,0.975417,0.022561,0.015833,0,False,train
b211707.jpg,notch,circle,0.035694,0.018958,0.022309,0.01375,0,False,train
b222966.jpg,notch,circle,0.971458,0.06164,0.024583,0.03082,0,False,train
b225757.jpg,notch,circle,0.024583,0.956892,0.013333,0.017024,0,False,train
b225790.jpg,notch,circle,0.957992,0.974583,0.028369,0.021667,0,False,train
b225801.jpg,notch,circle,0.971761,0.964583,0.018826,0.015,0,False,train
b225820.jpg,notch,circle,0.968224,0.97125,0.017925,0.013333,0,False,test
b225823.jpg,notch,circle,0.965312,0.9725,0.01626,0.014167,0,False,train
b228923.jpg,notch,circle,0.980833,0.020177,0.014167,0.018242,0,False,test
b228935.jpg,notch,circle,0.984583,0.024681,0.010833,0.017194,0,False,train
b238197.jpg,notch,circle,0.9675,0.045304,0.021667,0.027624,0,False,train
b238949.jpg,notch,circle,0.973333,0.035931,0.02,0.02764,0,False,test
a017150.jpg,notch,rectangle,0.025417,0.855697,0.03,0.046848,90,False,train
a017150.jpg,notch,rectangle,0.024167,0.915847,0.023333,0.042221,90,False,train
a017153.jpg,notch,rectangle,0.840629,0.973542,0.057239,0.029583,0,False,train
a017153.jpg,notch,rectangle,0.895903,0.97375,0.051066,0.029167,0,False,train
a017631.jpg,notch,rectangle,0.880471,0.969167,0.062851,0.0325,0,False,train
a017631.jpg,notch,rectangle,0.824355,0.969167,0.057239,0.031667,0,False,train
a017634.jpg,notch,rectangle,0.88573,0.97,0.060201,0.028333,0,False,train
a017634.jpg,notch,rectangle,0.830268,0.969583,0.064103,0.03,0,False,train
a029925.jpg,notch,rectangle,0.011875,0.850492,0.022917,0.048005,0,False,train
a029925.jpg,notch,rectangle,0.012292,0.909485,0.024583,0.046848,0,False,train
a029927.jpg,notch,rectangle,0.014792,0.848441,0.02625,0.044457,0,False,train
a029927.jpg,notch,rectangle,0.014583,0.902714,0.024167,0.043303,0,False,test
a036079.jpg,notch,rectangle,0.839595,0.972292,0.044509,0.025417,0,False,test
a036079.jpg,notch,rectangle,0.897688,0.97125,0.045087,0.025,0,False,train
a036079.jpg,notch,rectangle,0.782659,0.973333,0.049711,0.026667,0,False,train
a036157.jpg,notch,rectangle,0.905003,0.966875,0.050625,0.022917,0,False,train
a036157.jpg,notch,rectangle,0.845146,0.964792,0.052412,0.02875,0,False,train
a036173.jpg,notch,rectangle,0.112922,0.043333,0.062864,0.033333,180,False,train
a036173.jpg,notch,rectangle,0.169383,0.044167,0.062864,0.033333,180,False,test
a036546.jpg,notch,rectangle,0.846821,0.9775,0.063584,0.034167,0,False,train
a036546.jpg,notch,rectangle,0.905491,0.978333,0.060694,0.0325,0,False,train
a036617.jpg,notch,rectangle,0.904887,0.973542,0.057592,0.030417,0,False,train
a036617.jpg,notch,rectangle,0.846422,0.972292,0.063991,0.032917,0,False,train
a036621.jpg,notch,rectangle,0.919183,0.974375,0.064535,0.034583,0,False,train
a036621.jpg,notch,rectangle,0.8582,0.974583,0.060983,0.036667,0,False,test
a036627.jpg,notch,rectangle,0.837885,0.982083,0.047647,0.018333,0,False,train
a036627.jpg,notch,rectangle,0.898605,0.978125,0.044741,0.017083,0,False,train
a036628.jpg,notch,rectangle,0.908685,0.971667,0.048186,0.021667,0,False,train
a036628.jpg,notch,rectangle,0.848602,0.972292,0.050565,0.022083,0,False,train
a036763.jpg,notch,rectangle,0.828346,0.972083,0.057595,0.035833,0,False,train
a036763.jpg,notch,rectangle,0.885658,0.972292,0.058159,0.032083,0,False,train
a036774.jpg,notch,rectangle,0.832672,0.969375,0.045377,0.027917,0,False,train
a036774.jpg,notch,rectangle,0.888259,0.97,0.040839,0.025,0,False,train
a036776.jpg,notch,rectangle,0.83585,0.970208,0.054251,0.029583,0,False,train
a036776.jpg,notch,rectangle,0.891219,0.971042,0.052013,0.027917,0,False,test
a036789.jpg,notch,rectangle,0.879099,0.968333,0.046137,0.025,0,False,test
a036789.jpg,notch,rectangle,0.824903,0.967708,0.043357,0.02375,0,False,test
a036800.jpg,notch,rectangle,0.019375,0.905533,0.029583,0.050029,90,False,train
a036800.jpg,notch,rectangle,0.017917,0.851089,0.033333,0.052972,90,False,test
a036880.jpg,notch,rectangle,0.861877,0.986042,0.04868,0.02125,0,False,train
a036880.jpg,notch,rectangle,0.920528,0.986042,0.053372,0.022083,0,False,train
a036880.jpg,notch,rectangle,0.860997,0.978333,0.056305,0.04,0,False,test
a036888.jpg,notch,rectangle,0.010625,0.862814,0.02125,0.050204,0,False,train
a036888.jpg,notch,rectangle,0.008542,0.803561,0.017083,0.046118,0,False,train
a036888.jpg,notch,rectangle,0.012083,0.922942,0.024167,0.051372,0,False,train
a036895.jpg,notch,rectangle,0.854608,0.989375,0.049227,0.02125,0,False,train
a036895.jpg,notch,rectangle,0.911849,0.989167,0.050372,0.021667,0,False,train
a036895.jpg,notch,rectangle,0.854894,0.98625,0.054379,0.0275,0,False,train
a036895.jpg,notch,rectangle,0.792501,0.98625,0.062393,0.0275,0,False,train
a036934.jpg,notch,rectangle,0.793764,0.985833,0.061213,0.028333,0,False,train
a036934.jpg,notch,rectangle,0.852117,0.985625,0.060069,0.02875,0,False,train
a036934.jpg,notch,rectangle,0.911041,0.986042,0.062357,0.027917,0,False,test
a046171.jpg,notch,rectangle,0.850575,0.987292,0.047126,0.024583,0,False,test
a046171.jpg,notch,rectangle,0.790805,0.986667,0.051724,0.026667,0,False,train
a046171.jpg,notch,rectangle,0.910057,0.9875,0.052299,0.025,0,False,train
a046172.jpg,notch,rectangle,0.206857,0.011458,0.043429,0.020417,0,False,train
a046172.jpg,notch,rectangle,0.148,0.012083,0.046857,0.021667,0,False,test
a046172.jpg,notch,rectangle,0.088286,0.01125,0.044,0.020833,0,False,train
a070276.jpg,notch,rectangle,0.835184,0.968333,0.054939,0.026667,0,False,train
a070276.jpg,notch,rectangle,0.895675,0.967708,0.052016,0.027083,0,False,train
a070391.jpg,notch,rectangle,0.019375,0.846722,0.02125,0.036031,0,False,train
a070391.jpg,notch,rectangle,0.019792,0.906379,0.027083,0.038393,0,False,test
a070663.jpg,notch,rectangle,0.978542,0.103258,0.037917,0.056428,270,False,train
a070663.jpg,notch,rectangle,0.980208,0.160849,0.03625,0.055265,270,False,train
a071758.jpg,notch,rectangle,0.90472,0.970833,0.051865,0.0275,0,False,train
a071758.jpg,notch,rectangle,0.78817,0.97125,0.056527,0.03,0,False,train
a071758.jpg,notch,rectangle,0.846154,0.970417,0.052448,0.028333,0,False,train
a071842.jpg,notch,rectangle,0.169139,0.025833,0.058756,0.035833,180,False,train
a071852.jpg,notch,rectangle,0.904353,0.9875,0.046964,0.025,0,False,test
a071852.jpg,notch,rectangle,0.786082,0.98625,0.048683,0.0275,0,False,train
a071852.jpg,notch,rectangle,0.845647,0.986042,0.047537,0.027083,0,False,train
a072982.jpg,notch,rectangle,0.977083,0.174352,0.026667,0.040922,0,False,train
a072993.jpg,notch,rectangle,0.172025,0.026458,0.045121,0.022083,0,False,train
a073114.jpg,notch,rectangle,0.179213,0.027083,0.051534,0.026667,0,False,train
a073114.jpg,notch,rectangle,0.12073,0.026667,0.038796,0.025833,0,False,test
a073144.jpg,notch,rectangle,0.024167,0.822489,0.040833,0.062785,90,False,test
a073150.jpg,notch,rectangle,0.821573,0.967917,0.044534,0.0225,0,False,train
a073156.jpg,notch,rectangle,0.819186,0.966667,0.060465,0.0275,0,False,train
a073158.jpg,notch,rectangle,0.023542,0.818389,0.037917,0.051399,0,False,train
a073171.jpg,notch,rectangle,0.816046,0.973958,0.066476,0.040417,0,False,train
a073183.jpg,notch,rectangle,0.822683,0.967083,0.049511,0.028333,0,False,train
a073199.jpg,notch,rectangle,0.028542,0.827916,0.03125,0.048172,0,False,train
a073221.jpg,notch,rectangle,0.813412,0.969792,0.044332,0.024583,0,False,train
a073227.jpg,notch,rectangle,0.813134,0.971875,0.056933,0.035417,0,False,test
a073228.jpg,notch,rectangle,0.025833,0.822618,0.0425,0.063146,90,False,train
a073230.jpg,notch,rectangle,0.814407,0.96875,0.062712,0.035,0,False,train
a073239.jpg,notch,rectangle,0.812852,0.974167,0.042841,0.025833,0,False,train
a073250.jpg,notch,rectangle,0.023333,0.826125,0.035,0.047866,0,False,train
a073269.jpg,notch,rectangle,0.820787,0.969167,0.058483,0.031667,0,False,train
a073280.jpg,notch,rectangle,0.027708,0.824192,0.04375,0.065242,90,False,test
a073300.jpg,notch,rectangle,0.024792,0.828242,0.03875,0.054179,90,False,train
a073305.jpg,notch,rectangle,0.023333,0.834304,0.031667,0.04834,0,False,train
a073333.jpg,notch,rectangle,0.825696,0.971667,0.062065,0.033333,0,False,test
a073350.jpg,notch,rectangle,0.979375,0.180229,0.04125,0.05788,270,False,train
a073406.jpg,notch,rectangle,0.81538,0.969167,0.059332,0.030833,0,False,test
a073406.jpg,notch,rectangle,0.877304,0.969583,0.050691,0.03,0,False,test
a073406.jpg,notch,rectangle,0.818836,0.969792,0.067396,0.035417,0,False,train
a073406.jpg,notch,rectangle,0.880472,0.968333,0.061636,0.035,0,False,train
a073435.jpg,notch,rectangle,0.029583,0.834115,0.03,0.046893,0,False,test
a073438.jpg,notch,rectangle,0.828767,0.969792,0.057078,0.03375,0,False,test
a073462.jpg,notch,rectangle,0.828089,0.979583,0.052059,0.024167,0,False,train
a073462.jpg,notch,rectangle,0.885297,0.980208,0.046339,0.022917,0,False,train
a073488.jpg,notch,rectangle,0.024792,0.822971,0.032083,0.046632,0,False,train
a073498.jpg,notch,rectangle,0.815389,0.975,0.059188,0.035,0,False,train
a073518.jpg,notch,rectangle,0.893948,0.977292,0.049208,0.02125,0,False,test
a073518.jpg,notch,rectangle,0.838518,0.9775,0.046946,0.024167,0,False,train
a073518.jpg,notch,rectangle,0.837952,0.971875,0.061652,0.039583,0,False,train
a073532.jpg,notch,rectangle,0.816705,0.973333,0.050741,0.030833,0,False,train
a073532.jpg,notch,rectangle,0.818415,0.973542,0.062144,0.03875,0,False,test
a073544.jpg,notch,rectangle,0.824116,0.976667,0.055302,0.0275,0,False,train
a073673.jpg,notch,rectangle,0.977708,0.147661,0.044583,0.055556,270,False,train
a073673.jpg,notch,rectangle,0.977292,0.092105,0.04125,0.056725,270,False,train
a073678.jpg,notch,rectangle,0.096466,0.018125,0.050406,0.022917,0,False,train
a073678.jpg,notch,rectangle,0.154983,0.019792,0.048088,0.022917,0,False,test
a073688.jpg,notch,rectangle,0.172164,0.028125,0.050347,0.027083,0,False,test
a073690.jpg,notch,rectangle,0.173724,0.026042,0.048144,0.022917,0,False,train
a073923.jpg,notch,rectangle,0.824526,0.979583,0.059161,0.03,0,False,train
a073951.jpg,notch,rectangle,0.81946,0.969167,0.052239,0.026667,0,False,train
a073960.jpg,notch,rectangle,0.170619,0.021458,0.042799,0.022083,0,False,train
a074101.jpg,notch,rectangle,0.17336,0.023542,0.048077,0.022083,0,False,train
a074109.jpg,notch,rectangle,0.97125,0.178912,0.029167,0.047112,0,False,train
a074138.jpg,notch,rectangle,0.832675,0.973333,0.041196,0.025,0,False,test
a074138.jpg,notch,rectangle,0.88798,0.974375,0.041196,0.02375,0,False,train
a074263.jpg,notch,rectangle,0.818729,0.9725,0.055556,0.0275,0,False,train
a074263.jpg,notch,rectangle,0.818729,0.964792,0.070447,0.045417,0,False,train
a074285.jpg,notch,rectangle,0.821162,0.967708,0.051754,0.027083,0,False,train
a074289.jpg,notch,rectangle,0.821694,0.97375,0.050944,0.025833,0,False,train
a074289.jpg,notch,rectangle,0.819405,0.964792,0.065827,0.042083,0,False,train
a074293.jpg,notch,rectangle,0.03,0.82542,0.039167,0.058483,90,False,train
a074305.jpg,notch,rectangle,0.817179,0.963125,0.071967,0.032917,0,False,train
a074318.jpg,notch,rectangle,0.180104,0.03,0.053944,0.025,0,False,train
a074320.jpg,notch,rectangle,0.826337,0.97375,0.063255,0.034167,0,False,train
a074460.jpg,notch,rectangle,0.183565,0.02875,0.040669,0.020833,0,False,test
a074460.jpg,notch,rectangle,0.128412,0.027292,0.041783,0.020417,0,False,train
a074461.jpg,notch,rectangle,0.871866,0.977292,0.060167,0.03375,0,False,train
a074461.jpg,notch,rectangle,0.816156,0.977083,0.060167,0.034167,0,False,train
a074470.jpg,notch,rectangle,0.115342,0.026667,0.053919,0.03,180,False,train
a074470.jpg,notch,rectangle,0.169539,0.02625,0.047804,0.028333,180,False,train
a074506.jpg,notch,rectangle,0.114768,0.019375,0.059181,0.035417,180,False,train
a074506.jpg,notch,rectangle,0.170354,0.020833,0.05531,0.035,180,False,train
a074515.jpg,notch,rectangle,0.178571,0.025,0.045958,0.021667,0,False,train
a074543.jpg,notch,rectangle,0.887704,0.966875,0.044919,0.022917,0,False,train
a074543.jpg,notch,rectangle,0.830713,0.963958,0.052218,0.032917,0,False,train
a074553.jpg,notch,rectangle,0.889731,0.970625,0.058923,0.032917,0,False,test
a074553.jpg,notch,rectangle,0.835017,0.97,0.062851,0.034167,0,False,train
a074576.jpg,notch,rectangle,0.168065,0.024167,0.046421,0.023333,0,False,train
a074576.jpg,notch,rectangle,0.110738,0.022292,0.049217,0.02375,0,False,train
a074645.jpg,notch,rectangle,0.173481,0.033333,0.059625,0.035,0,False,train
a074645.jpg,notch,rectangle,0.172913,0.033542,0.067575,0.04375,180,False,train
a074668.jpg,notch,rectangle,0.808757,0.968542,0.049153,0.027083,0,False,train
a074670.jpg,notch,rectangle,0.811791,0.969792,0.055556,0.02375,0,False,test
a074699.jpg,notch,rectangle,0.820205,0.958958,0.070776,0.044583,0,False,test
a074721.jpg,notch,rectangle,0.81296,0.965833,0.0515,0.0275,0,False,train
a074750.jpg,notch,rectangle,0.820814,0.96625,0.052179,0.03,0,False,train
a074750.jpg,notch,rectangle,0.781537,0.11875,0.037844,0.021667,0,False,train
a074775.jpg,notch,rectangle,0.882521,0.972083,0.048138,0.025,0,False,train
a074775.jpg,notch,rectangle,0.825501,0.970833,0.052149,0.026667,0,False,train
a108469.jpg,notch,rectangle,0.107718,0.016875,0.04442,0.020417,0,False,train
a108469.jpg,notch,rectangle,0.163798,0.019167,0.046641,0.020833,0,False,train
a108747.jpg,notch,rectangle,0.17344,0.026875,0.041214,0.020417,0,False,train
a108747.jpg,notch,rectangle,0.11763,0.027292,0.044076,0.022083,0,False,train
a135553.jpg,notch,rectangle,0.094587,0.023542,0.05698,0.027083,180,False,train
a135553.jpg,notch,rectangle,0.149858,0.0225,0.053561,0.025833,180,False,test
a135553.jpg,notch,rectangle,0.208262,0.022083,0.05755,0.025833,180,False,test
a135570.jpg,notch,rectangle,0.974583,0.201608,0.034167,0.045951,270,False,train
a135570.jpg,notch,rectangle,0.974583,0.145319,0.035,0.050546,270,False,train
a135570.jpg,notch,rectangle,0.973125,0.088168,0.03125,0.048823,270,False,train
a135585.jpg,notch,rectangle,0.976042,0.158267,0.02375,0.035674,0,False,train
a135585.jpg,notch,rectangle,0.975625,0.104757,0.022083,0.033975,0,False,train
a135587.jpg,notch,rectangle,0.153781,0.023542,0.040364,0.017083,0,False,train
a135587.jpg,notch,rectangle,0.211484,0.023333,0.04548,0.02,0,False,train
a135587.jpg,notch,rectangle,0.098636,0.024167,0.047186,0.019167,0,False,train
a135599.jpg,notch,rectangle,0.98,0.217072,0.019167,0.028265,0,False,train
a135599.jpg,notch,rectangle,0.981042,0.159412,0.025417,0.036179,0,False,train
a135599.jpg,notch,rectangle,0.98,0.105427,0.021667,0.034483,0,False,train
a135686.jpg,notch,rectangle,0.15537,0.017917,0.040781,0.019167,0,False,train
a135686.jpg,notch,rectangle,0.098794,0.018958,0.043653,0.020417,0,False,test
a135686.jpg,notch,rectangle,0.213383,0.018542,0.044227,0.020417,0,False,train
a135694.jpg,notch,rectangle,0.210511,0.017708,0.038484,0.01875,0,False,train
a135694.jpg,notch,rectangle,0.096209,0.018542,0.043079,0.019583,0,False,train
a135694.jpg,notch,rectangle,0.15336,0.017917,0.040207,0.016667,0,False,test
a135705.jpg,notch,rectangle,0.135274,0.016667,0.041096,0.019167,0,False,train
a135705.jpg,notch,rectangle,0.193208,0.018125,0.042808,0.02125,0,False,test
a135705.jpg,notch,rectangle,0.078196,0.016875,0.03653,0.019583,0,False,train
a135730.jpg,notch,rectangle,0.101478,0.018542,0.057419,0.024583,180,False,train
a135730.jpg,notch,rectangle,0.157192,0.018125,0.058556,0.022917,180,False,test
a135730.jpg,notch,rectangle,0.213189,0.017292,0.054576,0.022917,180,False,test
a135746.jpg,notch,rectangle,0.107548,0.016042,0.053916,0.025417,180,False,train
a135746.jpg,notch,rectangle,0.164018,0.015833,0.053348,0.025,180,False,train
a135756.jpg,notch,rectangle,0.914003,0.982083,0.046485,0.019167,0,False,test
a135756.jpg,notch,rectangle,0.856479,0.981875,0.045322,0.01875,0,False,train
a135756.jpg,notch,rectangle,0.797211,0.9825,0.052295,0.02,0,False,test
a135817.jpg,notch,rectangle,0.082496,0.019167,0.057363,0.025,180,False,train
a135817.jpg,notch,rectangle,0.199586,0.019375,0.057363,0.025417,180,False,train
a135817.jpg,notch,rectangle,0.141041,0.020208,0.057363,0.02625,180,False,train
a135821.jpg,notch,rectangle,0.090334,0.02,0.042578,0.018333,0,False,test
a135821.jpg,notch,rectangle,0.14672,0.018125,0.037975,0.01625,0,False,train
a135821.jpg,notch,rectangle,0.205409,0.018542,0.042578,0.017917,0,False,train
a135864.jpg,notch,rectangle,0.148191,0.021458,0.04084,0.01625,0,False,train
a135864.jpg,notch,rectangle,0.090723,0.021458,0.040257,0.01625,0,False,train
a135864.jpg,notch,rectangle,0.205659,0.021042,0.03909,0.01625,0,False,train
b003331l.jpg,notch,rectangle,0.149882,0.087708,0.041469,0.022083,0,False,train
b003331l.jpg,notch,rectangle,0.070201,0.083958,0.036137,0.01875,0,False,train
b003331l.jpg,notch,rectangle,0.109005,0.086458,0.037915,0.020417,0,False,train
b003337l.jpg,notch,rectangle,0.988958,0.104603,0.01875,0.033473,0,False,train
b003337l.jpg,notch,rectangle,0.98875,0.146742,0.02,0.035266,0,False,test
b003344l.jpg,notch,rectangle,0.985417,0.105326,0.023333,0.035907,0,False,train
b003344l.jpg,notch,rectangle,0.984792,0.147516,0.02625,0.038899,0,False,train
b007554l.jpg,notch,rectangle,0.152608,0.008333,0.046615,0.016667,180,False,train
b007554l.jpg,notch,rectangle,0.111265,0.008333,0.050499,0.016667,180,False,train
b007554l.jpg,notch,rectangle,0.069922,0.0075,0.046615,0.015,180,False,train
b007565l.jpg,notch,rectangle,0.941555,0.992917,0.038591,0.013333,0,False,train
b007565l.jpg,notch,rectangle,0.89877,0.992708,0.03915,0.01375,0,False,train
b007565l.jpg,notch,rectangle,0.940996,0.988333,0.044183,0.023333,0,False,train
b007565l.jpg,notch,rectangle,0.854306,0.992083,0.044183,0.015,0,False,test
b007565l.jpg,notch,rectangle,0.899049,0.988542,0.045302,0.022917,0,False,train
b007565l.jpg,notch,rectangle,0.853468,0.988333,0.053691,0.023333,0,False,test
b007567l.jpg,notch,rectangle,0.992917,0.09655,0.014167,0.036171,0,False,train
b007567l.jpg,notch,rectangle,0.994583,0.078742,0.010833,0.047301,0,False,train
b007567l.jpg,notch,rectangle,0.992917,0.053422,0.014167,0.035615,0,False,train
b007586l.jpg,notch,rectangle,0.990833,0.07111,0.018333,0.036252,0,False,test
b007591l.jpg,notch,rectangle,0.992708,0.135987,0.014583,0.033167,0,False,train
b007592l.jpg,notch,rectangle,0.991875,0.096486,0.01625,0.032348,0,False,test
b007592l.jpg,notch,rectangle,0.9925,0.139989,0.015,0.037925,0,False,test
b007592l.jpg,notch,rectangle,0.99375,0.054936,0.0125,0.027328,0,False,train
b007616l.jpg,notch,rectangle,0.0075,0.857785,0.015,0.037099,0,False,train
b007621l.jpg,notch,rectangle,0.989583,0.140869,0.020833,0.038976,0,False,test
b007621l.jpg,notch,rectangle,0.990417,0.099109,0.019167,0.038976,0,False,train
b009862l.jpg,notch,rectangle,0.98875,0.106504,0.0225,0.042363,270,False,train
b009862l.jpg,notch,rectangle,0.99,0.065036,0.02,0.042959,270,False,train
b009862l.jpg,notch,rectangle,0.98875,0.14827,0.0225,0.042363,270,False,train
b009914l.jpg,notch,rectangle,0.909792,0.119219,0.014583,0.028228,0,False,train
b009914l.jpg,notch,rectangle,0.909792,0.076877,0.014583,0.031231,0,False,test
b009914l.jpg,notch,rectangle,0.908958,0.161862,0.017083,0.033033,0,False,train
b009917l.jpg,notch,rectangle,0.90625,0.115828,0.0175,0.030321,0,False,train
b009917l.jpg,notch,rectangle,0.905417,0.074287,0.018333,0.033354,0,False,train
b009917l.jpg,notch,rectangle,0.906042,0.157671,0.02125,0.03396,0,False,train
b009936l.jpg,notch,rectangle,0.070482,0.0225,0.03012,0.014167,0,False,train
b009936l.jpg,notch,rectangle,0.111145,0.01875,0.029518,0.014167,0,False,train
b009936l.jpg,notch,rectangle,0.071084,0.01875,0.033735,0.014167,0,False,train
b009936l.jpg,notch,rectangle,0.153614,0.01875,0.03253,0.016667,0,False,train
b009941l.jpg,notch,rectangle,0.067429,0.088125,0.033715,0.015417,0,False,test
b009941l.jpg,notch,rectangle,0.109272,0.088333,0.031908,0.015,0,False,train
b009941l.jpg,notch,rectangle,0.152017,0.089583,0.036725,0.016667,0,False,train
b009947l.jpg,notch,rectangle,0.922156,0.985625,0.050299,0.025417,0,False,train
b009947l.jpg,notch,rectangle,0.880539,0.986042,0.048503,0.02625,0,False,train
b009947l.jpg,notch,rectangle,0.838323,0.985208,0.050299,0.027917,0,False,train
b014981l.jpg,notch,rectangle,0.04581,0.008125,0.036872,0.012917,0,False,train
b014981l.jpg,notch,rectangle,0.046369,0.004792,0.044693,0.009583,0,False,test
b014984l.jpg,notch,rectangle,0.042714,0.006458,0.039643,0.012917,0,False,train
b014986l.jpg,notch,rectangle,0.043904,0.006667,0.040828,0.013333,0,False,train
b022723.jpg,notch,rectangle,0.981042,0.124302,0.029583,0.03743,0,False,train
b022723.jpg,notch,rectangle,0.982292,0.080447,0.024583,0.034637,0,False,test
b022740.jpg,notch,rectangle,0.087363,0.022083,0.041758,0.021667,0,False,train
b022740.jpg,notch,rectangle,0.129396,0.023125,0.04011,0.022083,0,False,train
b022832.jpg,notch,rectangle,0.979375,0.121178,0.032917,0.045581,270,False,train
b022832.jpg,notch,rectangle,0.98125,0.079489,0.03,0.044469,270,False,train
b022885.jpg,notch,rectangle,0.980625,0.078845,0.030417,0.046641,270,False,train
b022885.jpg,notch,rectangle,0.980208,0.121599,0.03125,0.04442,270,False,train
b022920.jpg,notch,rectangle,0.125139,0.019375,0.037181,0.017917,0,False,train
b022920.jpg,notch,rectangle,0.081021,0.017917,0.037736,0.018333,0,False,train
b023285.jpg,notch,rectangle,0.080636,0.022083,0.037388,0.019167,0,False,train
b023285.jpg,notch,rectangle,0.124442,0.023333,0.03683,0.02,0,False,train
b023907.jpg,notch,rectangle,0.977292,0.114278,0.02125,0.02991,0,False,test
b032256.jpg,notch,rectangle,0.123398,0.022708,0.041783,0.022083,0,False,test
b032256.jpg,notch,rectangle,0.079944,0.022083,0.037326,0.020833,0,False,train
b032256.jpg,notch,rectangle,0.07883,0.023333,0.051811,0.033333,180,False,train
b032256.jpg,notch,rectangle,0.124513,0.025208,0.048468,0.032917,180,False,test
b032262.jpg,notch,rectangle,0.10585,0.019167,0.043454,0.025,180,False,train
b032262.jpg,notch,rectangle,0.064345,0.0175,0.048468,0.025,180,False,train
b032262.jpg,notch,rectangle,0.146518,0.018333,0.046797,0.024167,180,False,train
b032292.jpg,notch,rectangle,0.119734,0.025,0.034368,0.015833,0,False,train
b032292.jpg,notch,rectangle,0.077051,0.025,0.035477,0.016667,0,False,test
b032296.jpg,notch,rectangle,0.072185,0.022708,0.04961,0.025417,180,False,train
b032296.jpg,notch,rectangle,0.113991,0.022917,0.051839,0.025833,180,False,train
b038467.jpg,notch,rectangle,0.02125,0.922042,0.0275,0.048233,90,False,train
b038467.jpg,notch,rectangle,0.019375,0.880258,0.030417,0.045429,90,False,test
b038493.jpg,notch,rectangle,0.976458,0.13126,0.03125,0.043478,270,False,train
b038493.jpg,notch,rectangle,0.976875,0.09191,0.030417,0.04623,270,False,test
b048282.jpg,notch,rectangle,0.922191,0.969375,0.036517,0.017083,0,False,train
b048282.jpg,notch,rectangle,0.878371,0.969167,0.038764,0.019167,0,False,train
b049452.jpg,notch,rectangle,0.919382,0.973333,0.030899,0.0175,0,False,train
b049452.jpg,notch,rectangle,0.835955,0.973333,0.039326,0.020833,0,False,train
b049452.jpg,notch,rectangle,0.879213,0.973958,0.032584,0.017917,0,False,test
b051451.jpg,notch,rectangle,0.896542,0.989375,0.038483,0.019583,0,False,train
b051451.jpg,notch,rectangle,0.940323,0.989583,0.035694,0.016667,0,False,test
b051490.jpg,notch,rectangle,0.887312,0.986875,0.043962,0.02625,0,False,train
b051490.jpg,notch,rectangle,0.927101,0.990417,0.045632,0.019167,0,False,train
b052180.jpg,notch,rectangle,0.105248,0.021458,0.05081,0.03125,180,False,train
b052180.jpg,notch,rectangle,0.062256,0.019167,0.04746,0.03,180,False,train
b053362.jpg,notch,rectangle,0.878386,0.987292,0.03759,0.019583,0,False,train
b053362.jpg,notch,rectangle,0.922886,0.988125,0.037037,0.01875,0,False,train
b054963.jpg,notch,rectangle,0.985,0.067839,0.029167,0.039643,270,False,train
b054963.jpg,notch,rectangle,0.985,0.109715,0.029167,0.038526,270,False,train
b054964.jpg,notch,rectangle,0.124232,0.014583,0.04746,0.023333,180,False,train
b054964.jpg,notch,rectangle,0.082077,0.014167,0.045784,0.023333,180,False,train
b064580.jpg,notch,rectangle,0.027083,0.879687,0.019167,0.033576,0,False,train
b065270.jpg,notch,rectangle,0.083708,0.023125,0.048315,0.02625,180,False,train
b065270.jpg,notch,rectangle,0.123315,0.0225,0.045506,0.025,180,False,train
b065512.jpg,notch,rectangle,0.022917,0.923077,0.0225,0.04155,90,False,train
b065512.jpg,notch,rectangle,0.022708,0.883492,0.022917,0.043234,90,False,train
b066864.jpg,notch,rectangle,0.897931,0.974583,0.035235,0.018333,0,False,test
b066864.jpg,notch,rectangle,0.940157,0.975,0.034676,0.0175,0,False,train
b066864.jpg,notch,rectangle,0.852349,0.982917,0.043624,0.02,0,False,train
b066864.jpg,notch,rectangle,0.854027,0.973125,0.040268,0.022917,0,False,train
b066962.jpg,notch,rectangle,0.083196,0.021667,0.032841,0.015833,0,False,train
b066962.jpg,notch,rectangle,0.123426,0.022708,0.033388,0.015417,0,False,train
b066962.jpg,notch,rectangle,0.163109,0.022292,0.032841,0.015417,0,False,train
b068737.jpg,notch,rectangle,0.111266,0.017083,0.034021,0.016667,0,False,train
b068737.jpg,notch,rectangle,0.153374,0.0175,0.034579,0.015833,0,False,train
b069798.jpg,notch,rectangle,0.01375,0.909726,0.025833,0.045277,90,False,train
b069800.jpg,notch,rectangle,0.014583,0.908939,0.029167,0.042458,90,False,train
b074004.jpg,notch,rectangle,0.063717,0.009583,0.036171,0.018333,0,False,train
b074004.jpg,notch,rectangle,0.064552,0.011875,0.048971,0.02375,180,False,test
b074066.jpg,notch,rectangle,0.921444,0.975417,0.044653,0.023333,0,False,train
b074066.jpg,notch,rectangle,0.879824,0.975,0.045204,0.025833,0,False,train
b074066.jpg,notch,rectangle,0.839581,0.974792,0.044101,0.027083,0,False,train
b074260.jpg,notch,rectangle,0.129014,0.018333,0.033223,0.0175,0,False,train
b074260.jpg,notch,rectangle,0.089424,0.018125,0.026024,0.015417,0,False,train
b074268.jpg,notch,rectangle,0.133919,0.021042,0.047201,0.02875,180,False,train
b074268.jpg,notch,rectangle,0.090011,0.02,0.045005,0.0275,180,False,train
b074279.jpg,notch,rectangle,0.095,0.017708,0.034444,0.01875,0,False,train
b074279.jpg,notch,rectangle,0.136944,0.018333,0.038333,0.02,0,False,train
b074915.jpg,notch,rectangle,0.923441,0.991042,0.035078,0.017083,0,False,train
b074915.jpg,notch,rectangle,0.878619,0.990208,0.040089,0.01875,0,False,train
b074925.jpg,notch,rectangle,0.883185,0.989167,0.039401,0.021667,0,False,train
b074925.jpg,notch,rectangle,0.930355,0.9925,0.04273,0.014167,0,False,train
b074925.jpg,notch,rectangle,0.931188,0.987917,0.036626,0.021667,0,False,train
b074936.jpg,notch,rectangle,0.010833,0.937325,0.020833,0.039172,0,False,train
b074936.jpg,notch,rectangle,0.011875,0.892837,0.02375,0.039731,0,False,train
b074949.jpg,notch,rectangle,0.089722,0.01375,0.046111,0.025833,180,False,train
b074949.jpg,notch,rectangle,0.045278,0.013333,0.042778,0.026667,180,False,train
b074949.jpg,notch,rectangle,0.133333,0.013958,0.048889,0.027083,180,False,train
b082656.jpg,notch,rectangle,0.083794,0.015625,0.038164,0.019583,0,False,train
b082656.jpg,notch,rectangle,0.127212,0.01625,0.036504,0.018333,0,False,train
b082685.jpg,notch,rectangle,0.876595,0.985208,0.034942,0.017083,0,False,train
b087068.jpg,notch,rectangle,0.053864,0.014375,0.031616,0.014583,0,False,test
b087068.jpg,notch,rectangle,0.096604,0.015208,0.031616,0.015417,0,False,train
b087097.jpg,notch,rectangle,0.889279,0.982917,0.043351,0.0225,0,False,test
b087660.jpg,notch,rectangle,0.127494,0.030625,0.035477,0.017917,0,False,train
b087660.jpg,notch,rectangle,0.085089,0.030417,0.036031,0.016667,0,False,train
b087661.jpg,notch,rectangle,0.980625,0.080769,0.02375,0.034066,270,False,test
b087661.jpg,notch,rectangle,0.980833,0.122253,0.025833,0.034615,270,False,train
b088627.jpg,notch,rectangle,0.123273,0.015208,0.048646,0.024583,180,False,train
b088627.jpg,notch,rectangle,0.080708,0.014375,0.043118,0.027083,180,False,train
b088631.jpg,notch,rectangle,0.12402,0.016875,0.044233,0.025417,180,False,test
b088631.jpg,notch,rectangle,0.079787,0.014583,0.040873,0.023333,180,False,train
b088633.jpg,notch,rectangle,0.080302,0.01375,0.036374,0.02,0,False,train
b088633.jpg,notch,rectangle,0.122832,0.014167,0.035255,0.018333,0,False,test
b088643.jpg,notch,rectangle,0.076093,0.01375,0.038185,0.0175,0,False,train
b089114.jpg,notch,rectangle,0.875973,0.982708,0.046719,0.027083,0,False,train
b089114.jpg,notch,rectangle,0.919355,0.9825,0.043382,0.026667,0,False,train
b089127.jpg,notch,rectangle,0.075487,0.01375,0.036212,0.0175,180,False,train
b089127.jpg,notch,rectangle,0.118384,0.015625,0.036212,0.019583,180,False,train
b092803.jpg,notch,rectangle,0.078047,0.014583,0.03144,0.018333,180,False,test
b092803.jpg,notch,rectangle,0.121346,0.015833,0.030888,0.016667,180,False,train
b093869.jpg,notch,rectangle,0.928013,0.988958,0.046875,0.022083,0,False,test
b093869.jpg,notch,rectangle,0.884766,0.989583,0.047433,0.020833,0,False,train
b093887.jpg,notch,rectangle,0.987708,0.111978,0.024583,0.043454,270,False,train
b093887.jpg,notch,rectangle,0.988333,0.069359,0.023333,0.041783,270,False,train
b093891.jpg,notch,rectangle,0.991875,0.072808,0.015417,0.030888,270,False,test
b093891.jpg,notch,rectangle,0.990625,0.115554,0.015417,0.029233,270,False,train
b094652.jpg,notch,rectangle,0.09878,0.015,0.040674,0.021667,180,False,train
b096213.jpg,notch,rectangle,0.875894,0.983333,0.036874,0.021667,0,False,train
b096213.jpg,notch,rectangle,0.918272,0.987083,0.035773,0.018333,0,False,train
b096232.jpg,notch,rectangle,0.914835,0.984375,0.034066,0.017083,0,False,train
b096232.jpg,notch,rectangle,0.871429,0.98375,0.03956,0.020833,0,False,test
b096234.jpg,notch,rectangle,0.022083,0.876727,0.026667,0.030956,90,False,train
b096234.jpg,notch,rectangle,0.02125,0.918187,0.023333,0.02764,90,False,test
b096901.jpg,notch,rectangle,0.0125,0.924502,0.020833,0.037058,90,False,train
b096901.jpg,notch,rectangle,0.012917,0.884126,0.021667,0.035951,90,False,train
b096909.jpg,notch,rectangle,0.880793,0.986042,0.045226,0.027917,0,False,train
b096909.jpg,notch,rectangle,0.92239,0.986667,0.043551,0.026667,0,False,train
b099453.jpg,notch,rectangle,0.97875,0.082713,0.014167,0.028048,270,False,train
b099453.jpg,notch,rectangle,0.978542,0.123641,0.015417,0.02862,270,False,train
b099462.jpg,notch,rectangle,0.116187,0.022083,0.036097,0.018333,180,False,test
b099462.jpg,notch,rectangle,0.071912,0.022083,0.032149,0.018333,180,False,train
b099462.jpg,notch,rectangle,0.116469,0.030208,0.032149,0.01625,180,False,train
b099474.jpg,notch,rectangle,0.980833,0.070352,0.020833,0.032384,270,False,train
b099474.jpg,notch,rectangle,0.98125,0.111949,0.0225,0.034059,270,False,test
b099475.jpg,notch,rectangle,0.114694,0.017708,0.034212,0.01875,180,False,test
b099475.jpg,notch,rectangle,0.071228,0.0175,0.033651,0.018333,180,False,train
b099479.jpg,notch,rectangle,0.08366,0.018958,0.030778,0.01625,180,False,train
b099479.jpg,notch,rectangle,0.126749,0.023125,0.031897,0.017083,180,False,train
b099483.jpg,notch,rectangle,0.127517,0.018125,0.030201,0.015417,180,False,train
b099483.jpg,notch,rectangle,0.085291,0.018125,0.031879,0.01625,180,False,test
b099484.jpg,notch,rectangle,0.980625,0.136617,0.01875,0.03172,270,False,train
b099484.jpg,notch,rectangle,0.981042,0.093767,0.01875,0.030607,270,False,test
b099752.jpg,notch,rectangle,0.060606,0.007292,0.04231,0.014583,180,False,test
b099757.jpg,notch,rectangle,0.055843,0.00875,0.040299,0.0175,180,False,train
b099759.jpg,notch,rectangle,0.103018,0.007292,0.037725,0.014583,180,False,test
b099759.jpg,notch,rectangle,0.058328,0.005833,0.033082,0.011667,180,False,train
b107029.jpg,notch,rectangle,0.109978,0.024583,0.049063,0.029167,180,False,train
b107029.jpg,notch,rectangle,0.070838,0.023333,0.04796,0.026667,180,False,train
b107029.jpg,notch,rectangle,0.148842,0.024583,0.039691,0.0275,180,False,train
b107050.jpg,notch,rectangle,0.123232,0.012708,0.040805,0.019583,180,False,train
b107050.jpg,notch,rectangle,0.164037,0.014375,0.038629,0.020417,180,False,train
b107050.jpg,notch,rectangle,0.082427,0.012083,0.034276,0.0175,180,False,train
b107050.jpg,notch,rectangle,0.162677,0.0225,0.031556,0.018333,180,False,train
b152754.jpg,notch,rectangle,0.126034,0.03,0.033646,0.018333,180,False,test
b152754.jpg,notch,rectangle,0.168229,0.029583,0.037507,0.019167,180,False,train
b152754.jpg,notch,rectangle,0.087148,0.030833,0.036404,0.020833,180,False,test
b152773.jpg,notch,rectangle,0.826934,0.971875,0.035615,0.02125,0,False,train
b152773.jpg,notch,rectangle,0.869226,0.972083,0.03005,0.02,0,False,train
b152773.jpg,notch,rectangle,0.908737,0.97125,0.031163,0.018333,0,False,train
b152774.jpg,notch,rectangle,0.094059,0.023333,0.029703,0.018333,180,False,train
b152774.jpg,notch,rectangle,0.174642,0.023958,0.032453,0.01875,180,False,train
b222948.jpg,notch,rectangle,0.02125,0.878042,0.025833,0.03927,90,False,train
b222966.jpg,notch,rectangle,0.979792,0.142818,0.030417,0.041277,270,False,train
a017564.jpg,notch,triangle,0.096273,0.025,0.044608,0.0225,180,False,test
a046328.jpg,notch,triangle,0.13613,0.02625,0.045091,0.031667,180,False,train
a046328.jpg,notch,triangle,0.089897,0.02625,0.048516,0.0325,180,False,train
a046328.jpg,notch,triangle,0.169521,0.025625,0.044521,0.03125,180,False,train
a046344.jpg,notch,triangle,0.906304,0.97,0.053295,0.034167,0,False,train
a074263.jpg,notch,triangle,0.850229,0.053125,0.030355,0.015417,180,False,train
a108576.jpg,notch,triangle,0.898741,0.971875,0.056064,0.032917,0,False,train
a108576.jpg,notch,triangle,0.638158,0.97375,0.055492,0.0325,0,False,train
a108579.jpg,notch,triangle,0.0275,0.913882,0.0325,0.046659,90,False,train
a108579.jpg,notch,triangle,0.026875,0.820276,0.030417,0.050691,90,False,train
a108580.jpg,notch,triangle,0.016875,0.689684,0.017083,0.027621,90,False,train
a108580.jpg,notch,triangle,0.0225,0.912627,0.020833,0.033822,90,False,train
b014981l.jpg,notch,triangle,0.15419,0.004167,0.02905,0.008333,180,False,train
b014981l.jpg,notch,triangle,0.120391,0.004583,0.026257,0.009167,180,False,train
b014981l.jpg,notch,triangle,0.085754,0.00375,0.024022,0.0075,180,False,train
b014984l.jpg,notch,triangle,0.079006,0.004375,0.026242,0.00875,180,False,train
b014984l.jpg,notch,triangle,0.115578,0.005,0.025684,0.01,180,False,test
b014984l.jpg,notch,triangle,0.152708,0.005417,0.026242,0.010833,180,False,train
b014986l.jpg,notch,triangle,0.118289,0.006042,0.026286,0.012083,180,False,train
b014986l.jpg,notch,triangle,0.082774,0.006458,0.02349,0.012917,180,False,train
b014986l.jpg,notch,triangle,0.153523,0.006458,0.027405,0.012917,180,False,train
b022567.jpg,notch,triangle,0.975833,0.057232,0.02,0.029043,270,False,train
b022591.jpg,notch,triangle,0.455833,0.985939,0.0175,0.020247,0,False,train
b022632.jpg,notch,triangle,0.118041,0.026458,0.035867,0.029583,180,False,train
b022632.jpg,notch,triangle,0.150696,0.025417,0.036938,0.0275,180,False,test
b022632.jpg,notch,triangle,0.183619,0.024792,0.037473,0.02625,180,False,train
b022632.jpg,notch,triangle,0.085118,0.027708,0.043897,0.03625,180,False,train
b022676.jpg,notch,triangle,0.897914,0.976875,0.025247,0.020417,0,False,train
b022676.jpg,notch,triangle,0.863337,0.976667,0.024149,0.02,0,False,test
b022676.jpg,notch,triangle,0.828211,0.976458,0.027442,0.02125,0,False,train
b022696.jpg,notch,triangle,0.017708,0.929562,0.015417,0.031059,90,False,train
b022696.jpg,notch,triangle,0.020625,0.86051,0.022917,0.031614,90,False,train
b022696.jpg,notch,triangle,0.022708,0.825291,0.024583,0.036606,90,False,train
b022696.jpg,notch,triangle,0.019583,0.893511,0.0175,0.02995,90,False,train
b022836.jpg,notch,triangle,0.971875,0.063518,0.01625,0.029316,270,False,test
b022859.jpg,notch,triangle,0.847314,0.962917,0.026864,0.02,0,False,train
b022859.jpg,notch,triangle,0.914748,0.961875,0.025768,0.01625,0,False,train
b022859.jpg,notch,triangle,0.881305,0.962083,0.025768,0.0175,0,False,test
b022859.jpg,notch,triangle,0.813322,0.962083,0.029057,0.0225,0,False,train
b022878.jpg,notch,triangle,0.09608,0.031042,0.026505,0.01875,180,False,train
b022878.jpg,notch,triangle,0.130591,0.032292,0.027057,0.019583,180,False,train
b022886.jpg,notch,triangle,0.977917,0.132922,0.020833,0.037016,270,False,train
b022921.jpg,notch,triangle,0.888342,0.966458,0.039409,0.02875,0,False,train
b022921.jpg,notch,triangle,0.855501,0.965833,0.038314,0.0275,0,False,train
b022921.jpg,notch,triangle,0.922551,0.967292,0.038862,0.027917,0,False,train
b022921.jpg,notch,triangle,0.819923,0.965,0.043788,0.030833,0,False,test
b022953.jpg,notch,triangle,0.97875,0.098438,0.015833,0.029559,270,False,train
b022953.jpg,notch,triangle,0.9775,0.134133,0.0175,0.029559,270,False,train
b022953.jpg,notch,triangle,0.976042,0.171221,0.014583,0.027886,270,False,train
b023013.jpg,notch,triangle,0.859736,0.975833,0.028603,0.016667,0,False,train
b023013.jpg,notch,triangle,0.824257,0.974792,0.031353,0.01875,0,False,train
b023029.jpg,notch,triangle,0.922512,0.968333,0.03317,0.021667,0,False,train
b023029.jpg,notch,triangle,0.889614,0.967917,0.027189,0.015,0,False,test
b023033.jpg,notch,triangle,0.933204,0.97875,0.029379,0.025833,0,False,train
b023033.jpg,notch,triangle,0.828991,0.978125,0.030488,0.025417,0,False,test
b023033.jpg,notch,triangle,0.863914,0.97875,0.031596,0.026667,0,False,train
b023033.jpg,notch,triangle,0.898559,0.97875,0.028825,0.023333,0,False,test
b023054.jpg,notch,triangle,0.937014,0.976667,0.026082,0.018333,0,False,train
b023054.jpg,notch,triangle,0.831576,0.976042,0.031632,0.022917,0,False,train
b023054.jpg,notch,triangle,0.830744,0.97375,0.044395,0.030833,0,False,train
b023054.jpg,notch,triangle,0.868757,0.977292,0.028302,0.020417,0,False,train
b023054.jpg,notch,triangle,0.870144,0.973958,0.034406,0.027083,0,False,train
b023058.jpg,notch,triangle,0.983958,0.05635,0.02625,0.033535,270,False,test
b023058.jpg,notch,triangle,0.9825,0.127268,0.020833,0.026938,270,False,train
b023058.jpg,notch,triangle,0.981458,0.162727,0.027083,0.030786,270,False,train
b023063.jpg,notch,triangle,0.025417,0.87237,0.015,0.02381,90,False,train
b023063.jpg,notch,triangle,0.02625,0.939922,0.0175,0.028239,90,False,train
b023063.jpg,notch,triangle,0.024167,0.837763,0.016667,0.031008,90,False,train
b023063.jpg,notch,triangle,0.025625,0.905039,0.01375,0.026024,90,False,train
b023205.jpg,notch,triangle,0.14026,0.970625,0.023332,0.017917,0,False,train
b023205.jpg,notch,triangle,0.173359,0.971042,0.023332,0.01875,0,False,train
b023205.jpg,notch,triangle,0.107162,0.970625,0.024417,0.01625,0,False,train
b023205.jpg,notch,triangle,0.074607,0.970208,0.021161,0.015417,0,False,train
b023316.jpg,notch,triangle,0.099891,0.021042,0.039739,0.02625,180,False,train
b023316.jpg,notch,triangle,0.133642,0.021458,0.040827,0.02625,180,False,test
b023316.jpg,notch,triangle,0.065868,0.019792,0.041372,0.02625,180,False,train
b023316.jpg,notch,triangle,0.166576,0.020417,0.033751,0.024167,180,False,train
b023320.jpg,notch,triangle,0.978125,0.062221,0.017083,0.031808,270,False,train
b023320.jpg,notch,triangle,0.977917,0.098214,0.0175,0.027902,270,False,train
b023320.jpg,notch,triangle,0.977708,0.131417,0.017917,0.030692,270,False,train
b023320.jpg,notch,triangle,0.97625,0.169364,0.020833,0.032924,270,False,train
b023321.jpg,notch,triangle,0.156301,0.02625,0.025641,0.015833,180,False,train
b023321.jpg,notch,triangle,0.191762,0.027292,0.032188,0.01875,180,False,train
b023321.jpg,notch,triangle,0.123841,0.02625,0.026187,0.015833,180,False,train
b023321.jpg,notch,triangle,0.085379,0.026042,0.035461,0.017917,180,False,train
b023324.jpg,notch,triangle,0.084054,0.027917,0.032973,0.025,180,False,train
b023324.jpg,notch,triangle,0.186757,0.02875,0.035135,0.023333,180,False,train
b023324.jpg,notch,triangle,0.151351,0.027708,0.027027,0.02125,180,False,test
b023324.jpg,notch,triangle,0.118649,0.026875,0.026486,0.022083,180,False,train
b023329.jpg,notch,triangle,0.983125,0.090708,0.01625,0.026549,270,False,test
b023329.jpg,notch,triangle,0.9825,0.056692,0.0125,0.025996,270,False,test
b023329.jpg,notch,triangle,0.9825,0.159845,0.020833,0.030973,270,False,train
b023329.jpg,notch,triangle,0.982917,0.125,0.021667,0.029867,270,False,train
b049478.jpg,notch,triangle,0.984792,0.066777,0.02375,0.03532,270,False,train
b049488.jpg,notch,triangle,0.984375,0.064758,0.022083,0.040578,270,False,train
b061053.jpg,notch,triangle,0.987708,0.04941,0.010417,0.022459,270,False,train
b061059.jpg,notch,triangle,0.012917,0.885,0.025833,0.037778,90,False,train
b061059.jpg,notch,triangle,0.013542,0.942778,0.022083,0.035556,90,False,train
b061059.jpg,notch,triangle,0.013125,0.919444,0.02625,0.04,90,False,train
b061074.jpg,notch,triangle,0.015208,0.945713,0.014583,0.025056,90,False,train
b061074.jpg,notch,triangle,0.016042,0.920935,0.01375,0.020045,90,False,test
b061074.jpg,notch,triangle,0.016458,0.889477,0.01875,0.027283,90,False,train
b061085.jpg,notch,triangle,0.982917,0.138286,0.015833,0.029494,270,False,train
b061085.jpg,notch,triangle,0.985208,0.051753,0.019583,0.04118,270,False,train
b061086.jpg,notch,triangle,0.012292,0.88759,0.024583,0.040067,90,False,train
b061086.jpg,notch,triangle,0.011458,0.945743,0.022917,0.037284,90,False,train
b061086.jpg,notch,triangle,0.012083,0.920979,0.024167,0.035615,90,False,train
b063449.jpg,notch,triangle,0.017917,0.92622,0.025,0.028377,90,False,test
b063449.jpg,notch,triangle,0.017708,0.891033,0.024583,0.030647,90,False,train
b063460.jpg,notch,triangle,0.068612,0.024167,0.02269,0.015,180,False,test
b065338.jpg,notch,triangle,0.150111,0.020208,0.026082,0.017083,180,False,train
b065338.jpg,notch,triangle,0.219201,0.021042,0.029967,0.017083,180,False,train
b065338.jpg,notch,triangle,0.113762,0.020417,0.031077,0.0175,180,False,train
b065338.jpg,notch,triangle,0.183962,0.020625,0.026082,0.01625,180,False,train
b065852.jpg,notch,triangle,0.945194,0.980208,0.038786,0.024583,0,False,test
b065852.jpg,notch,triangle,0.92018,0.98,0.044969,0.028333,0,False,train
b065857.jpg,notch,triangle,0.983958,0.281042,0.017917,0.031042,270,False,test
b065857.jpg,notch,triangle,0.982292,0.066242,0.01875,0.036031,270,False,train
b065994.jpg,notch,triangle,0.984167,0.068792,0.03,0.038031,270,False,train
b065995.jpg,notch,triangle,0.018542,0.92905,0.02125,0.030168,90,False,train
b066130.jpg,notch,triangle,0.01375,0.880471,0.026667,0.038159,90,False,train
b066130.jpg,notch,triangle,0.013333,0.93743,0.0225,0.036476,90,False,train
b066130.jpg,notch,triangle,0.014167,0.913861,0.026667,0.037598,90,False,train
b066424.jpg,notch,triangle,0.125069,0.014583,0.046693,0.029167,180,False,train
b066424.jpg,notch,triangle,0.053919,0.013333,0.047804,0.026667,180,False,train
b066424.jpg,notch,triangle,0.090884,0.015,0.042802,0.029167,180,False,train
b066557.jpg,notch,triangle,0.091036,0.007083,0.028396,0.013333,180,False,train
b066557.jpg,notch,triangle,0.117205,0.006458,0.025056,0.012083,180,False,test
b066557.jpg,notch,triangle,0.153118,0.00625,0.032294,0.0125,180,False,train
b066654.jpg,notch,triangle,0.051534,0.021458,0.034742,0.017083,180,False,test
b066698.jpg,notch,triangle,0.015833,0.912207,0.025,0.034002,90,False,train
b066698.jpg,notch,triangle,0.015417,0.880713,0.025833,0.037904,90,False,train
b066855.jpg,notch,triangle,0.981458,0.060547,0.01375,0.030692,270,False,train
b066876.jpg,notch,triangle,0.903075,0.98125,0.020319,0.019167,0,False,train
b066876.jpg,notch,triangle,0.866831,0.980417,0.031301,0.0225,0,False,test
b066876.jpg,notch,triangle,0.924767,0.981458,0.026359,0.022083,0,False,train
b066988.jpg,notch,triangle,0.057606,0.023125,0.033557,0.02125,180,False,test
b067059.jpg,notch,triangle,0.015,0.943798,0.016667,0.020487,90,False,train
b067059.jpg,notch,triangle,0.01625,0.920819,0.02,0.026578,90,False,train
b067059.jpg,notch,triangle,0.015833,0.883721,0.0225,0.033223,90,False,train
b069781.jpg,notch,triangle,0.04273,0.014375,0.029967,0.017083,180,False,train
b069798.jpg,notch,triangle,0.012708,0.884013,0.025417,0.035215,90,False,train
b069798.jpg,notch,triangle,0.012708,0.849916,0.025417,0.037451,90,False,test
b069800.jpg,notch,triangle,0.015625,0.85,0.03125,0.038547,90,False,train
b069800.jpg,notch,triangle,0.013542,0.883799,0.027083,0.031285,90,False,train
b074074.jpg,notch,triangle,0.983333,0.048497,0.02,0.0346,270,False,train
b074113.jpg,notch,triangle,0.909827,0.971875,0.021776,0.01875,0,False,train
b074113.jpg,notch,triangle,0.934394,0.972917,0.021776,0.018333,0,False,train
b074113.jpg,notch,triangle,0.874372,0.97125,0.032384,0.024167,0,False,test
b074130.jpg,notch,triangle,0.077116,0.017083,0.037305,0.025833,180,False,train
b074149.jpg,notch,triangle,0.933001,0.973333,0.042082,0.031667,0,False,train
b074149.jpg,notch,triangle,0.878184,0.97375,0.039867,0.029167,0,False,test
b074149.jpg,notch,triangle,0.900055,0.973958,0.034884,0.027083,0,False,train
b074279.jpg,notch,triangle,0.019167,0.614792,0.019444,0.020417,90,False,test
b105104.jpg,notch,triangle,0.910299,0.9775,0.025471,0.020833,0,False,train
b105104.jpg,notch,triangle,0.933832,0.9775,0.026024,0.020833,0,False,train
b105104.jpg,notch,triangle,0.875969,0.977708,0.028793,0.020417,0,False,train
b105137.jpg,notch,triangle,0.927479,0.976875,0.038502,0.02875,0,False,train
b105137.jpg,notch,triangle,0.862342,0.976875,0.03903,0.03125,0,False,train
b105137.jpg,notch,triangle,0.894251,0.97625,0.036392,0.028333,0,False,train
b105137.jpg,notch,triangle,0.829114,0.976875,0.040084,0.032917,0,False,train
b105175.jpg,notch,triangle,0.872247,0.963958,0.042952,0.03125,0,False,train
b105175.jpg,notch,triangle,0.930341,0.965625,0.034692,0.024583,0,False,train
b105175.jpg,notch,triangle,0.906112,0.963958,0.035793,0.027917,0,False,test
b105231.jpg,notch,triangle,0.027708,0.929082,0.01375,0.019791,90,False,test
b105231.jpg,notch,triangle,0.027708,0.906542,0.015417,0.020891,90,False,train
b105231.jpg,notch,triangle,0.027292,0.874107,0.017083,0.025289,90,False,train
b105273.jpg,notch,triangle,0.035,0.954885,0.015,0.028161,90,False,test
b105279.jpg,notch,triangle,0.06556,0.032917,0.035453,0.02,180,False,train
b105300.jpg,notch,triangle,0.056983,0.030417,0.03352,0.025833,180,False,train
b105719.jpg,notch,triangle,0.923286,0.975833,0.02938,0.025,0,False,train
c003029.jpg,notch,triangle,0.95941,0.982083,0.024249,0.015,0,False,train
c003182.jpg,notch,triangle,0.99,0.043724,0.014167,0.026749,270,False,train
c003182.jpg,notch,triangle,0.98875,0.172582,0.020833,0.034465,270,False,train
c003227.jpg,notch,triangle,0.982917,0.051528,0.015,0.023304,270,False,train
c003241.jpg,notch,triangle,0.018125,0.958986,0.01875,0.030825,90,False,train
c003593.jpg,notch,triangle,0.936986,0.977292,0.034465,0.02375,0,False,test
c003673.jpg,notch,triangle,0.469167,0.906802,0.0325,0.036864,0,False,train
c003688.jpg,notch,triangle,0.985208,0.130491,0.009583,0.019121,270,False,test
c003726.jpg,notch,triangle,0.942909,0.980625,0.023462,0.019583,0,False,test
c003726.jpg,notch,triangle,0.918926,0.978958,0.027633,0.022083,0,False,train
c003780.jpg,notch,triangle,0.936986,0.986042,0.03035,0.019583,0,False,test
c003780.jpg,notch,triangle,0.875772,0.98625,0.032407,0.019167,0,False,test
c003874.jpg,notch,triangle,0.045644,0.019167,0.021388,0.015833,180,False,train
c003874.jpg,notch,triangle,0.086854,0.019375,0.019301,0.015417,180,False,train
c003874.jpg,notch,triangle,0.066771,0.019375,0.016693,0.014583,180,False,test
a071842.jpg,notch,sloped_right,0.105248,0.024792,0.070165,0.032083,180,False,train
a072961.jpg,notch,sloped_right,0.979167,0.111748,0.0275,0.049284,270,False,train
a072982.jpg,notch,sloped_right,0.978542,0.112968,0.030417,0.05072,270,False,train
a072993.jpg,notch,sloped_right,0.105753,0.028333,0.056966,0.026667,180,False,train
a073144.jpg,notch,sloped_right,0.024583,0.883276,0.039167,0.071347,90,False,test
a073150.jpg,notch,sloped_right,0.882302,0.96875,0.048005,0.021667,0,False,test
a073156.jpg,notch,sloped_right,0.882849,0.968125,0.061047,0.025417,0,False,train
a073158.jpg,notch,sloped_right,0.020417,0.880069,0.035833,0.059395,90,False,test
a073228.jpg,notch,sloped_right,0.026042,0.885189,0.03875,0.074627,90,False,train
a073230.jpg,notch,sloped_right,0.875706,0.9675,0.071186,0.040833,0,False,test
a073250.jpg,notch,sloped_right,0.0225,0.88812,0.034167,0.058824,90,False,test
a073269.jpg,notch,sloped_right,0.883613,0.969375,0.056746,0.030417,0,False,train
a073300.jpg,notch,sloped_right,0.026667,0.89049,0.04,0.064553,90,False,train
a073333.jpg,notch,sloped_right,0.883411,0.971667,0.062645,0.034167,0,False,train
a073350.jpg,notch,sloped_right,0.97625,0.1149,0.0475,0.073926,270,False,train
a073420.jpg,notch,sloped_right,0.024167,0.892339,0.03,0.062101,90,False,train
a073435.jpg,notch,sloped_right,0.03125,0.90211,0.040833,0.07034,90,False,train
a073438.jpg,notch,sloped_right,0.884132,0.9675,0.062785,0.0375,0,False,train
a073488.jpg,notch,sloped_right,0.025208,0.88745,0.03125,0.06966,90,False,train
a073498.jpg,notch,sloped_right,0.870913,0.973333,0.066516,0.038333,0,False,test
a073532.jpg,notch,sloped_right,0.881129,0.975,0.065564,0.035,0,False,train
a073532.jpg,notch,sloped_right,0.882269,0.975208,0.078107,0.04375,0,False,train
a073544.jpg,notch,sloped_right,0.88683,0.976875,0.059863,0.032917,0,False,test
a073688.jpg,notch,sloped_right,0.111979,0.026667,0.054977,0.029167,180,False,train
a073690.jpg,notch,sloped_right,0.114269,0.026875,0.051044,0.022083,180,False,train
a073951.jpg,notch,sloped_right,0.883754,0.969583,0.060276,0.0275,0,False,train
a073960.jpg,notch,sloped_right,0.107287,0.021667,0.061885,0.025833,180,False,test
a074101.jpg,notch,sloped_right,0.111425,0.024583,0.05543,0.026667,180,False,train
a074109.jpg,notch,sloped_right,0.975417,0.114414,0.034167,0.061694,270,False,train
a074263.jpg,notch,sloped_right,0.880298,0.973542,0.056128,0.027917,0,False,train
a074285.jpg,notch,sloped_right,0.883266,0.967708,0.055204,0.03125,0,False,train
a074293.jpg,notch,sloped_right,0.028958,0.87956,0.042083,0.055588,90,False,train
a074305.jpg,notch,sloped_right,0.876669,0.964583,0.065583,0.03,0,False,train
a074318.jpg,notch,sloped_right,0.114849,0.030625,0.058005,0.02875,180,False,train
a074320.jpg,notch,sloped_right,0.888442,0.974167,0.073606,0.036667,0,False,train
a074515.jpg,notch,sloped_right,0.119601,0.023958,0.055371,0.025417,180,False,train
a074645.jpg,notch,sloped_right,0.109597,0.031458,0.062465,0.034583,180,False,train
a074645.jpg,notch,sloped_right,0.110165,0.031458,0.074957,0.037083,180,False,train
a074668.jpg,notch,sloped_right,0.867232,0.971042,0.054237,0.027917,0,False,train
a074721.jpg,notch,sloped_right,0.871817,0.965833,0.056027,0.028333,0,False,train
a074750.jpg,notch,sloped_right,0.883028,0.966875,0.051606,0.029583,0,False,train
a073171.jpg,notch,sloped_left,0.871347,0.975208,0.070487,0.040417,0,False,train
a073199.jpg,notch,sloped_left,0.029792,0.881312,0.034583,0.053976,90,False,train
a073221.jpg,notch,sloped_left,0.870932,0.969583,0.050505,0.028333,0,False,train
a073227.jpg,notch,sloped_left,0.867813,0.968333,0.06257,0.041667,0,False,train
a073239.jpg,notch,sloped_left,0.866685,0.974583,0.051297,0.029167,0,False,test
a073280.jpg,notch,sloped_left,0.024375,0.880485,0.04125,0.057737,90,False,train
a073305.jpg,notch,sloped_left,0.024375,0.88643,0.02875,0.054747,90,False,train
a073923.jpg,notch,sloped_left,0.881964,0.978542,0.061459,0.029583,0,False,test
a074289.jpg,notch,sloped_left,0.878935,0.973542,0.054379,0.027083,0,False,train
a074670.jpg,notch,sloped_left,0.866213,0.96875,0.05102,0.0275,0,False,train
b082685.jpg,notch,sloped_left,0.917637,0.986042,0.033833,0.01875,0,False,train
b087097.jpg,notch,sloped_left,0.934681,0.983125,0.03925,0.02125,0,False,train
a071842.jpg,notch,sloped_left,0.105248,0.024792,0.070165,0.032083,180,True,train
a072961.jpg,notch,sloped_left,0.979167,0.111748,0.0275,0.049284,270,True,train
a072982.jpg,notch,sloped_left,0.978542,0.112968,0.030417,0.05072,270,True,train
a072993.jpg,notch,sloped_left,0.105753,0.028333,0.056966,0.026667,180,True,train
a073156.jpg,notch,sloped_left,0.882849,0.968125,0.061047,0.025417,0,True,train
a073228.jpg,notch,sloped_left,0.026042,0.885189,0.03875,0.074627,90,True,train
a073269.jpg,notch,sloped_left,0.883613,0.969375,0.056746,0.030417,0,True,train
a073300.jpg,notch,sloped_left,0.026667,0.89049,0.04,0.064553,90,True,train
a073333.jpg,notch,sloped_left,0.883411,0.971667,0.062645,0.034167,0,True,train
a073350.jpg,notch,sloped_left,0.97625,0.1149,0.0475,0.073926,270,True,train
a073420.jpg,notch,sloped_left,0.024167,0.892339,0.03,0.062101,90,True,train
a073435.jpg,notch,sloped_left,0.03125,0.90211,0.040833,0.07034,90,True,train
a073438.jpg,notch,sloped_left,0.884132,0.9675,0.062785,0.0375,0,True,train
a073488.jpg,notch,sloped_left,0.025208,0.88745,0.03125,0.06966,90,True,train
a073532.jpg,notch,sloped_left,0.881129,0.975,0.065564,0.035,0,True,train
a073532.jpg,notch,sloped_left,0.882269,0.975208,0.078107,0.04375,0,True,train
a073688.jpg,notch,sloped_left,0.111979,0.026667,0.054977,0.029167,180,True,train
a073690.jpg,notch,sloped_left,0.114269,0.026875,0.051044,0.022083,180,True,train
a073951.jpg,notch,sloped_left,0.883754,0.969583,0.060276,0.0275,0,True,train
a074101.jpg,notch,sloped_left,0.111425,0.024583,0.05543,0.026667,180,True,train
a074109.jpg,notch,sloped_left,0.975417,0.114414,0.034167,0.061694,270,True,train
a074263.jpg,notch,sloped_left,0.880298,0.973542,0.056128,0.027917,0,True,train
a074285.jpg,notch,sloped_left,0.883266,0.967708,0.055204,0.03125,0,True,train
a074293.jpg,notch,sloped_left,0.028958,0.87956,0.042083,0.055588,90,True,train
a074305.jpg,notch,sloped_left,0.876669,0.964583,0.065583,0.03,0,True,train
a074318.jpg,notch,sloped_left,0.114849,0.030625,0.058005,0.02875,180,True,train
a074320.jpg,notch,sloped_left,0.888442,0.974167,0.073606,0.036667,0,True,train
a074515.jpg,notch,sloped_left,0.119601,0.023958,0.055371,0.025417,180,True,train
a074645.jpg,notch,sloped_left,0.109597,0.031458,0.062465,0.034583,180,True,train
a074645.jpg,notch,sloped_left,0.110165,0.031458,0.074957,0.037083,180,True,train
a074668.jpg,notch,sloped_left,0.867232,0.971042,0.054237,0.027917,0,True,train
a074721.jpg,notch,sloped_left,0.871817,0.965833,0.056027,0.028333,0,True,train
a074750.jpg,notch,sloped_left,0.883028,0.966875,0.051606,0.029583,0,True,train
a073171.jpg,notch,sloped_right,0.871347,0.975208,0.070487,0.040417,0,True,train
a073199.jpg,notch,sloped_right,0.029792,0.881312,0.034583,0.053976,90,True,train
a073221.jpg,notch,sloped_right,0.870932,0.969583,0.050505,0.028333,0,True,train
a073227.jpg,notch,sloped_right,0.867813,0.968333,0.06257,0.041667,0,True,train
a073280.jpg,notch,sloped_right,0.024375,0.880485,0.04125,0.057737,90,True,train
a073305.jpg,notch,sloped_right,0.024375,0.88643,0.02875,0.054747,90,True,train
a074289.jpg,notch,sloped_right,0.878935,0.973542,0.054379,0.027083,0,True,train
a074670.jpg,notch,sloped_right,0.866213,0.96875,0.05102,0.0275,0,True,train
b082685.jpg,notch,sloped_right,0.917637,0.986042,0.033833,0.01875,0,True,train
b087097.jpg,notch,sloped_right,0.934681,0.983125,0.03925,0.02125,0,True,train
